id,episode_id,source_frame,role_group,secondary_role_group,name,role_detail,role_group_normalized,role_group_corrected,scene_position,original_frame_number,reviewed_status,is_person,normalized_name,normalized_name_with_nickname,assigned_code,code_assignment_status,imdb_matches,imdb_name,metadata
1,3_Percent_S01E06,scene_000_static_000_num00048_sim0.jpg,Directors,,DAINA GIANNECCHINI,DIRIGIDO DA,Directors,,first_half,48,pending,1,daina giannecchini,,nm3120984,auto_assigned,,Daina Giannecchini,"{""timestamp"": ""2026-10-03T13:59:22.111992+00:00"", ""model"": ""gemma-4-12b-it-qat-q4_0.gguf"", ""api_version"": null}"
2,3_Percent_S01E06,scene_000_static_000_num00048_sim0.jpg,Directors,,DANI LIBARDI,DIRIGIDO DA,Directors,,first_half,48,pending,1,dani libardi,,nm4746526,auto_assigned,,Dani Libardi,"{""timestamp"": ""2026-10-03T13:59:22.111992+00:00"", ""model"": ""gemma-4-12b-it-qat-q4_0.gguf"", ""api_version"": null}"
3,3_Percent_S01E06,scene_000_static_001_num00096_sim43.jpg,Writers,,CÁSSIO KOSHIKUMO,ESCRITO POR,Writers,,first_half,96,pending,1,cassio koshikumo,,nm2943779,auto_assigned,,Cássio Koshikumo,"{""timestamp"": ""2026-10-03T13:59:22.111992+00:00"", ""model"": ""gemma-4-12b-it-qat-q4_0.gguf"", ""api_version"": null}"
4,3_Percent_S01E06,scene_000_static_001_num00096_sim43.jpg,Writers,,DENIS NIELSEN,ESCRITO POR,Writers,,first_half,96,pending,1,denis nielsen,,nm3238584,auto_assigned,,Denis Nielsen,"{""timestamp"": ""2026-10-03T13:59:22.111992+00:00"", ""model"": ""gemma-4-12b-it-qat-q4_0.gguf"", ""api_version"": null}"
5,3_Percent_S01E06,scene_000_static_001_num00096_sim43.jpg,Writers,,IVAN NAKAMUFA,ESCRITO POR,Writers,,first_half,96,pending,1,ivan nakamufa,,nm3120962,auto_assigned,,Ivan Nakamura,"{""timestamp"": ""2026-10-03T13:59:22.111992+00:00"", ""model"": ""gemma-4-12b-it-qat-q4_0.gguf"", ""api_version"": null}"
6,3_Percent_S01E06,scene_000_static_001_num00096_sim43.jpg,Writers,,JOTAGÁ CREMA,ESCRITO POR,Writers,,first_half,96,pending,1,jotaga crema,,nm2944272,auto_assigned,,Jotagá Crema,"{""timestamp"": ""2026-10-03T13:59:22.111992+00:00"", ""model"": ""gemma-4-12b-it-qat-q4_0.gguf"", ""api_version"": null}"
7,3_Percent_S01E06,scene_000_static_002_num00156_sim44.jpg,Editors,,CRISTIAN CHINEN,MONTADO POR,Editors,,first_half,156,pending,1,cristian chinen,,nm2400429,auto_assigned,,Cristian Chinen,"{""timestamp"": ""2026-10-03T13:59:22.111992+00:00"", ""model"": ""gemma-4-12b-it-qat-q4_0.gguf"", ""api_version"": null}"
8,3_Percent_S01E06,scene_000_static_003_num00216_sim15.jpg,Cast,,CÉSAR GOUVÊA,ELENGO,Cast,,first_half,216,pending,1,cesar gouvea,,nm2058783,auto_assigned,,César Gouvêa,"{""timestamp"": ""2026-10-03T13:59:22.111992+00:00"", ""model"": ""gemma-4-12b-it-qat-q4_0.gguf"", ""api_version"": null}"
9,3_Percent_S01E06,scene_000_static_003_num00216_sim15.jpg,Cast,,CLARISSA KISTE,ELENGO,Cast,,first_half,216,pending,1,clarissa kiste,,nm2197702,auto_assigned,,Clarissa Kiste,"{""timestamp"": ""2026-10-03T13:59:22.111992+00:00"", ""model"": ""gemma-4-12b-it-qat-q4_0.gguf"", ""api_version"": null}"
10,3_Percent_S01E06,scene_000_static_003_num00216_sim15.jpg,Cast,,DANI NEFUSSI,ELENGO,Cast,,first_half,216,pending,1,dani nefussi,,nm1062710,auto_assigned,,Dani Nefussi,"{""timestamp"": ""2026-10-03T13:59:22.111992+00:00"", ""model"": ""gemma-4-12b-it-qat-q4_0.gguf"", ""api_version"": null}"
11,3_Percent_S01E06,scene_000_static_003_num00216_sim15.jpg,Cast,,DÁRCIO DE OLIVEIRA,ELENGO,Cast,,first_half,216,pending,1,darcio de oliveira,,nm8626983,auto_assigned,,Dárcio de Oliveira,"{""timestamp"": ""2026-10-03T13:59:22.111992+00:00"", ""model"": ""gemma-4-12b-it-qat-q4_0.gguf"", ""api_version"": null}"
12,3_Percent_S01E06,scene_000_static_003_num00216_sim15.jpg,Cast,,EDIANA SOUZA,ELENGO,Cast,,first_half,216,pending,1,ediana souza,,nm12766460,auto_assigned,,Ediana Souza,"{""timestamp"": ""2026-10-03T13:59:22.111992+00:00"", ""model"": ""gemma-4-12b-it-qat-q4_0.gguf"", ""api_version"": null}"
13,3_Percent_S01E06,scene_000_static_003_num00216_sim15.jpg,Cast,,EDUARDO SILVA,ELENGO,Cast,,first_half,216,pending,1,eduardo silva,,,ambiguous,"[{""nconst"": ""nm0798286"", ""normalized_name"": ""eduardo silva"", ""normalized_name_with_nickname"": null, ""primaryName"": ""Eduardo Silva"", ""primaryProfession"": ""actor,art_department,camera_department"", ""birthYear"": null, ""deathYear"": null}, {""nconst"": ""nm10634644"", ""normalized_name"": ""eduardo silva"", ""normalized_name_with_nickname"": null, ""primaryName"": ""Eduardo Silva"", ""primaryProfession"": ""actor"", ""birthYear"": null, ""deathYear"": null}, {""nconst"": ""nm11482903"", ""normalized_name"": ""eduardo silva"", ""normalized_name_with_nickname"": null, ""primaryName"": ""Eduardo Silva"", ""primaryProfession"": ""actor"", ""birthYear"": null, ""deathYear"": null}, {""nconst"": ""nm12394550"", ""normalized_name"": ""eduardo silva"", ""normalized_name_with_nickname"": null, ""primaryName"": ""Eduardo Silva"", ""primaryProfession"": ""actor,stunts"", ""birthYear"": null, ""deathYear"": null}, {""nconst"": ""nm14172780"", ""normalized_name"": ""eduardo silva"", ""normalized_name_with_nickname"": null, ""primaryName"": ""Eduardo Silva"", ""primaryProfession"": ""actor"", ""birthYear"": null, ""deathYear"": null}, {""nconst"": ""nm16069839"", ""normalized_name"": ""eduardo silva"", ""normalized_name_with_nickname"": null, ""primaryName"": ""Eduardo Silva"", ""primaryProfession"": ""actor"", ""birthYear"": null, ""deathYear"": null}, {""nconst"": ""nm3392597"", ""normalized_name"": ""eduardo silva"", ""normalized_name_with_nickname"": null, ""primaryName"": ""Eduardo Silva"", ""primaryProfession"": ""actor"", ""birthYear"": null, ""deathYear"": null}, {""nconst"": ""nm5045840"", ""normalized_name"": ""eduardo silva"", ""normalized_name_with_nickname"": null, ""primaryName"": ""Eduardo Silva"", ""primaryProfession"": ""actor"", ""birthYear"": null, ""deathYear"": null}, {""nconst"": ""nm5358014"", ""normalized_name"": ""eduardo silva"", ""normalized_name_with_nickname"": null, ""primaryName"": ""Eduardo Silva"", ""primaryProfession"": ""actor"", ""birthYear"": null, ""deathYear"": null}, {""nconst"": ""nm6231458"", ""normalized_name"": ""eduardo silva"", ""normalized_name_with_nickname"": null, ""primaryName"": ""Eduardo Silva"", ""primaryProfession"": ""actor"", ""birthYear"": null, ""deathYear"": null}]",,"{""timestamp"": ""2026-10-03T13:59:22.111992+00:00"", ""model"": ""gemma-4-12b-it-qat-q4_0.gguf"", ""api_version"": null}"
14,3_Percent_S01E06,scene_000_static_003_num00216_sim15.jpg,Cast,,FABIANA ALAMARI,ELENGO,Cast,,first_half,216,pending,1,fabiana alamari,,gp0000024,internal_assigned,,,"{""timestamp"": ""2026-10-03T13:59:22.111992+00:00"", ""model"": ""gemma-4-12b-it-qat-q4_0.gguf"", ""api_version"": null}"
15,3_Percent_S01E06,scene_000_static_003_num00216_sim15.jpg,Cast,,GERALDO RODRIGUES,ELENGO,Cast,,first_half,216,pending,1,geraldo rodrigues,,nm2864554,auto_assigned,,Geraldo Rodrigues,"{""timestamp"": ""2026-10-03T13:59:22.111992+00:00"", ""model"": ""gemma-4-12b-it-qat-q4_0.gguf"", ""api_version"": null}"
16,3_Percent_S01E06,scene_000_static_003_num00216_sim15.jpg,Cast,,JULIA BERGAMIM,ELENGO,Cast,,first_half,216,pending,1,julia bergamim,,nm8627123,auto_assigned,,Julia Bergamim,"{""timestamp"": ""2026-10-03T13:59:22.111992+00:00"", ""model"": ""gemma-4-12b-it-qat-q4_0.gguf"", ""api_version"": null}"
17,3_Percent_S01E06,scene_000_static_003_num00216_sim15.jpg,Cast,,JULIA SILVERIO,ELENGO,Cast,,first_half,216,pending,1,julia silverio,,,ambiguous,"[{""nconst"": ""nm6404464"", ""normalized_name"": ""julio silverio"", ""normalized_name_with_nickname"": null, ""primaryName"": ""J\u00falio Silv\u00e9rio"", ""primaryProfession"": ""actor,writer"", ""birthYear"": null, ""deathYear"": null, ""fuzzy_similarity"": ""93"", ""matched_string"": ""julio silverio""}, {""nconst"": ""nm9234786"", ""normalized_name"": ""julio silverio"", ""normalized_name_with_nickname"": null, ""primaryName"": ""Julio Silverio"", ""primaryProfession"": ""actor"", ""birthYear"": null, ""deathYear"": null, ""fuzzy_similarity"": ""93"", ""matched_string"": ""julio silverio""}, {""nconst"": ""nm6797422"", ""normalized_name"": ""julia silvestri"", ""normalized_name_with_nickname"": null, ""primaryName"": ""Julia Silvestri"", ""primaryProfession"": ""actress"", ""birthYear"": null, ""deathYear"": null, ""fuzzy_similarity"": ""90"", ""matched_string"": ""julia silvestri""}]",,"{""timestamp"": ""2026-10-03T13:59:22.111992+00:00"", ""model"": ""gemma-4-12b-it-qat-q4_0.gguf"", ""api_version"": null}"
18,3_Percent_S01E06,scene_000_static_003_num00216_sim15.jpg,Cast,,LEONARDO GARCEZ,ELENGO,Cast,,first_half,216,pending,1,leonardo garcez,,nm8627040,auto_assigned,,Leonardo Garcez,"{""timestamp"": ""2026-10-03T13:59:22.111992+00:00"", ""model"": ""gemma-4-12b-it-qat-q4_0.gguf"", ""api_version"": null}"
19,3_Percent_S01E06,scene_000_static_003_num00216_sim15.jpg,Cast,,LUCIANA PAES,ELENGO,Cast,,first_half,216,pending,1,luciana paes,,nm3468937,auto_assigned,,Luciana Paes,"{""timestamp"": ""2026-10-03T13:59:22.111992+00:00"", ""model"": ""gemma-4-12b-it-qat-q4_0.gguf"", ""api_version"": null}"
20,3_Percent_S01E06,scene_000_static_003_num00216_sim15.jpg,Cast,,LUCIANA SCHWINDEN,ELENGO,Cast,,first_half,216,pending,1,luciana schwinden,,nm4746923,auto_assigned,,Luciana Schwinden,"{""timestamp"": ""2026-10-03T13:59:22.111992+00:00"", ""model"": ""gemma-4-12b-it-qat-q4_0.gguf"", ""api_version"": null}"
21,3_Percent_S01E06,scene_000_static_003_num00216_sim15.jpg,Cast,,MARIA GAL,ELENGO,Cast,,first_half,216,pending,1,maria gal,,nm8124907,auto_assigned,,Maria Gal,"{""timestamp"": ""2026-10-03T13:59:22.111992+00:00"", ""model"": ""gemma-4-12b-it-qat-q4_0.gguf"", ""api_version"": null}"
22,3_Percent_S01E06,scene_000_static_003_num00216_sim15.jpg,Cast,,PAULO GONÇALVES,ELENGO,Cast,,first_half,216,pending,1,paulo goncalves,,,ambiguous,"[{""nconst"": ""nm0328608"", ""normalized_name"": ""paulo goncalves"", ""normalized_name_with_nickname"": null, ""primaryName"": ""Paulo Gon\u00e7alves"", ""primaryProfession"": ""camera_department,actor,cinematographer"", ""birthYear"": null, ""deathYear"": null}, {""nconst"": ""nm0328609"", ""normalized_name"": ""paulo goncalves"", ""normalized_name_with_nickname"": null, ""primaryName"": ""Paulo Gon\u00e7alves"", ""primaryProfession"": ""actor"", ""birthYear"": 1926, ""deathYear"": 1986}, {""nconst"": ""nm13565264"", ""normalized_name"": ""paulo goncalves"", ""normalized_name_with_nickname"": null, ""primaryName"": ""Paulo Gon\u00e7alves"", ""primaryProfession"": ""actor"", ""birthYear"": null, ""deathYear"": null}, {""nconst"": ""nm15222832"", ""normalized_name"": ""paulo goncalves"", ""normalized_name_with_nickname"": null, ""primaryName"": ""Paulo Gon\u00e7alves"", ""primaryProfession"": ""actor"", ""birthYear"": null, ""deathYear"": null}, {""nconst"": ""nm15700825"", ""normalized_name"": ""paulo goncalves"", ""normalized_name_with_nickname"": null, ""primaryName"": ""Paulo Goncalves"", ""primaryProfession"": ""actor"", ""birthYear"": null, ""deathYear"": null}, {""nconst"": ""nm4006041"", ""normalized_name"": ""paulo goncalves"", ""normalized_name_with_nickname"": null, ""primaryName"": ""Paulo Gon\u00e7alves"", ""primaryProfession"": ""actor"", ""birthYear"": null, ""deathYear"": null}]",,"{""timestamp"": ""2026-10-03T13:59:22.111992+00:00"", ""model"": ""gemma-4-12b-it-qat-q4_0.gguf"", ""api_version"": null}"
23,3_Percent_S01E06,scene_000_static_003_num00216_sim15.jpg,Cast,,PEDRO GASPARITTO,ELENGO,Cast,,first_half,216,pending,1,pedro gasparitto,,nm8627042,auto_assigned,,Pedro Gasparotto,"{""timestamp"": ""2026-10-03T13:59:22.111992+00:00"", ""model"": ""gemma-4-12b-it-qat-q4_0.gguf"", ""api_version"": null}"
24,3_Percent_S01E06,scene_000_static_003_num00216_sim15.jpg,Cast,,RITA BAIATA,ELENGO,Cast,,first_half,216,pending,1,rita baiata,,,ambiguous,"[{""nconst"": ""nm12652193"", ""normalized_name"": ""rita barata"", ""normalized_name_with_nickname"": null, ""primaryName"": ""Rita Barata"", ""primaryProfession"": ""actress"", ""birthYear"": null, ""deathYear"": null, ""fuzzy_similarity"": ""91"", ""matched_string"": ""rita barata""}, {""nconst"": ""nm2377675"", ""normalized_name"": ""rita batata"", ""normalized_name_with_nickname"": null, ""primaryName"": ""Rita Batata"", ""primaryProfession"": ""actress"", ""birthYear"": null, ""deathYear"": null, ""fuzzy_similarity"": ""91"", ""matched_string"": ""rita batata""}]",,"{""timestamp"": ""2026-10-03T13:59:22.111992+00:00"", ""model"": ""gemma-4-12b-it-qat-q4_0.gguf"", ""api_version"": null}"
25,3_Percent_S01E06,scene_000_static_003_num00216_sim15.jpg,Cast,,ROGERIO BRITO,ELENGO,Cast,,first_half,216,pending,1,rogerio brito,,,ambiguous,"[{""nconst"": ""nm14931132"", ""normalized_name"": ""rogerio brito"", ""normalized_name_with_nickname"": null, ""primaryName"": ""Rog\u00e9rio Brito"", ""primaryProfession"": ""actor"", ""birthYear"": null, ""deathYear"": null}, {""nconst"": ""nm2430005"", ""normalized_name"": ""rogerio brito"", ""normalized_name_with_nickname"": null, ""primaryName"": ""Rog\u00e9rio Brito"", ""primaryProfession"": ""actor,soundtrack"", ""birthYear"": 1973, ""deathYear"": null}]",,"{""timestamp"": ""2026-10-03T13:59:22.111992+00:00"", ""model"": ""gemma-4-12b-it-qat-q4_0.gguf"", ""api_version"": null}"
26,3_Percent_S01E06,scene_000_static_003_num00216_sim15.jpg,Cast,,THIAGO AMARAL,ELENGO,Cast,,first_half,216,pending,1,thiago amaral,,nm12307391,auto_assigned,,Thiago Amaral,"{""timestamp"": ""2026-10-03T13:59:22.111992+00:00"", ""model"": ""gemma-4-12b-it-qat-q4_0.gguf"", ""api_version"": null}"
27,3_Percent_S01E06,scene_000_static_004_num00264_sim50.jpg,Production Managers,,LIA RAULINO HILEL,DIRETORA DE PRODUÇÃO,Production Managers,,first_half,264,pending,1,lia raulino hilel,,nm1809903,auto_assigned,,Lia Raulino Hillel,"{""timestamp"": ""2026-10-03T13:59:22.111992+00:00"", ""model"": ""gemma-4-12b-it-qat-q4_0.gguf"", ""api_version"": null}"
28,3_Percent_S01E06,scene_000_static_004_num00264_sim50.jpg,Production Department,,CÁSSIO BRASIL,PRODUZINISTA,Production Department,,first_half,264,pending,1,cassio brasil,,,manual_required,"[{""nconst"": ""nm2590038"", ""normalized_name"": ""cassio brasil"", ""normalized_name_with_nickname"": null, ""primaryName"": ""C\u00e1ssio Brasil"", ""primaryProfession"": ""costume_designer,costume_department,art_director"", ""birthYear"": null, ""deathYear"": null}]",,"{""timestamp"": ""2026-10-03T13:59:22.111992+00:00"", ""model"": ""gemma-4-12b-it-qat-q4_0.gguf"", ""api_version"": null}"
29,3_Percent_S01E06,scene_000_static_004_num00264_sim50.jpg,Second Unit Directors or Assistant Directors,,THIAGO LEÃO,1º ASSISTENTE DE DIREÇÃO,Second Unit Directors or Assistant Directors,,first_half,264,pending,1,thiago leao,,nm3417882,auto_assigned,,Thiago Leão,"{""timestamp"": ""2026-10-03T13:59:22.111992+00:00"", ""model"": ""gemma-4-12b-it-qat-q4_0.gguf"", ""api_version"": null}"
30,3_Percent_S01E06,scene_000_static_004_num00264_sim50.jpg,Casting Department,,CHRISTIAN DULLIVORT,PREPARADORES DE ELENCO,Casting Department,,first_half,264,pending,1,christian dullivort,,gp0000015,internal_assigned,,,"{""timestamp"": ""2026-10-03T13:59:22.111992+00:00"", ""model"": ""gemma-4-12b-it-qat-q4_0.gguf"", ""api_version"": null}"
31,3_Percent_S01E06,scene_000_static_004_num00264_sim50.jpg,Casting Department,,MARINA MEDEIROS,PREPARADORES DE ELENCO,Casting Department,,first_half,264,pending,1,marina medeiros,,nm3428584,auto_assigned,,Marina Medeiros,"{""timestamp"": ""2026-10-03T13:59:22.111992+00:00"", ""model"": ""gemma-4-12b-it-qat-q4_0.gguf"", ""api_version"": null}"
32,3_Percent_S01E06,scene_000_static_004_num00264_sim50.jpg,Makeup Department,,ROSEMARY PAIVA,CARACTERIZAÇÃO,Makeup Department,,first_half,264,pending,1,rosemary paiva,,nm3431264,auto_assigned,,Rosemary Paiva,"{""timestamp"": ""2026-10-03T13:59:22.111992+00:00"", ""model"": ""gemma-4-12b-it-qat-q4_0.gguf"", ""api_version"": null}"
33,3_Percent_S01E06,scene_000_static_004_num00264_sim50.jpg,Casting Directors,,DIEGO FERREIRA SILVA,PRODUTORES DE ELENCO,Casting Directors,,first_half,264,pending,1,diego ferreira silva,,gp0000018,internal_assigned,,,"{""timestamp"": ""2026-10-03T13:59:22.111992+00:00"", ""model"": ""gemma-4-12b-it-qat-q4_0.gguf"", ""api_version"": null}"
34,3_Percent_S01E06,scene_000_static_004_num00264_sim50.jpg,Casting Directors,,FELIPE LUIZ,PRODUTORES DE ELENCO,Casting Directors,,first_half,264,pending,1,felipe luiz,,,manual_required,"[{""nconst"": ""nm0271276"", ""normalized_name"": ""luiz felipe"", ""normalized_name_with_nickname"": null, ""primaryName"": ""Luiz Felipe"", ""primaryProfession"": ""actor"", ""birthYear"": null, ""deathYear"": null}, {""nconst"": ""nm0271277"", ""normalized_name"": ""luiz felipe"", ""normalized_name_with_nickname"": null, ""primaryName"": ""Luiz Felipe"", ""primaryProfession"": ""actor"", ""birthYear"": null, ""deathYear"": null}, {""nconst"": ""nm10626158"", ""normalized_name"": ""luiz felipe"", ""normalized_name_with_nickname"": null, ""primaryName"": ""Luiz Felipe"", ""primaryProfession"": ""actor"", ""birthYear"": null, ""deathYear"": null}, {""nconst"": ""nm11087549"", ""normalized_name"": ""luiz felipe"", ""normalized_name_with_nickname"": null, ""primaryName"": ""Luiz Felipe"", ""primaryProfession"": ""set_decorator"", ""birthYear"": null, ""deathYear"": null}, {""nconst"": ""nm13132490"", ""normalized_name"": ""luiz felipe"", ""normalized_name_with_nickname"": null, ""primaryName"": ""Luiz Felipe"", ""primaryProfession"": ""actor"", ""birthYear"": null, ""deathYear"": null}, {""nconst"": ""nm15043503"", ""normalized_name"": ""luiz felipe"", ""normalized_name_with_nickname"": null, ""primaryName"": ""Luiz Felipe"", ""primaryProfession"": ""archive_footage"", ""birthYear"": 1997, ""deathYear"": null}, {""nconst"": ""nm16757627"", ""normalized_name"": ""luiz felipe"", ""normalized_name_with_nickname"": null, ""primaryName"": ""Luiz Felipe"", ""primaryProfession"": ""sound_department"", ""birthYear"": null, ""deathYear"": null}, {""nconst"": ""nm17571222"", ""normalized_name"": ""luiz felipe"", ""normalized_name_with_nickname"": null, ""primaryName"": ""Luiz Felipe"", ""primaryProfession"": ""actor"", ""birthYear"": null, ""deathYear"": null}, {""nconst"": ""nm17841375"", ""normalized_name"": ""luiz felipe"", ""normalized_name_with_nickname"": null, ""primaryName"": ""Luiz Felipe"", ""primaryProfession"": ""miscellaneous"", ""birthYear"": null, ""deathYear"": null}, {""nconst"": ""nm3139094"", ""normalized_name"": ""luiz felipe"", ""normalized_name_with_nickname"": null, ""primaryName"": ""Luiz Felipe"", ""primaryProfession"": null, ""birthYear"": null, ""deathYear"": null}, {""nconst"": ""nm9969873"", ""normalized_name"": ""luiz felipe"", ""normalized_name_with_nickname"": null, ""primaryName"": ""Luiz Felipe"", ""primaryProfession"": ""actor"", ""birthYear"": null, ""deathYear"": null}]",,"{""timestamp"": ""2026-10-03T13:59:22.111992+00:00"", ""model"": ""gemma-4-12b-it-qat-q4_0.gguf"", ""api_version"": null}"
35,3_Percent_S01E06,scene_000_static_004_num00264_sim50.jpg,Casting Directors,,GUSTAVO TRANQUILIN,PRODUTORES DE ELENCO,Casting Directors,,first_half,264,pending,1,gustavo tranquilin,,nm4733797,auto_assigned,,Gustavo Tranquilin,"{""timestamp"": ""2026-10-03T13:59:22.111992+00:00"", ""model"": ""gemma-4-12b-it-qat-q4_0.gguf"", ""api_version"": null}"
36,3_Percent_S01E06,scene_000_static_005_num00324_sim50.jpg,Production Department,,CLAUDIA GONÇALVES,COORDENADORAS DE PRODUÇÃO EXECUTIVA,Production Department,,first_half,324,pending,1,claudia goncalves,,,ambiguous,"[{""nconst"": ""nm4113223"", ""normalized_name"": ""claudia goncalves"", ""normalized_name_with_nickname"": null, ""primaryName"": ""Cl\u00e1udia Gon\u00e7alves"", ""primaryProfession"": ""actress,cinematographer,production_department"", ""birthYear"": null, ""deathYear"": null}, {""nconst"": ""nm8711189"", ""normalized_name"": ""claudia goncalves"", ""normalized_name_with_nickname"": null, ""primaryName"": ""Claudia Gon\u00e7alves"", ""primaryProfession"": ""miscellaneous,producer"", ""birthYear"": null, ""deathYear"": null}]",,"{""timestamp"": ""2026-10-03T13:59:22.111992+00:00"", ""model"": ""gemma-4-12b-it-qat-q4_0.gguf"", ""api_version"": null}"
37,3_Percent_S01E06,scene_000_static_005_num00324_sim50.jpg,Production Department,,LARISSA SPADA,COORDENADORAS DE PRODUÇÃO EXECUTIVA,Production Department,,first_half,324,pending,1,larissa spada,,nm9279811,auto_assigned,,Larissa Spada,"{""timestamp"": ""2026-10-03T13:59:22.111992+00:00"", ""model"": ""gemma-4-12b-it-qat-q4_0.gguf"", ""api_version"": null}"
38,3_Percent_S01E06,scene_000_static_005_num00324_sim50.jpg,Production Department,,MARIANE NUNES,COORDENADORAS DE PRODUÇÃO EXECUTIVA,Production Department,,first_half,324,pending,1,mariane nunes,,,manual_required,"[{""nconst"": ""nm16076888"", ""normalized_name"": ""mariane nunes"", ""normalized_name_with_nickname"": null, ""primaryName"": ""Mariane Nunes"", ""primaryProfession"": ""cinematographer"", ""birthYear"": null, ""deathYear"": null}]",,"{""timestamp"": ""2026-10-03T13:59:22.111992+00:00"", ""model"": ""gemma-4-12b-it-qat-q4_0.gguf"", ""api_version"": null}"
39,3_Percent_S01E06,scene_000_static_005_num00324_sim50.jpg,Producers,,LÔ POLITI,PRODUTORES ASSOCIADOS,Producers,,first_half,324,pending,1,lo politi,,nm4746436,auto_assigned,,Lô Politi,"{""timestamp"": ""2026-10-03T13:59:22.111992+00:00"", ""model"": ""gemma-4-12b-it-qat-q4_0.gguf"", ""api_version"": null}"
40,3_Percent_S01E06,scene_000_static_005_num00324_sim50.jpg,Producers,,ROBÉRIO BRAGA,PRODUTORES ASSOCIADOS,Producers,,first_half,324,pending,1,roberio braga,,nm4746945,auto_assigned,,Robério Braga,"{""timestamp"": ""2026-10-03T13:59:22.111992+00:00"", ""model"": ""gemma-4-12b-it-qat-q4_0.gguf"", ""api_version"": null}"
41,3_Percent_S01E06,scene_000_static_005_num00324_sim50.jpg,Production Department,,VANESSA MARTINS,COORDENADORA DE PRODUÇÃO,Production Department,,first_half,324,pending,1,vanessa martins,,,ambiguous,"[{""nconst"": ""nm16276636"", ""normalized_name"": ""vanessa martins"", ""normalized_name_with_nickname"": null, ""primaryName"": ""Vanessa Martins"", ""primaryProfession"": ""transportation_department,production_department"", ""birthYear"": null, ""deathYear"": null}, {""nconst"": ""nm9296894"", ""normalized_name"": ""vanessa martins"", ""normalized_name_with_nickname"": null, ""primaryName"": ""Vanessa Martins"", ""primaryProfession"": ""producer,production_department"", ""birthYear"": null, ""deathYear"": null}]",,"{""timestamp"": ""2026-10-03T13:59:22.111992+00:00"", ""model"": ""gemma-4-12b-it-qat-q4_0.gguf"", ""api_version"": null}"
42,3_Percent_S01E06,scene_000_static_005_num00324_sim50.jpg,Stunts,,ANDRÉ FRANCO,COORDENADORES DE CENAS DE AÇÃO,Stunts,,first_half,324,pending,1,andre franco,,,ambiguous,"[{""nconst"": ""nm10214510"", ""normalized_name"": ""andre franco"", ""normalized_name_with_nickname"": null, ""primaryName"": ""Andre Franco"", ""primaryProfession"": ""actor,stunts"", ""birthYear"": null, ""deathYear"": null}, {""nconst"": ""nm3812825"", ""normalized_name"": ""andre franco"", ""normalized_name_with_nickname"": null, ""primaryName"": ""Andr\u00e9 Franco"", ""primaryProfession"": ""stunts,special_effects,actor"", ""birthYear"": null, ""deathYear"": null}]",,"{""timestamp"": ""2026-10-03T13:59:22.111992+00:00"", ""model"": ""gemma-4-12b-it-qat-q4_0.gguf"", ""api_version"": null}"
43,3_Percent_S01E06,scene_000_static_005_num00324_sim50.jpg,Stunts,,ARIELA GOLDMANI,COORDENADORES DE CENAS DE AÇÃO,Stunts,,first_half,324,pending,1,ariela goldmani,,nm0325739,auto_assigned,,Ariela Goldmann,"{""timestamp"": ""2026-10-03T13:59:22.111992+00:00"", ""model"": ""gemma-4-12b-it-qat-q4_0.gguf"", ""api_version"": null}"
44,3_Percent_S01E06,scene_000_static_005_num00324_sim50.jpg,Stunts,,GIULIANO BORTOLOCCI,COORDENADORES DE CENAS DE AÇÃO,Stunts,,first_half,324,pending,1,giuliano bortolocci,,nm5469855,auto_assigned,,Giuliano Bortoluci,"{""timestamp"": ""2026-10-03T13:59:22.111992+00:00"", ""model"": ""gemma-4-12b-it-qat-q4_0.gguf"", ""api_version"": null}"
45,3_Percent_S01E06,scene_000_static_005_num00324_sim50.jpg,Casting Department,,GUILHERME FRICTA,ASSISTENTES DE ELENCO,Casting Department,,first_half,324,pending,1,guilherme fricta,,gp0000031,internal_assigned,,,"{""timestamp"": ""2026-10-03T13:59:22.111992+00:00"", ""model"": ""gemma-4-12b-it-qat-q4_0.gguf"", ""api_version"": null}"
46,3_Percent_S01E06,scene_000_static_005_num00324_sim50.jpg,Casting Department,,VICKY JUSTINIANO,ASSISTENTES DE ELENCO,Casting Department,,first_half,324,pending,1,vicky justiniano,,nm6774464,auto_assigned,,Vicky Justiniano,"{""timestamp"": ""2026-10-03T13:59:22.111992+00:00"", ""model"": ""gemma-4-12b-it-qat-q4_0.gguf"", ""api_version"": null}"
47,3_Percent_S01E06,scene_000_static_005_num00324_sim50.jpg,Art Department,,ROSE BONJARDIM,ASSISTENTE DE FIGURAÇÃO,Art Department,,first_half,324,pending,1,rose bonjardim,,,manual_required,"[{""nconst"": ""nm7124049"", ""normalized_name"": ""rose bonjardim"", ""normalized_name_with_nickname"": null, ""primaryName"": ""Rose Bonjardim"", ""primaryProfession"": ""casting_department"", ""birthYear"": null, ""deathYear"": null}]",,"{""timestamp"": ""2026-10-03T13:59:22.111992+00:00"", ""model"": ""gemma-4-12b-it-qat-q4_0.gguf"", ""api_version"": null}"
48,3_Percent_S01E06,scene_000_static_006_num00384_sim51.jpg,Second Unit Directors or Assistant Directors,,GIOVANNA RUBIM,2º ASSISTENTES DE DIREÇÃO,Second Unit Directors or Assistant Directors,,first_half,384,pending,1,giovanna rubim,,nm8750938,auto_assigned,,Giovanna Rubim,"{""timestamp"": ""2026-10-03T13:59:22.111992+00:00"", ""model"": ""gemma-4-12b-it-qat-q4_0.gguf"", ""api_version"": null}"
49,3_Percent_S01E06,scene_000_static_006_num00384_sim51.jpg,Second Unit Directors or Assistant Directors,,YARA GUZMAN,2º ASSISTENTES DE DIREÇÃO,Second Unit Directors or Assistant Directors,,first_half,384,pending,1,yara guzman,,nm5459360,auto_assigned,,Yara Guzman,"{""timestamp"": ""2026-10-03T13:59:22.111992+00:00"", ""model"": ""gemma-4-12b-it-qat-q4_0.gguf"", ""api_version"": null}"
50,3_Percent_S01E06,scene_000_static_006_num00384_sim51.jpg,Second Unit Directors or Assistant Directors,,BRUNA GRULKE,3º ASSISTENTES DE DIREÇÃO,Second Unit Directors or Assistant Directors,,first_half,384,pending,1,bruna grulke,,nm11069233,auto_assigned,,Bruna Grulke,"{""timestamp"": ""2026-10-03T13:59:22.111992+00:00"", ""model"": ""gemma-4-12b-it-qat-q4_0.gguf"", ""api_version"": null}"
51,3_Percent_S01E06,scene_000_static_006_num00384_sim51.jpg,Second Unit Directors or Assistant Directors,,GUILHERME MOTTA,3º ASSISTENTES DE DIREÇÃO,Second Unit Directors or Assistant Directors,,first_half,384,pending,1,guilherme motta,,,manual_required,"[{""nconst"": ""nm17174443"", ""normalized_name"": ""guilherme motta"", ""normalized_name_with_nickname"": null, ""primaryName"": ""Guilherme Motta"", ""primaryProfession"": ""producer"", ""birthYear"": null, ""deathYear"": null}, {""nconst"": ""nm4438100"", ""normalized_name"": ""guilherme motta"", ""normalized_name_with_nickname"": null, ""primaryName"": ""Guilherme Motta"", ""primaryProfession"": ""director,writer"", ""birthYear"": null, ""deathYear"": null}]",,"{""timestamp"": ""2026-10-03T13:59:22.111992+00:00"", ""model"": ""gemma-4-12b-it-qat-q4_0.gguf"", ""api_version"": null}"
52,3_Percent_S01E06,scene_000_static_006_num00384_sim51.jpg,Second Unit Directors or Assistant Directors,,MARIA CRISTINA POLETTO,3º ASSISTENTES DE DIREÇÃO,Second Unit Directors or Assistant Directors,,first_half,384,pending,1,maria cristina poletto,,gp0000053,internal_assigned,,,"{""timestamp"": ""2026-10-03T13:59:22.111992+00:00"", ""model"": ""gemma-4-12b-it-qat-q4_0.gguf"", ""api_version"": null}"
53,3_Percent_S01E06,scene_000_static_006_num00384_sim51.jpg,Second Unit Directors or Assistant Directors,,PAULA BALEIRO,3º ASSISTENTES DE DIREÇÃO,Second Unit Directors or Assistant Directors,,first_half,384,pending,1,paula baleiro,,gp0000058,internal_assigned,,,"{""timestamp"": ""2026-10-03T13:59:22.111992+00:00"", ""model"": ""gemma-4-12b-it-qat-q4_0.gguf"", ""api_version"": null}"
54,3_Percent_S01E06,scene_000_static_006_num00384_sim51.jpg,Script and Continuity Department,,JP TEIXEIRA,CONTINUÍSTA,Script and Continuity Department,,first_half,384,pending,1,jp teixeira,,nm4070696,auto_assigned,,Jp Teixeira,"{""timestamp"": ""2026-10-03T13:59:22.111992+00:00"", ""model"": ""gemma-4-12b-it-qat-q4_0.gguf"", ""api_version"": null}"
55,3_Percent_S01E06,scene_000_static_006_num00384_sim51.jpg,Script and Continuity Department,,PEDRO TEIXEIRA,ASSISTENTE DE CONTINUIDADE,Script and Continuity Department,,first_half,384,pending,1,pedro teixeira,,nm11349367,auto_assigned,,Pedro Teixeira,"{""timestamp"": ""2026-10-03T13:59:22.111992+00:00"", ""model"": ""gemma-4-12b-it-qat-q4_0.gguf"", ""api_version"": null}"
56,3_Percent_S01E06,scene_000_static_006_num00384_sim51.jpg,Production Department,,FELIPE MOREIRA (PH),PLATÔ,Production Department,,first_half,384,pending,1,felipe moreira,,,manual_required,"[{""nconst"": ""nm16606455"", ""normalized_name"": ""felipe moreira"", ""normalized_name_with_nickname"": null, ""primaryName"": ""Felipe Moreira"", ""primaryProfession"": ""camera_department"", ""birthYear"": null, ""deathYear"": null}]",,"{""timestamp"": ""2026-10-03T13:59:22.111992+00:00"", ""model"": ""gemma-4-12b-it-qat-q4_0.gguf"", ""api_version"": null}"
57,3_Percent_S01E06,scene_000_static_006_num00384_sim51.jpg,Additional Crew,,LULI RADFAHRER,CONSULTOR TECNOLÓGICO,Additional Crew,,first_half,384,pending,1,luli radfahrer,,,manual_required,"[{""nconst"": ""nm14062541"", ""normalized_name"": ""luli radfahrer"", ""normalized_name_with_nickname"": null, ""primaryName"": ""Luli Radfahrer"", ""primaryProfession"": null, ""birthYear"": null, ""deathYear"": null}]",,"{""timestamp"": ""2026-10-03T13:59:22.111992+00:00"", ""model"": ""gemma-4-12b-it-qat-q4_0.gguf"", ""api_version"": null}"
58,3_Percent_S01E06,scene_000_static_007_num00444_sim53.jpg,Art Department,,RENATA RUSAI,ASSISTENTE DE DIREÇÃO DE ARTE,Art Department,,first_half,444,pending,1,renata rusai,,nm3283977,auto_assigned,,Renata Rugai,"{""timestamp"": ""2026-10-03T13:59:22.111992+00:00"", ""model"": ""gemma-4-12b-it-qat-q4_0.gguf"", ""api_version"": null}"
59,3_Percent_S01E06,scene_000_static_007_num00444_sim53.jpg,Art Department,,CAMILA FERNANDES GALHARDO,PRODUTORA DE ARTE,Art Department,,first_half,444,pending,1,camila fernandes galhardo,,nm8550238,auto_assigned,,Camila Fernandes Galhardo,"{""timestamp"": ""2026-10-03T13:59:22.111992+00:00"", ""model"": ""gemma-4-12b-it-qat-q4_0.gguf"", ""api_version"": null}"
60,3_Percent_S01E06,scene_000_static_007_num00444_sim53.jpg,Art Department,,MARIO SIRICAN,PRODUTOR DE OBJETOS,Art Department,,first_half,444,pending,1,mario sirican,,nm2580730,auto_assigned,,Mario Surcan,"{""timestamp"": ""2026-10-03T13:59:22.111992+00:00"", ""model"": ""gemma-4-12b-it-qat-q4_0.gguf"", ""api_version"": null}"
61,3_Percent_S01E06,scene_000_static_007_num00444_sim53.jpg,Art Department,,CAROLINA MONTOIA,CENOGRAFIA,Art Department,,first_half,444,pending,1,carolina montoia,,nm8435976,auto_assigned,,Carolina Montoia,"{""timestamp"": ""2026-10-03T13:59:22.111992+00:00"", ""model"": ""gemma-4-12b-it-qat-q4_0.gguf"", ""api_version"": null}"
62,3_Percent_S01E06,scene_000_static_007_num00444_sim53.jpg,Art Department,,PHELIPE VITTORELLI,1º ASSISTENTE DE OBJETOS,Art Department,,first_half,444,pending,1,phelipe vittorelli,,nm10728273,auto_assigned,,Phelipe Vittorelli,"{""timestamp"": ""2026-10-03T13:59:22.111992+00:00"", ""model"": ""gemma-4-12b-it-qat-q4_0.gguf"", ""api_version"": null}"
63,3_Percent_S01E06,scene_000_static_007_num00444_sim53.jpg,Art Department,,DUANNY LIMA,2º ASSISTENTES DE OBJETOS,Art Department,,first_half,444,pending,1,duanny lima,,nm8869212,auto_assigned,,Duanny Lima,"{""timestamp"": ""2026-10-03T13:59:22.111992+00:00"", ""model"": ""gemma-4-12b-it-qat-q4_0.gguf"", ""api_version"": null}"
64,3_Percent_S01E06,scene_000_static_007_num00444_sim53.jpg,Art Department,,RENATA ZÖIRIL,2º ASSISTENTES DE OBJETOS,Art Department,,first_half,444,pending,1,renata zoiril,,nm8869214,auto_assigned,,Renata Zbóril,"{""timestamp"": ""2026-10-03T13:59:22.111992+00:00"", ""model"": ""gemma-4-12b-it-qat-q4_0.gguf"", ""api_version"": null}"
65,3_Percent_S01E06,scene_000_static_007_num00444_sim53.jpg,Art Department,,VINICIUS ZINO FILHO,EPITÓS,Art Department,,first_half,444,pending,1,vinicius zino filho,,gp0000072,internal_assigned,,,"{""timestamp"": ""2026-10-03T13:59:22.111992+00:00"", ""model"": ""gemma-4-12b-it-qat-q4_0.gguf"", ""api_version"": null}"
66,3_Percent_S01E06,scene_000_static_007_num00444_sim53.jpg,Art Department,,CIDINHO SOUZA (EXTRA),PINTURA DE ARTE,Art Department,,first_half,444,pending,1,cidinho souza,,gp0000016,internal_assigned,,,"{""timestamp"": ""2026-10-03T13:59:22.111992+00:00"", ""model"": ""gemma-4-12b-it-qat-q4_0.gguf"", ""api_version"": null}"
67,3_Percent_S01E06,scene_000_static_007_num00444_sim53.jpg,Art Department,,CLAUDIO PARRA,PINTURA DE ARTE,Art Department,,first_half,444,pending,1,claudio parra,,,manual_required,"[{""nconst"": ""nm5626497"", ""normalized_name"": ""claudio parra"", ""normalized_name_with_nickname"": null, ""primaryName"": ""Claudio Parra"", ""primaryProfession"": ""actor,soundtrack,archive_footage"", ""birthYear"": null, ""deathYear"": null}, {""nconst"": ""nm9790434"", ""normalized_name"": ""claudio parra"", ""normalized_name_with_nickname"": null, ""primaryName"": ""Claudio Parra"", ""primaryProfession"": ""actor"", ""birthYear"": null, ""deathYear"": null}]",,"{""timestamp"": ""2026-10-03T13:59:22.111992+00:00"", ""model"": ""gemma-4-12b-it-qat-q4_0.gguf"", ""api_version"": null}"
68,3_Percent_S01E06,scene_000_static_007_num00444_sim53.jpg,Art Department,,PATRICIA CABRAL,PINTURA DE ARTE,Art Department,,first_half,444,pending,1,patricia cabral,,nm1804684,auto_assigned,,Patrícia Cabral,"{""timestamp"": ""2026-10-03T13:59:22.111992+00:00"", ""model"": ""gemma-4-12b-it-qat-q4_0.gguf"", ""api_version"": null}"
69,3_Percent_S01E06,scene_000_static_007_num00444_sim53.jpg,Art Department,,PAULA BELVA,PINTURA DE ARTE,Art Department,,first_half,444,pending,1,paula belva,,gp0000059,internal_assigned,,,"{""timestamp"": ""2026-10-03T13:59:22.111992+00:00"", ""model"": ""gemma-4-12b-it-qat-q4_0.gguf"", ""api_version"": null}"
70,3_Percent_S01E06,scene_000_static_008_num00504_sim55.jpg,Camera and Electrical Department,,EDUARDO PIAGGE,OPERADORES DE CÂMERA,Camera and Electrical Department,,first_half,504,pending,1,eduardo piagge,,,manual_required,"[{""nconst"": ""nm5088703"", ""normalized_name"": ""eduardo piagge"", ""normalized_name_with_nickname"": null, ""primaryName"": ""Eduardo Piagge"", ""primaryProfession"": ""cinematographer,producer,assistant_director"", ""birthYear"": null, ""deathYear"": null}]",,"{""timestamp"": ""2026-10-03T13:59:22.111992+00:00"", ""model"": ""gemma-4-12b-it-qat-q4_0.gguf"", ""api_version"": null}"
71,3_Percent_S01E06,scene_000_static_008_num00504_sim55.jpg,Camera and Electrical Department,,PEDRO MARFEI,OPERADORES DE CÂMERA,Camera and Electrical Department,,first_half,504,pending,1,pedro marfei,,nm4406592,auto_assigned,,Pedro Maffei,"{""timestamp"": ""2026-10-03T13:59:22.111992+00:00"", ""model"": ""gemma-4-12b-it-qat-q4_0.gguf"", ""api_version"": null}"
72,3_Percent_S01E06,scene_000_static_008_num00504_sim55.jpg,Camera and Electrical Department,,RAFAEL MARTINELLI,OPERADORES DE CÂMERA,Camera and Electrical Department,,first_half,504,pending,1,rafael martinelli,,nm3239611,auto_assigned,,Rafael Martinelli,"{""timestamp"": ""2026-10-03T13:59:22.111992+00:00"", ""model"": ""gemma-4-12b-it-qat-q4_0.gguf"", ""api_version"": null}"
73,3_Percent_S01E06,scene_000_static_008_num00504_sim55.jpg,Camera and Electrical Department,,RICARDO HESSEL (BRANCO),1º ASSISTENTES DE CÂMERA,Camera and Electrical Department,,first_half,504,pending,1,ricardo hessel,,nm5906299,auto_assigned,,Ricardo Hessel,"{""timestamp"": ""2026-10-03T13:59:22.111992+00:00"", ""model"": ""gemma-4-12b-it-qat-q4_0.gguf"", ""api_version"": null}"
74,3_Percent_S01E06,scene_000_static_008_num00504_sim55.jpg,Camera and Electrical Department,,MARCIO MELLO,2º ASSISTENTES DE CÂMERA,Camera and Electrical Department,,first_half,504,pending,1,marcio mello,,nm1694400,auto_assigned,,Marcio Mello,"{""timestamp"": ""2026-10-03T13:59:22.111992+00:00"", ""model"": ""gemma-4-12b-it-qat-q4_0.gguf"", ""api_version"": null}"
75,3_Percent_S01E06,scene_000_static_008_num00504_sim55.jpg,Camera and Electrical Department,,GUSTAVO FATTORI,LOGGERS,Camera and Electrical Department,,first_half,504,pending,1,gustavo fattori,,nm5300048,auto_assigned,,Gustavo Fattori,"{""timestamp"": ""2026-10-03T13:59:22.111992+00:00"", ""model"": ""gemma-4-12b-it-qat-q4_0.gguf"", ""api_version"": null}"
76,3_Percent_S01E06,scene_000_static_008_num00504_sim55.jpg,Camera and Electrical Department,,NELSON KAD,LOGGERS,Camera and Electrical Department,,first_half,504,pending,1,nelson kad,,,ambiguous,"[{""nconst"": ""nm4863494"", ""normalized_name"": ""nelson kao"", ""normalized_name_with_nickname"": null, ""primaryName"": ""Nelson Kao"", ""primaryProfession"": ""camera_department,cinematographer,producer"", ""birthYear"": null, ""deathYear"": null, ""fuzzy_similarity"": ""90"", ""matched_string"": ""nelson kao""}, {""nconst"": ""nm1105972"", ""normalized_name"": ""d nelson"", ""normalized_name_with_nickname"": null, ""primaryName"": ""D. Nelson"", ""primaryProfession"": ""camera_department"", ""birthYear"": null, ""deathYear"": null, ""fuzzy_similarity"": ""89"", ""matched_string"": ""d nelson""}]",,"{""timestamp"": ""2026-10-03T13:59:22.111992+00:00"", ""model"": ""gemma-4-12b-it-qat-q4_0.gguf"", ""api_version"": null}"
77,3_Percent_S01E06,scene_000_static_008_num00504_sim55.jpg,Camera and Electrical Department,,JOAO LUIZ HUGO CARDOSO,VIDEO ASSIST,Camera and Electrical Department,,first_half,504,pending,1,joao luiz hugo cardoso,,gp0000042,internal_assigned,,,"{""timestamp"": ""2026-10-03T13:59:22.111992+00:00"", ""model"": ""gemma-4-12b-it-qat-q4_0.gguf"", ""api_version"": null}"
78,3_Percent_S01E06,scene_000_static_008_num00504_sim55.jpg,Camera and Electrical Department,,FELIPE RODRIGUES,1º ASSISTENTE DE CÂMERA - 2ª UNIDADE,Camera and Electrical Department,,first_half,504,pending,1,felipe rodrigues,,,ambiguous,"[{""nconst"": ""nm16658438"", ""normalized_name"": ""felipe rodrigues"", ""normalized_name_with_nickname"": null, ""primaryName"": ""Felipe Rodrigues"", ""primaryProfession"": ""camera_department"", ""birthYear"": null, ""deathYear"": null}, {""nconst"": ""nm16744334"", ""normalized_name"": ""felipe rodrigues"", ""normalized_name_with_nickname"": null, ""primaryName"": ""Felipe Rodrigues"", ""primaryProfession"": ""camera_department"", ""birthYear"": null, ""deathYear"": null}, {""nconst"": ""nm16803444"", ""normalized_name"": ""felipe rodrigues"", ""normalized_name_with_nickname"": null, ""primaryName"": ""Felipe Rodrigues"", ""primaryProfession"": ""camera_department"", ""birthYear"": null, ""deathYear"": null}, {""nconst"": ""nm17566008"", ""normalized_name"": ""felipe rodrigues"", ""normalized_name_with_nickname"": null, ""primaryName"": ""Felipe Rodrigues"", ""primaryProfession"": ""camera_department"", ""birthYear"": null, ""deathYear"": null}, {""nconst"": ""nm3424405"", ""normalized_name"": ""felipe rodrigues"", ""normalized_name_with_nickname"": null, ""primaryName"": ""Felipe Rodrigues"", ""primaryProfession"": ""camera_department"", ""birthYear"": null, ""deathYear"": null}, {""nconst"": ""nm7097663"", ""normalized_name"": ""felipe rodrigues"", ""normalized_name_with_nickname"": null, ""primaryName"": ""Felipe Rodrigues"", ""primaryProfession"": ""camera_department,cinematographer,director"", ""birthYear"": null, ""deathYear"": null}]",,"{""timestamp"": ""2026-10-03T13:59:22.111992+00:00"", ""model"": ""gemma-4-12b-it-qat-q4_0.gguf"", ""api_version"": null}"
79,3_Percent_S01E06,scene_000_static_008_num00504_sim55.jpg,Camera and Electrical Department,,DANIEL DOMINGUES,2º ASSISTENTES DE CÂMERA - 2ª UNIDADE,Camera and Electrical Department,,first_half,504,pending,1,daniel domingues,,,ambiguous,"[{""nconst"": ""nm14635562"", ""normalized_name"": ""daniel domingues"", ""normalized_name_with_nickname"": null, ""primaryName"": ""Daniel Domingues"", ""primaryProfession"": ""camera_department"", ""birthYear"": null, ""deathYear"": null}, {""nconst"": ""nm17720848"", ""normalized_name"": ""daniel domingues"", ""normalized_name_with_nickname"": null, ""primaryName"": ""Daniel Domingues"", ""primaryProfession"": ""camera_department"", ""birthYear"": null, ""deathYear"": null}]",,"{""timestamp"": ""2026-10-03T13:59:22.111992+00:00"", ""model"": ""gemma-4-12b-it-qat-q4_0.gguf"", ""api_version"": null}"
80,3_Percent_S01E06,scene_000_static_008_num00504_sim55.jpg,Camera and Electrical Department,,PAUL BESSA,2º ASSISTENTES DE CÂMERA - 2ª UNIDADE,Camera and Electrical Department,,first_half,504,pending,1,paul bessa,,nm7665963,auto_assigned,,Paul Bessa,"{""timestamp"": ""2026-10-03T13:59:22.111992+00:00"", ""model"": ""gemma-4-12b-it-qat-q4_0.gguf"", ""api_version"": null}"
81,3_Percent_S01E06,scene_000_static_008_num00504_sim55.jpg,Camera and Electrical Department,,VICTOR HUGO LUIZ,VIDEO ASSIST - 2ª UNIDADE,Camera and Electrical Department,,first_half,504,pending,1,victor hugo luiz,,nm8750926,auto_assigned,,Victor Hugo Luz,"{""timestamp"": ""2026-10-03T13:59:22.111992+00:00"", ""model"": ""gemma-4-12b-it-qat-q4_0.gguf"", ""api_version"": null}"
82,3_Percent_S01E06,scene_000_static_009_num00564_sim53.jpg,Camera and Electrical Department,,MARCELO MARULO (MELÃO),CHIEF DE ELÉTRICA,Camera and Electrical Department,,first_half,564,pending,1,marcelo marulo,,nm8643208,auto_assigned,,Marcelo Marujo,"{""timestamp"": ""2026-10-03T13:59:22.111992+00:00"", ""model"": ""gemma-4-12b-it-qat-q4_0.gguf"", ""api_version"": null}"
83,3_Percent_S01E06,scene_000_static_009_num00564_sim53.jpg,Camera and Electrical Department,,DANILO SONCELA,1º ASSISTENTE DE ELÉTRICA,Camera and Electrical Department,,first_half,564,pending,1,danilo soncela,,nm8643210,auto_assigned,,Danilo Soncela,"{""timestamp"": ""2026-10-03T13:59:22.111992+00:00"", ""model"": ""gemma-4-12b-it-qat-q4_0.gguf"", ""api_version"": null}"
84,3_Percent_S01E06,scene_000_static_009_num00564_sim53.jpg,Camera and Electrical Department,,ROBERTO MARULO,2º ASSISTENTE DE ELÉTRICA,Camera and Electrical Department,,first_half,564,pending,1,roberto marulo,,,ambiguous,"[{""nconst"": ""nm12830671"", ""normalized_name"": ""roberto mauro"", ""normalized_name_with_nickname"": null, ""primaryName"": ""Roberto Mauro"", ""primaryProfession"": ""camera_department"", ""birthYear"": null, ""deathYear"": null, ""fuzzy_similarity"": ""89"", ""matched_string"": ""roberto mauro""}, {""nconst"": ""nm1844269"", ""normalized_name"": ""paulo roberto"", ""normalized_name_with_nickname"": null, ""primaryName"": ""Paulo Roberto"", ""primaryProfession"": ""camera_department"", ""birthYear"": null, ""deathYear"": null, ""fuzzy_similarity"": ""89"", ""matched_string"": ""paulo roberto""}, {""nconst"": ""nm2239358"", ""normalized_name"": ""paulo roberto"", ""normalized_name_with_nickname"": null, ""primaryName"": ""Paulo Roberto"", ""primaryProfession"": ""camera_department"", ""birthYear"": null, ""deathYear"": null, ""fuzzy_similarity"": ""89"", ""matched_string"": ""paulo roberto""}, {""nconst"": ""nm3914717"", ""normalized_name"": ""roberto muolo"", ""normalized_name_with_nickname"": null, ""primaryName"": ""Roberto Muolo"", ""primaryProfession"": ""camera_department,actor"", ""birthYear"": null, ""deathYear"": null, ""fuzzy_similarity"": ""89"", ""matched_string"": ""roberto muolo""}]",,"{""timestamp"": ""2026-10-03T13:59:22.111992+00:00"", ""model"": ""gemma-4-12b-it-qat-q4_0.gguf"", ""api_version"": null}"
85,3_Percent_S01E06,scene_000_static_009_num00564_sim53.jpg,Art Department,,JÚLIO GONÇALVES GARCIA (JULINHO),MAQUINARIA,Art Department,,first_half,564,pending,1,julio goncalves garcia,,,manual_required,"[{""nconst"": ""nm13227818"", ""normalized_name"": ""julio goncalves garcia"", ""normalized_name_with_nickname"": null, ""primaryName"": ""Julio Gon\u00e7alves Garcia"", ""primaryProfession"": ""camera_department"", ""birthYear"": null, ""deathYear"": null}]",,"{""timestamp"": ""2026-10-03T13:59:22.111992+00:00"", ""model"": ""gemma-4-12b-it-qat-q4_0.gguf"", ""api_version"": null}"
86,3_Percent_S01E06,scene_000_static_009_num00564_sim53.jpg,Art Department,,ALVES,1º ASSISTENTE DE MAQUINÁRIA,Art Department,,first_half,564,pending,1,alves,,gp0000003,internal_assigned,,,"{""timestamp"": ""2026-10-03T13:59:22.111992+00:00"", ""model"": ""gemma-4-12b-it-qat-q4_0.gguf"", ""api_version"": null}"
87,3_Percent_S01E06,scene_000_static_009_num00564_sim53.jpg,Art Department,,ADILSON RODRIGUES DE SOUZA,2º ASSISTENTES DE MAQUINÁRIA,Art Department,,first_half,564,pending,1,adilson rodrigues de souza,,gp0000001,internal_assigned,,,"{""timestamp"": ""2026-10-03T13:59:22.111992+00:00"", ""model"": ""gemma-4-12b-it-qat-q4_0.gguf"", ""api_version"": null}"
88,3_Percent_S01E06,scene_000_static_009_num00564_sim53.jpg,Art Department,,ASSIS,ASSIS,Art Department,,first_half,564,pending,1,assis,,,manual_required,"[{""nconst"": ""nm1220221"", ""normalized_name"": ""assis"", ""normalized_name_with_nickname"": null, ""primaryName"": ""Assis"", ""primaryProfession"": ""actor"", ""birthYear"": null, ""deathYear"": null}]",,"{""timestamp"": ""2026-10-03T13:59:22.111992+00:00"", ""model"": ""gemma-4-12b-it-qat-q4_0.gguf"", ""api_version"": null}"
89,3_Percent_S01E06,scene_000_static_009_num00564_sim53.jpg,Camera and Electrical Department,,WELLINGTON,AJUDANTE DE ELÉTRICA,Camera and Electrical Department,,first_half,564,pending,1,wellington,,nm1003902,auto_assigned,,Wellington,"{""timestamp"": ""2026-10-03T13:59:22.111992+00:00"", ""model"": ""gemma-4-12b-it-qat-q4_0.gguf"", ""api_version"": null}"
90,3_Percent_S01E06,scene_000_static_009_num00564_sim53.jpg,Art Department,,WILLIAM VIEIRA,AJUDANTE DE MAQUINÁRIA,Art Department,,first_half,564,pending,1,william vieira,,,ambiguous,"[{""nconst"": ""nm6690369"", ""normalized_name"": ""william vera"", ""normalized_name_with_nickname"": null, ""primaryName"": ""William Vera"", ""primaryProfession"": ""animation_department,art_department,visual_effects"", ""birthYear"": null, ""deathYear"": null, ""fuzzy_similarity"": ""92"", ""matched_string"": ""william vera""}, {""nconst"": ""nm16269448"", ""normalized_name"": ""william viker"", ""normalized_name_with_nickname"": null, ""primaryName"": ""William Viker"", ""primaryProfession"": ""art_department"", ""birthYear"": null, ""deathYear"": null, ""fuzzy_similarity"": ""89"", ""matched_string"": ""william viker""}]",,"{""timestamp"": ""2026-10-03T13:59:22.111992+00:00"", ""model"": ""gemma-4-12b-it-qat-q4_0.gguf"", ""api_version"": null}"
91,3_Percent_S01E06,scene_000_static_009_num00564_sim53.jpg,Camera and Electrical Department,,ROBERTO JR. (JULINHO),OPERADOR DE TP,Camera and Electrical Department,,first_half,564,pending,1,roberto jr,,,manual_required,"[{""nconst"": ""nm14647301"", ""normalized_name"": ""roberto jr"", ""normalized_name_with_nickname"": null, ""primaryName"": ""Roberto Jr."", ""primaryProfession"": null, ""birthYear"": null, ""deathYear"": null}]",,"{""timestamp"": ""2026-10-03T13:59:22.111992+00:00"", ""model"": ""gemma-4-12b-it-qat-q4_0.gguf"", ""api_version"": null}"
92,3_Percent_S01E06,scene_000_static_010_num00612_sim47.jpg,Production Department,,CÉSAR RAMOS,ASSISTENTE DE PRODUÇÃO,Production Department,,first_half,612,pending,1,cesar ramos,,,ambiguous,"[{""nconst"": ""nm0708594"", ""normalized_name"": ""cesar ramos"", ""normalized_name_with_nickname"": null, ""primaryName"": ""C\u00e9sar Ramos"", ""primaryProfession"": ""production_department,producer,actor"", ""birthYear"": null, ""deathYear"": null}, {""nconst"": ""nm10861402"", ""normalized_name"": ""cesar ramos"", ""normalized_name_with_nickname"": null, ""primaryName"": ""Cesar Ramos"", ""primaryProfession"": ""production_department"", ""birthYear"": null, ""deathYear"": null}, {""nconst"": ""nm6265986"", ""normalized_name"": ""cesar ramos"", ""normalized_name_with_nickname"": null, ""primaryName"": ""Cesar Ramos"", ""primaryProfession"": ""camera_department,editor,production_department"", ""birthYear"": null, ""deathYear"": null}, {""nconst"": ""nm9722609"", ""normalized_name"": ""cesar ramos"", ""normalized_name_with_nickname"": null, ""primaryName"": ""Cesar Ramos"", ""primaryProfession"": ""production_department"", ""birthYear"": null, ""deathYear"": null}]",,"{""timestamp"": ""2026-10-03T13:59:22.111992+00:00"", ""model"": ""gemma-4-12b-it-qat-q4_0.gguf"", ""api_version"": null}"
93,3_Percent_S01E06,scene_000_static_010_num00612_sim47.jpg,Production Department,,MARIA HELENA MORSE,SECRETÁRIA DE PRODUÇÃO,Production Department,,first_half,612,pending,1,maria helena morse,,nm0559243,auto_assigned,,Maria Helena Matos,"{""timestamp"": ""2026-10-03T13:59:22.111992+00:00"", ""model"": ""gemma-4-12b-it-qat-q4_0.gguf"", ""api_version"": null}"
94,3_Percent_S01E06,scene_000_static_010_num00612_sim47.jpg,Production Department,,DIANA NUNES,ESTAGIÁRIA DE PRODUÇÃO,Production Department,,first_half,612,pending,1,diana nunes,,,manual_required,"[{""nconst"": ""nm17648749"", ""normalized_name"": ""diana nunes"", ""normalized_name_with_nickname"": null, ""primaryName"": ""Diana Nunes"", ""primaryProfession"": null, ""birthYear"": null, ""deathYear"": null}, {""nconst"": ""nm9072575"", ""normalized_name"": ""diana nunes"", ""normalized_name_with_nickname"": null, ""primaryName"": ""Diana Nunes"", ""primaryProfession"": ""production_manager,producer"", ""birthYear"": null, ""deathYear"": null}]",,"{""timestamp"": ""2026-10-03T13:59:22.111992+00:00"", ""model"": ""gemma-4-12b-it-qat-q4_0.gguf"", ""api_version"": null}"
95,3_Percent_S01E06,scene_000_static_010_num00612_sim47.jpg,Production Department,,MELISA VIDIA RODAS,ASSISTENTES DE PRODUÇÃO EXECUTIVA,Production Department,,first_half,612,pending,1,melisa vidia rodas,,nm14611353,auto_assigned,,Melissa Viga Rodas,"{""timestamp"": ""2026-10-03T13:59:22.111992+00:00"", ""model"": ""gemma-4-12b-it-qat-q4_0.gguf"", ""api_version"": null}"
96,3_Percent_S01E06,scene_000_static_010_num00612_sim47.jpg,Production Department,,ROBERTA CUNHA,ASSISTENTES DE PRODUÇÃO EXECUTIVA,Production Department,,first_half,612,pending,1,roberta cunha,,nm6759313,auto_assigned,,Roberta Cunha,"{""timestamp"": ""2026-10-03T13:59:22.111992+00:00"", ""model"": ""gemma-4-12b-it-qat-q4_0.gguf"", ""api_version"": null}"
97,3_Percent_S01E06,scene_000_static_010_num00612_sim47.jpg,Production Department,,RODRIGO MARQUES,ASSISTENTES DE PRODUÇÃO EXECUTIVA,Production Department,,first_half,612,pending,1,rodrigo marques,,nm7346844,auto_assigned,,Rodrigo Marques,"{""timestamp"": ""2026-10-03T13:59:22.111992+00:00"", ""model"": ""gemma-4-12b-it-qat-q4_0.gguf"", ""api_version"": null}"
98,3_Percent_S01E06,scene_000_static_011_num00672_sim53.jpg,Location Managers,,ZECA PAIXÃO,PRODUTOR DE LOCAÇÃO,Location Managers,,first_half,672,pending,1,zeca paixao,,nm2954335,auto_assigned,,Zeca Paixão,"{""timestamp"": ""2026-10-03T13:59:22.111992+00:00"", ""model"": ""gemma-4-12b-it-qat-q4_0.gguf"", ""api_version"": null}"
99,3_Percent_S01E06,scene_000_static_011_num00672_sim53.jpg,Location Managers,,CESAR RIVITI,ASSISTENTE DE PRODUÇÃO DE LOCAÇÃO,Location Managers,,first_half,672,pending,1,cesar riviti,,gp0000014,internal_assigned,,,"{""timestamp"": ""2026-10-03T13:59:22.111992+00:00"", ""model"": ""gemma-4-12b-it-qat-q4_0.gguf"", ""api_version"": null}"
100,3_Percent_S01E06,scene_000_static_011_num00672_sim53.jpg,Production Managers,,RICARDO AZVEDO TRU,PRODUTOR DE FRENTE,Production Managers,,first_half,672,pending,1,ricardo azvedo tru,,gp0000065,internal_assigned,,,"{""timestamp"": ""2026-10-03T13:59:22.111992+00:00"", ""model"": ""gemma-4-12b-it-qat-q4_0.gguf"", ""api_version"": null}"
101,3_Percent_S01E06,scene_000_static_011_num00672_sim53.jpg,Production Department,,JEDVANY ALMEIDA,ASSISTENTES DE PLATÔ,Production Department,,first_half,672,pending,1,jedvany almeida,,gp0000039,internal_assigned,,,"{""timestamp"": ""2026-10-03T13:59:22.111992+00:00"", ""model"": ""gemma-4-12b-it-qat-q4_0.gguf"", ""api_version"": null}"
102,3_Percent_S01E06,scene_000_static_011_num00672_sim53.jpg,Production Department,,KEVIN SILVA,ASSISTENTES DE PLATÔ,Production Department,,first_half,672,pending,1,kevin silva,,,ambiguous,"[{""nconst"": ""nm12310683"", ""normalized_name"": ""kevin silva"", ""normalized_name_with_nickname"": null, ""primaryName"": ""Kevin Silva"", ""primaryProfession"": ""miscellaneous"", ""birthYear"": null, ""deathYear"": null}, {""nconst"": ""nm14425257"", ""normalized_name"": ""kevin silva"", ""normalized_name_with_nickname"": null, ""primaryName"": ""Kevin Silva"", ""primaryProfession"": ""miscellaneous"", ""birthYear"": null, ""deathYear"": null}, {""nconst"": ""nm9524440"", ""normalized_name"": ""kevin silva"", ""normalized_name_with_nickname"": null, ""primaryName"": ""Kevin Silva"", ""primaryProfession"": ""production_department"", ""birthYear"": null, ""deathYear"": null}]",,"{""timestamp"": ""2026-10-03T13:59:22.111992+00:00"", ""model"": ""gemma-4-12b-it-qat-q4_0.gguf"", ""api_version"": null}"
103,3_Percent_S01E06,scene_000_static_011_num00672_sim53.jpg,Production Department,,LEANDRO BUENO,ASSISTENTES DE PLATÔ,Production Department,,first_half,672,pending,1,leandro bueno,,,manual_required,"[{""nconst"": ""nm17199020"", ""normalized_name"": ""leandro bueno"", ""normalized_name_with_nickname"": null, ""primaryName"": ""Leandro Bueno"", ""primaryProfession"": ""actor"", ""birthYear"": null, ""deathYear"": null}]",,"{""timestamp"": ""2026-10-03T13:59:22.111992+00:00"", ""model"": ""gemma-4-12b-it-qat-q4_0.gguf"", ""api_version"": null}"
104,3_Percent_S01E06,scene_000_static_011_num00672_sim53.jpg,Art Department,,JEFERSON VIANA (JEFF),AJUDANTES DE SET,Art Department,,first_half,672,pending,1,jeferson viana,,gp0000040,internal_assigned,,,"{""timestamp"": ""2026-10-03T13:59:22.111992+00:00"", ""model"": ""gemma-4-12b-it-qat-q4_0.gguf"", ""api_version"": null}"
105,3_Percent_S01E06,"scene_000_static_011_num00672_sim53.jpg,scene_000_static_012_num00732_sim53.jpg",Art Department,,LAERTE MOACIR,AJUDANTES DE SET,Art Department,,first_half,"672,732",pending,1,laerte moacir,,gp0000045,internal_assigned,,,"{""timestamp"": ""2026-10-03T13:59:22.111992+00:00"", ""model"": ""gemma-4-12b-it-qat-q4_0.gguf"", ""api_version"": null}"
106,3_Percent_S01E06,scene_000_static_012_num00732_sim53.jpg,Art Department,,GABRIEL OLIVEIRA LOPES GARCIA,ASSISTENTES DE PRODUÇÃO DE ARTE,Art Department,,first_half,732,pending,1,gabriel oliveira lopes garcia,,gp0000027,internal_assigned,,,"{""timestamp"": ""2026-10-03T13:59:22.111992+00:00"", ""model"": ""gemma-4-12b-it-qat-q4_0.gguf"", ""api_version"": null}"
107,3_Percent_S01E06,scene_000_static_012_num00732_sim53.jpg,Art Department,,MARILIA DOURADO,ASSISTENTES DE PRODUÇÃO DE ARTE,Art Department,,first_half,732,pending,1,marilia dourado,,nm6181768,auto_assigned,,Marília Dourado,"{""timestamp"": ""2026-10-03T13:59:22.111992+00:00"", ""model"": ""gemma-4-12b-it-qat-q4_0.gguf"", ""api_version"": null}"
108,3_Percent_S01E06,scene_000_static_012_num00732_sim53.jpg,Art Department,,PEDRO CARDOSO,ASSISTENTES DE PRODUÇÃO DE ARTE,Art Department,,first_half,732,pending,1,pedro cardoso,,nm12432133,auto_assigned,,Pedro Cardoso,"{""timestamp"": ""2026-10-03T13:59:22.111992+00:00"", ""model"": ""gemma-4-12b-it-qat-q4_0.gguf"", ""api_version"": null}"
109,3_Percent_S01E06,scene_000_static_012_num00732_sim53.jpg,Art Department,,ROBERTO FERREIRA (PEIXINHO),ASSISTENTES DE PRODUÇÃO DE ARTE,Art Department,,first_half,732,pending,1,roberto ferreira,,,manual_required,"[{""nconst"": ""nm0170044"", ""normalized_name"": ""roberto ferreira"", ""normalized_name_with_nickname"": null, ""primaryName"": ""Roberto Ferreira"", ""primaryProfession"": ""actor"", ""birthYear"": null, ""deathYear"": null}, {""nconst"": ""nm15898663"", ""normalized_name"": ""roberto ferreira"", ""normalized_name_with_nickname"": null, ""primaryName"": ""Roberto Ferreira"", ""primaryProfession"": null, ""birthYear"": null, ""deathYear"": null}, {""nconst"": ""nm3665530"", ""normalized_name"": ""roberto ferreira"", ""normalized_name_with_nickname"": null, ""primaryName"": ""Roberto Ferreira"", ""primaryProfession"": ""director,writer,producer"", ""birthYear"": 1960, ""deathYear"": null}, {""nconst"": ""nm6500872"", ""normalized_name"": ""roberto ferreira"", ""normalized_name_with_nickname"": null, ""primaryName"": ""Roberto Ferreira"", ""primaryProfession"": null, ""birthYear"": null, ""deathYear"": null}, {""nconst"": ""nm6726218"", ""normalized_name"": ""roberto ferreira"", ""normalized_name_with_nickname"": null, ""primaryName"": ""Roberto Ferreira"", ""primaryProfession"": ""actor"", ""birthYear"": null, ""deathYear"": null}]",,"{""timestamp"": ""2026-10-03T13:59:22.111992+00:00"", ""model"": ""gemma-4-12b-it-qat-q4_0.gguf"", ""api_version"": null}"
110,3_Percent_S01E06,scene_000_static_012_num00732_sim53.jpg,Art Department,,RENAN RAMIRO,DESIGNER GRÁFICO,Art Department,,first_half,732,pending,1,renan ramiro,,nm5145898,auto_assigned,,Renan Ramiro,"{""timestamp"": ""2026-10-03T13:59:22.111992+00:00"", ""model"": ""gemma-4-12b-it-qat-q4_0.gguf"", ""api_version"": null}"
111,3_Percent_S01E06,scene_000_static_012_num00732_sim53.jpg,Art Department,,ATON PEREIRA,AJUDANTES DE ARTE,Art Department,,first_half,732,pending,1,aton pereira,,,ambiguous,"[{""nconst"": ""nm12627834"", ""normalized_name"": ""anthony pereira"", ""normalized_name_with_nickname"": null, ""primaryName"": ""Anthony Pereira"", ""primaryProfession"": ""art_department"", ""birthYear"": null, ""deathYear"": null, ""fuzzy_similarity"": ""89"", ""matched_string"": ""anthony pereira""}, {""nconst"": ""nm2178182"", ""normalized_name"": ""anthony pereira"", ""normalized_name_with_nickname"": null, ""primaryName"": ""Anthony Pereira"", ""primaryProfession"": ""art_department"", ""birthYear"": null, ""deathYear"": null, ""fuzzy_similarity"": ""89"", ""matched_string"": ""anthony pereira""}]",,"{""timestamp"": ""2026-10-03T13:59:22.111992+00:00"", ""model"": ""gemma-4-12b-it-qat-q4_0.gguf"", ""api_version"": null}"
112,3_Percent_S01E06,scene_000_static_012_num00732_sim53.jpg,Art Department,,BOBI MARIANO,AJUDANTES DE ARTE,Art Department,,first_half,732,pending,1,bobi mariano,,,manual_required,"[{""nconst"": ""nm7134980"", ""normalized_name"": ""bobi mariano"", ""normalized_name_with_nickname"": null, ""primaryName"": ""Bobi Mariano"", ""primaryProfession"": ""production_manager"", ""birthYear"": null, ""deathYear"": null}]",,"{""timestamp"": ""2026-10-03T13:59:22.111992+00:00"", ""model"": ""gemma-4-12b-it-qat-q4_0.gguf"", ""api_version"": null}"
113,3_Percent_S01E06,scene_000_static_012_num00732_sim53.jpg,Art Department,,DIOGO ARAUJO,AJUDANTES DE ARTE,Art Department,,first_half,732,pending,1,diogo araujo,,,manual_required,"[{""nconst"": ""nm13866241"", ""normalized_name"": ""diogo araujo"", ""normalized_name_with_nickname"": null, ""primaryName"": ""Diogo Ara\u00fajo"", ""primaryProfession"": ""cinematographer"", ""birthYear"": null, ""deathYear"": null}, {""nconst"": ""nm5239450"", ""normalized_name"": ""diogo araujo"", ""normalized_name_with_nickname"": null, ""primaryName"": ""Diogo Ara\u00fajo"", ""primaryProfession"": ""actor"", ""birthYear"": null, ""deathYear"": null}]",,"{""timestamp"": ""2026-10-03T13:59:22.111992+00:00"", ""model"": ""gemma-4-12b-it-qat-q4_0.gguf"", ""api_version"": null}"
114,3_Percent_S01E06,scene_000_static_012_num00732_sim53.jpg,Art Department,,HIGOR LOPES,AJUDANTES DE ARTE,Art Department,,first_half,732,pending,1,higor lopes,,gp0000033,internal_assigned,,,"{""timestamp"": ""2026-10-03T13:59:22.111992+00:00"", ""model"": ""gemma-4-12b-it-qat-q4_0.gguf"", ""api_version"": null}"
115,3_Percent_S01E06,scene_000_static_012_num00732_sim53.jpg,Art Department,,IGOR ISUI,AJUDANTES DE ARTE,Art Department,,first_half,732,pending,1,igor isui,,gp0000035,internal_assigned,,,"{""timestamp"": ""2026-10-03T13:59:22.111992+00:00"", ""model"": ""gemma-4-12b-it-qat-q4_0.gguf"", ""api_version"": null}"
116,3_Percent_S01E06,scene_000_static_012_num00732_sim53.jpg,Art Department,,JORGE MIRANDA,AJUDANTES DE ARTE,Art Department,,first_half,732,pending,1,jorge miranda,,,manual_required,"[{""nconst"": ""nm11540124"", ""normalized_name"": ""jorge miranda"", ""normalized_name_with_nickname"": null, ""primaryName"": ""Jorge Miranda"", ""primaryProfession"": null, ""birthYear"": null, ""deathYear"": null}, {""nconst"": ""nm1262818"", ""normalized_name"": ""jorge miranda"", ""normalized_name_with_nickname"": null, ""primaryName"": ""Jorge Miranda"", ""primaryProfession"": ""actor"", ""birthYear"": null, ""deathYear"": null}, {""nconst"": ""nm15262855"", ""normalized_name"": ""jorge miranda"", ""normalized_name_with_nickname"": null, ""primaryName"": ""Jorge Miranda"", ""primaryProfession"": ""transportation_department"", ""birthYear"": null, ""deathYear"": null}, {""nconst"": ""nm15711162"", ""normalized_name"": ""jorge miranda"", ""normalized_name_with_nickname"": null, ""primaryName"": ""Jorge Miranda"", ""primaryProfession"": ""camera_department"", ""birthYear"": null, ""deathYear"": null}, {""nconst"": ""nm16351287"", ""normalized_name"": ""jorge miranda"", ""normalized_name_with_nickname"": null, ""primaryName"": ""Jorge Miranda"", ""primaryProfession"": ""actor"", ""birthYear"": null, ""deathYear"": null}, {""nconst"": ""nm16772783"", ""normalized_name"": ""jorge miranda"", ""normalized_name_with_nickname"": null, ""primaryName"": ""Jorge Miranda"", ""primaryProfession"": ""visual_effects"", ""birthYear"": null, ""deathYear"": null}, {""nconst"": ""nm17702620"", ""normalized_name"": ""jorge miranda"", ""normalized_name_with_nickname"": null, ""primaryName"": ""Jorge Miranda"", ""primaryProfession"": ""miscellaneous"", ""birthYear"": null, ""deathYear"": null}, {""nconst"": ""nm2296070"", ""normalized_name"": ""jorge miranda"", ""normalized_name_with_nickname"": null, ""primaryName"": ""Jorge Miranda"", ""primaryProfession"": ""sound_department"", ""birthYear"": null, ""deathYear"": null}, {""nconst"": ""nm2609972"", ""normalized_name"": ""jorge miranda"", ""normalized_name_with_nickname"": null, ""primaryName"": ""Jorge Miranda"", ""primaryProfession"": ""sound_department"", ""birthYear"": null, ""deathYear"": null}, {""nconst"": ""nm2634520"", ""normalized_name"": ""jorge miranda"", ""normalized_name_with_nickname"": null, ""primaryName"": ""Jorge Miranda"", ""primaryProfession"": ""actor"", ""birthYear"": null, ""deathYear"": null}, {""nconst"": ""nm4832628"", ""normalized_name"": ""jorge miranda"", ""normalized_name_with_nickname"": null, ""primaryName"": ""Jorge Miranda"", ""primaryProfession"": ""music_department"", ""birthYear"": null, ""deathYear"": null}, {""nconst"": ""nm7404284"", ""normalized_name"": ""jorge miranda"", ""normalized_name_with_nickname"": null, ""primaryName"": ""Jorge Miranda"", ""primaryProfession"": ""art_director"", ""birthYear"": null, ""deathYear"": null}, {""nconst"": ""nm7417544"", ""normalized_name"": ""jorge miranda"", ""normalized_name_with_nickname"": null, ""primaryName"": ""Jorge Miranda"", ""primaryProfession"": ""visual_effects"", ""birthYear"": null, ""deathYear"": null}, {""nconst"": ""nm7562401"", ""normalized_name"": ""jorge miranda"", ""normalized_name_with_nickname"": null, ""primaryName"": ""Jorge Miranda"", ""primaryProfession"": ""camera_department"", ""birthYear"": null, ""deathYear"": null}, {""nconst"": ""nm7600947"", ""normalized_name"": ""jorge miranda"", ""normalized_name_with_nickname"": null, ""primaryName"": ""Jorge Miranda"", ""primaryProfession"": ""assistant_director"", ""birthYear"": null, ""deathYear"": null}, {""nconst"": ""nm8632657"", ""normalized_name"": ""jorge miranda"", ""normalized_name_with_nickname"": null, ""primaryName"": ""Jorge Miranda"", ""primaryProfession"": ""visual_effects,miscellaneous"", ""birthYear"": null, ""deathYear"": null}, {""nconst"": ""nm8793501"", ""normalized_name"": ""jorge miranda"", ""normalized_name_with_nickname"": null, ""primaryName"": ""Jorge Miranda"", ""primaryProfession"": ""actor"", ""birthYear"": null, ""deathYear"": null}, {""nconst"": ""nm9054817"", ""normalized_name"": ""jorge miranda"", ""normalized_name_with_nickname"": null, ""primaryName"": ""Jorge Miranda"", ""primaryProfession"": ""art_director"", ""birthYear"": null, ""deathYear"": null}]",,"{""timestamp"": ""2026-10-03T13:59:22.111992+00:00"", ""model"": ""gemma-4-12b-it-qat-q4_0.gguf"", ""api_version"": null}"
117,3_Percent_S01E06,scene_000_static_012_num00732_sim53.jpg,Art Department,,PETTER JEFFERSON,AJUDANTES DE ARTE,Art Department,,first_half,732,pending,1,petter jefferson,,gp0000061,internal_assigned,,,"{""timestamp"": ""2026-10-03T13:59:22.111992+00:00"", ""model"": ""gemma-4-12b-it-qat-q4_0.gguf"", ""api_version"": null}"
118,3_Percent_S01E06,scene_000_static_012_num00732_sim53.jpg,Art Department,,RENAN CAMPOS,AJUDANTES DE ARTE,Art Department,,first_half,732,pending,1,renan campos,,,manual_required,"[{""nconst"": ""nm12503434"", ""normalized_name"": ""renan campos"", ""normalized_name_with_nickname"": null, ""primaryName"": ""Renan Campos"", ""primaryProfession"": null, ""birthYear"": null, ""deathYear"": null}]",,"{""timestamp"": ""2026-10-03T13:59:22.111992+00:00"", ""model"": ""gemma-4-12b-it-qat-q4_0.gguf"", ""api_version"": null}"
119,3_Percent_S01E06,scene_000_static_012_num00732_sim53.jpg,Art Department,,WELLINGTON BENFATI,AJUDANTES DE ARTE,Art Department,,first_half,732,pending,1,wellington benfati,,gp0000073,internal_assigned,,,"{""timestamp"": ""2026-10-03T13:59:22.111992+00:00"", ""model"": ""gemma-4-12b-it-qat-q4_0.gguf"", ""api_version"": null}"
120,3_Percent_S01E06,scene_000_static_012_num00732_sim53.jpg,Art Department,,WILLIAM ALVES NASCIMENTO,AJUDANTES DE ARTE,Art Department,,first_half,732,pending,1,william alves nascimento,,gp0000074,internal_assigned,,,"{""timestamp"": ""2026-10-03T13:59:22.111992+00:00"", ""model"": ""gemma-4-12b-it-qat-q4_0.gguf"", ""api_version"": null}"
121,3_Percent_S01E06,scene_000_static_013_num00792_sim50.jpg,Additional Crew,,BOBI MARCOS MARIANO COSTA,CONTRARREGRAS,Additional Crew,,first_half,792,pending,1,bobi marcos mariano costa,,gp0000008,internal_assigned,,,"{""timestamp"": ""2026-10-03T13:59:22.111992+00:00"", ""model"": ""gemma-4-12b-it-qat-q4_0.gguf"", ""api_version"": null}"
122,3_Percent_S01E06,scene_000_static_013_num00792_sim50.jpg,Additional Crew,,KENNEDY MARIANO,CONTRARREGRAS,Additional Crew,,first_half,792,pending,1,kennedy mariano,,,manual_required,"[{""nconst"": ""nm7486057"", ""normalized_name"": ""kennedy mariano"", ""normalized_name_with_nickname"": null, ""primaryName"": ""Kennedy Mariano"", ""primaryProfession"": ""art_department,art_director"", ""birthYear"": null, ""deathYear"": null}]",,"{""timestamp"": ""2026-10-03T13:59:22.111992+00:00"", ""model"": ""gemma-4-12b-it-qat-q4_0.gguf"", ""api_version"": null}"
123,3_Percent_S01E06,scene_000_static_013_num00792_sim50.jpg,Additional Crew,,MARCIÃO ARALDO,CONTRARREGRA DE FRENTE,Additional Crew,,first_half,792,pending,1,marciao araldo,,gp0000052,internal_assigned,,,"{""timestamp"": ""2026-10-03T13:59:22.111992+00:00"", ""model"": ""gemma-4-12b-it-qat-q4_0.gguf"", ""api_version"": null}"
124,3_Percent_S01E06,scene_000_static_013_num00792_sim50.jpg,Art Department,,JESUS WALKIR,ADERECISTAS,Art Department,,first_half,792,pending,1,jesus walkir,,gp0000041,internal_assigned,,,"{""timestamp"": ""2026-10-03T13:59:22.111992+00:00"", ""model"": ""gemma-4-12b-it-qat-q4_0.gguf"", ""api_version"": null}"
125,3_Percent_S01E06,scene_000_static_013_num00792_sim50.jpg,Art Department,,TROY,ADERECISTAS,Art Department,,first_half,792,pending,1,troy,,,ambiguous,"[{""nconst"": ""nm11018629"", ""normalized_name"": ""troy"", ""normalized_name_with_nickname"": null, ""primaryName"": ""Troy"", ""primaryProfession"": ""art_department"", ""birthYear"": null, ""deathYear"": null}, {""nconst"": ""nm17628557"", ""normalized_name"": ""troy"", ""normalized_name_with_nickname"": null, ""primaryName"": ""Troy"", ""primaryProfession"": ""art_department"", ""birthYear"": null, ""deathYear"": null}, {""nconst"": ""nm2710545"", ""normalized_name"": ""troy"", ""normalized_name_with_nickname"": null, ""primaryName"": ""Dr. Troy"", ""primaryProfession"": ""art_department,miscellaneous"", ""birthYear"": null, ""deathYear"": null}]",,"{""timestamp"": ""2026-10-03T13:59:22.111992+00:00"", ""model"": ""gemma-4-12b-it-qat-q4_0.gguf"", ""api_version"": null}"
126,3_Percent_S01E06,scene_000_static_013_num00792_sim50.jpg,Art Department,,TRIBO DA ARTE,ADERECISTAS,Art Department,,first_half,792,pending,0,tribo da arte,,cm0000032,internal_assigned,,,"{""timestamp"": ""2026-10-03T13:59:22.111992+00:00"", ""model"": ""gemma-4-12b-it-qat-q4_0.gguf"", ""api_version"": null}"
127,3_Percent_S01E06,scene_000_static_013_num00792_sim50.jpg,Additional Crew,,DARIO SANTOS DE MIRANDA,ASSISTENTE DE CONTRARREGRA,Additional Crew,,first_half,792,pending,1,dario santos de miranda,,gp0000017,internal_assigned,,,"{""timestamp"": ""2026-10-03T13:59:22.111992+00:00"", ""model"": ""gemma-4-12b-it-qat-q4_0.gguf"", ""api_version"": null}"
128,3_Percent_S01E06,scene_000_static_013_num00792_sim50.jpg,Art Department,,GILDO REIS,SERRALHEIROS,Art Department,,first_half,792,pending,1,gildo reis,,gp0000029,internal_assigned,,,"{""timestamp"": ""2026-10-03T13:59:22.111992+00:00"", ""model"": ""gemma-4-12b-it-qat-q4_0.gguf"", ""api_version"": null}"
129,3_Percent_S01E06,scene_000_static_013_num00792_sim50.jpg,Art Department,,MARCIO PEREZ,SERRALHEIROS,Art Department,,first_half,792,pending,1,marcio perez,,,ambiguous,"[{""nconst"": ""nm0702276"", ""normalized_name"": ""mario perez"", ""normalized_name_with_nickname"": null, ""primaryName"": ""Mario P\u00e9rez"", ""primaryProfession"": ""actor,art_department,camera_department"", ""birthYear"": null, ""deathYear"": null, ""fuzzy_similarity"": ""96"", ""matched_string"": ""mario perez""}, {""nconst"": ""nm15098300"", ""normalized_name"": ""mario perez"", ""normalized_name_with_nickname"": null, ""primaryName"": ""Mario Perez"", ""primaryProfession"": ""art_department"", ""birthYear"": null, ""deathYear"": null, ""fuzzy_similarity"": ""96"", ""matched_string"": ""mario perez""}, {""nconst"": ""nm15655568"", ""normalized_name"": ""marco perez"", ""normalized_name_with_nickname"": null, ""primaryName"": ""Marco Perez"", ""primaryProfession"": ""animation_department,art_department"", ""birthYear"": null, ""deathYear"": null, ""fuzzy_similarity"": ""96"", ""matched_string"": ""marco perez""}, {""nconst"": ""nm15814486"", ""normalized_name"": ""marciano perez"", ""normalized_name_with_nickname"": null, ""primaryName"": ""Marciano Perez"", ""primaryProfession"": ""art_department"", ""birthYear"": null, ""deathYear"": null, ""fuzzy_similarity"": ""92"", ""matched_string"": ""marciano perez""}, {""nconst"": ""nm17309300"", ""normalized_name"": ""marcos perez"", ""normalized_name_with_nickname"": null, ""primaryName"": ""Marcos Perez"", ""primaryProfession"": ""art_department"", ""birthYear"": null, ""deathYear"": null, ""fuzzy_similarity"": ""92"", ""matched_string"": ""marcos perez""}, {""nconst"": ""nm2554623"", ""normalized_name"": ""marcia perez"", ""normalized_name_with_nickname"": null, ""primaryName"": ""Marcia Perez"", ""primaryProfession"": ""production_designer,art_department,art_director"", ""birthYear"": null, ""deathYear"": null, ""fuzzy_similarity"": ""92"", ""matched_string"": ""marcia perez""}, {""nconst"": ""nm6887985"", ""normalized_name"": ""marc perez"", ""normalized_name_with_nickname"": null, ""primaryName"": ""Marc Perez"", ""primaryProfession"": ""animation_department,art_department"", ""birthYear"": null, ""deathYear"": null, ""fuzzy_similarity"": ""91"", ""matched_string"": ""marc perez""}, {""nconst"": ""nm15517430"", ""normalized_name"": ""marcelo perez"", ""normalized_name_with_nickname"": null, ""primaryName"": ""Marcelo P\u00e9rez"", ""primaryProfession"": ""art_department"", ""birthYear"": null, ""deathYear"": null, ""fuzzy_similarity"": ""88"", ""matched_string"": ""marcelo perez""}, {""nconst"": ""nm5850691"", ""normalized_name"": ""arcadio perez"", ""normalized_name_with_nickname"": null, ""primaryName"": ""Arcadio P\u00e9rez"", ""primaryProfession"": ""actor,writer,art_department"", ""birthYear"": null, ""deathYear"": null, ""fuzzy_similarity"": ""88"", ""matched_string"": ""arcadio perez""}]",,"{""timestamp"": ""2026-10-03T13:59:22.111992+00:00"", ""model"": ""gemma-4-12b-it-qat-q4_0.gguf"", ""api_version"": null}"
130,3_Percent_S01E06,scene_000_static_014_num00852_sim44.jpg,Costume and Wardrobe Department,,PATRÍCIA SAYURI SATO,PRODUTORA DE FIGURINO,Costume and Wardrobe Department,,first_half,852,pending,1,patricia sayuri sato,,nm5674319,auto_assigned,,Patricia Sayuri Sato,"{""timestamp"": ""2026-10-03T13:59:22.111992+00:00"", ""model"": ""gemma-4-12b-it-qat-q4_0.gguf"", ""api_version"": null}"
131,3_Percent_S01E06,scene_000_static_014_num00852_sim44.jpg,Costume and Wardrobe Department,,ADRIANA RECCHI,ASSISTENTES DE FIGURINO,Costume and Wardrobe Department,,first_half,852,pending,1,adriana recchi,,,manual_required,"[{""nconst"": ""nm12503835"", ""normalized_name"": ""adriana recchi"", ""normalized_name_with_nickname"": null, ""primaryName"": ""Adriana Recchi"", ""primaryProfession"": ""actress"", ""birthYear"": null, ""deathYear"": null}]",,"{""timestamp"": ""2026-10-03T13:59:22.111992+00:00"", ""model"": ""gemma-4-12b-it-qat-q4_0.gguf"", ""api_version"": null}"
132,3_Percent_S01E06,scene_000_static_014_num00852_sim44.jpg,Costume and Wardrobe Department,,POLLY LYRA COSTA,ASSISTENTES DE FIGURINO,Costume and Wardrobe Department,,first_half,852,pending,1,polly lyra costa,,gp0000062,internal_assigned,,,"{""timestamp"": ""2026-10-03T13:59:22.111992+00:00"", ""model"": ""gemma-4-12b-it-qat-q4_0.gguf"", ""api_version"": null}"
133,3_Percent_S01E06,scene_000_static_014_num00852_sim44.jpg,Production Department,,JACOBELINE VILAR,CAMAREIRAS,Production Department,,first_half,852,pending,1,jacobeline vilar,,gp0000037,internal_assigned,,,"{""timestamp"": ""2026-10-03T13:59:22.111992+00:00"", ""model"": ""gemma-4-12b-it-qat-q4_0.gguf"", ""api_version"": null}"
134,3_Percent_S01E06,scene_000_static_014_num00852_sim44.jpg,Production Department,,LILI SANTA ROSA,CAMAREIRAS,Production Department,,first_half,852,pending,1,lili santa rosa,,gp0000049,internal_assigned,,,"{""timestamp"": ""2026-10-03T13:59:22.111992+00:00"", ""model"": ""gemma-4-12b-it-qat-q4_0.gguf"", ""api_version"": null}"
135,3_Percent_S01E06,scene_000_static_014_num00852_sim44.jpg,Production Department,,REJANE MEIRE GOMES SÁ,CAMAREIRAS,Production Department,,first_half,852,pending,1,rejane meire gomes sa,,gp0000064,internal_assigned,,,"{""timestamp"": ""2026-10-03T13:59:22.111992+00:00"", ""model"": ""gemma-4-12b-it-qat-q4_0.gguf"", ""api_version"": null}"
136,3_Percent_S01E06,scene_000_static_014_num00852_sim44.jpg,Costume and Wardrobe Department,,ALÍPIO GOMES,COLABORADORES DE FIGURINO,Costume and Wardrobe Department,,first_half,852,pending,1,alipio gomes,,gp0000004,internal_assigned,,,"{""timestamp"": ""2026-10-03T13:59:22.111992+00:00"", ""model"": ""gemma-4-12b-it-qat-q4_0.gguf"", ""api_version"": null}"
137,3_Percent_S01E06,scene_000_static_014_num00852_sim44.jpg,Costume and Wardrobe Department,,ANTONIA BAIXA REITOOSA,COLABORADORES DE FIGURINO,Costume and Wardrobe Department,,first_half,852,pending,1,antonia baixa reitoosa,,gp0000005,internal_assigned,,,"{""timestamp"": ""2026-10-03T13:59:22.111992+00:00"", ""model"": ""gemma-4-12b-it-qat-q4_0.gguf"", ""api_version"": null}"
138,3_Percent_S01E06,scene_000_static_014_num00852_sim44.jpg,Costume and Wardrobe Department,,MARIA ALDA GONÇALVES,COLABORADORES DE FIGURINO,Costume and Wardrobe Department,,first_half,852,pending,1,maria alda goncalves,,nm1873302,auto_assigned,,Ana Maria Gonçalves,"{""timestamp"": ""2026-10-03T13:59:22.111992+00:00"", ""model"": ""gemma-4-12b-it-qat-q4_0.gguf"", ""api_version"": null}"
139,3_Percent_S01E06,scene_000_static_014_num00852_sim44.jpg,Costume and Wardrobe Department,,PIERRE GARCIA,COLABORADORES DE FIGURINO,Costume and Wardrobe Department,,first_half,852,pending,1,pierre garcia,,nm3262601,auto_assigned,,Pierre Garcia,"{""timestamp"": ""2026-10-03T13:59:22.111992+00:00"", ""model"": ""gemma-4-12b-it-qat-q4_0.gguf"", ""api_version"": null}"
140,3_Percent_S01E06,scene_000_static_014_num00852_sim44.jpg,Costume and Wardrobe Department,,CARDECIA DE CASTRO,COLABORADORES DE FIGURINO,Costume and Wardrobe Department,,first_half,852,pending,1,cardecia de castro,,gp0000011,internal_assigned,,,"{""timestamp"": ""2026-10-03T13:59:22.111992+00:00"", ""model"": ""gemma-4-12b-it-qat-q4_0.gguf"", ""api_version"": null}"
141,3_Percent_S01E06,scene_000_static_014_num00852_sim44.jpg,Makeup Department,,AMANDA MIRAGE,"ASSISTENTES DE MAQUIAGEM, CABELO E EFEITOS",Makeup Department,,first_half,852,pending,1,amanda mirage,,nm7833532,auto_assigned,,Amanda Mirage,"{""timestamp"": ""2026-10-03T13:59:22.111992+00:00"", ""model"": ""gemma-4-12b-it-qat-q4_0.gguf"", ""api_version"": null}"
142,3_Percent_S01E06,scene_000_static_014_num00852_sim44.jpg,Makeup Department,,GABI SCHEMBECK,"ASSISTENTES DE MAQUIAGEM, CABELO E EFEITOS",Makeup Department,,first_half,852,pending,1,gabi schembeck,,nm8623870,auto_assigned,,Gabriela Schembeck,"{""timestamp"": ""2026-10-03T13:59:22.111992+00:00"", ""model"": ""gemma-4-12b-it-qat-q4_0.gguf"", ""api_version"": null}"
143,3_Percent_S01E06,scene_000_static_014_num00852_sim44.jpg,Makeup Department,,JULIANA SANTOS,"ASSISTENTES DE MAQUIAGEM, CABELO E EFEITOS",Makeup Department,,first_half,852,pending,1,juliana santos,,,ambiguous,"[{""nconst"": ""nm11961307"", ""normalized_name"": ""juliana santos"", ""normalized_name_with_nickname"": null, ""primaryName"": ""Juliana Santos"", ""primaryProfession"": ""make_up_department"", ""birthYear"": null, ""deathYear"": null}, {""nconst"": ""nm15334570"", ""normalized_name"": ""juliana santos"", ""normalized_name_with_nickname"": null, ""primaryName"": ""Juliana Santos"", ""primaryProfession"": ""make_up_department"", ""birthYear"": null, ""deathYear"": null}, {""nconst"": ""nm17649195"", ""normalized_name"": ""juliana santos"", ""normalized_name_with_nickname"": null, ""primaryName"": ""Juliana Santos"", ""primaryProfession"": ""make_up_department"", ""birthYear"": null, ""deathYear"": null}, {""nconst"": ""nm6420403"", ""normalized_name"": ""juliana santos"", ""normalized_name_with_nickname"": null, ""primaryName"": ""Juliana Santos"", ""primaryProfession"": ""make_up_department"", ""birthYear"": null, ""deathYear"": null}]",,"{""timestamp"": ""2026-10-03T13:59:22.111992+00:00"", ""model"": ""gemma-4-12b-it-qat-q4_0.gguf"", ""api_version"": null}"
144,3_Percent_S01E06,scene_000_static_014_num00852_sim44.jpg,Makeup Department,,LEON BUFFEIN,"ASSISTENTES DE MAQUIAGEM, CABELO E EFEITOS",Makeup Department,,first_half,852,pending,1,leon buffein,,gp0000047,internal_assigned,,,"{""timestamp"": ""2026-10-03T13:59:22.111992+00:00"", ""model"": ""gemma-4-12b-it-qat-q4_0.gguf"", ""api_version"": null}"
145,3_Percent_S01E06,scene_000_static_014_num00852_sim44.jpg,Makeup Department,,MARIA LUCIA GAMA RAMALHO,"ASSISTENTES DE MAQUIAGEM, CABELO E EFEITOS",Makeup Department,,first_half,852,pending,1,maria lucia gama ramalho,,gp0000054,internal_assigned,,,"{""timestamp"": ""2026-10-03T13:59:22.111992+00:00"", ""model"": ""gemma-4-12b-it-qat-q4_0.gguf"", ""api_version"": null}"
146,3_Percent_S01E06,scene_000_static_014_num00852_sim44.jpg,Makeup Department,,RAGNEL VANDELLI,"ASSISTENTES DE MAQUIAGEM, CABELO E EFEITOS",Makeup Department,,first_half,852,pending,1,ragnel vandelli,,nm7385724,auto_assigned,,Ragnel Vandelli,"{""timestamp"": ""2026-10-03T13:59:22.111992+00:00"", ""model"": ""gemma-4-12b-it-qat-q4_0.gguf"", ""api_version"": null}"
147,3_Percent_S01E06,scene_000_static_014_num00852_sim44.jpg,Makeup Department,,RENATA RODRIGUES,"ASSISTENTES DE MAQUIAGEM, CABELO E EFEITOS",Makeup Department,,first_half,852,pending,1,renata rodrigues,,,ambiguous,"[{""nconst"": ""nm10466296"", ""normalized_name"": ""renata rodrigues"", ""normalized_name_with_nickname"": null, ""primaryName"": ""Renata Rodrigues"", ""primaryProfession"": ""make_up_department"", ""birthYear"": null, ""deathYear"": null}, {""nconst"": ""nm1501898"", ""normalized_name"": ""renata rodrigues"", ""normalized_name_with_nickname"": null, ""primaryName"": ""Renata Rodrigues"", ""primaryProfession"": ""make_up_department,art_department,special_effects"", ""birthYear"": null, ""deathYear"": null}]",,"{""timestamp"": ""2026-10-03T13:59:22.111992+00:00"", ""model"": ""gemma-4-12b-it-qat-q4_0.gguf"", ""api_version"": null}"
148,3_Percent_S01E06,scene_000_static_015_num00912_sim50.jpg,Sound Department,,JULIANO ZOPPI,TÉCNICOS DE SOM,Sound Department,,first_half,912,pending,1,juliano zoppi,,nm3679680,auto_assigned,,Juliano Zoppi,"{""timestamp"": ""2026-10-03T13:59:22.111992+00:00"", ""model"": ""gemma-4-12b-it-qat-q4_0.gguf"", ""api_version"": null}"
149,3_Percent_S01E06,scene_000_static_015_num00912_sim50.jpg,Sound Department,,RAGNAR RIBAS,TÉCNICOS DE SOM,Sound Department,,first_half,912,pending,1,ragnar ribas,,nm6671626,auto_assigned,,Ragnar Ribas,"{""timestamp"": ""2026-10-03T13:59:22.111992+00:00"", ""model"": ""gemma-4-12b-it-qat-q4_0.gguf"", ""api_version"": null}"
150,3_Percent_S01E06,scene_000_static_015_num00912_sim50.jpg,Sound Department,,RENÉ BRASIL,TÉCNICO DE SOM - 8ª UNIDADE,Sound Department,,first_half,912,pending,1,rene brasil,,nm2156137,auto_assigned,,Rene Brasil,"{""timestamp"": ""2026-10-03T13:59:22.111992+00:00"", ""model"": ""gemma-4-12b-it-qat-q4_0.gguf"", ""api_version"": null}"
151,3_Percent_S01E06,scene_000_static_015_num00912_sim50.jpg,Sound Department,,UBIRATAN GIUDIO,MICROFONISTA,Sound Department,,first_half,912,pending,1,ubiratan giudio,,nm1806399,auto_assigned,,Ubiratan Guidio,"{""timestamp"": ""2026-10-03T13:59:22.111992+00:00"", ""model"": ""gemma-4-12b-it-qat-q4_0.gguf"", ""api_version"": null}"
152,3_Percent_S01E06,scene_000_static_015_num00912_sim50.jpg,Sound Department,,DANIEL LANDI,ASSISTENTE DE SOM,Sound Department,,first_half,912,pending,1,daniel landi,,nm4385336,auto_assigned,,Daniel Foland,"{""timestamp"": ""2026-10-03T13:59:22.111992+00:00"", ""model"": ""gemma-4-12b-it-qat-q4_0.gguf"", ""api_version"": null}"
153,3_Percent_S01E06,scene_000_static_015_num00912_sim50.jpg,Production Department,,THIAGO H. STRASSALANO,COORDENADOR DE PROJEÇÕES,Production Department,,first_half,912,pending,1,thiago h strassalano,,gp0000068,internal_assigned,,,"{""timestamp"": ""2026-10-03T13:59:22.111992+00:00"", ""model"": ""gemma-4-12b-it-qat-q4_0.gguf"", ""api_version"": null}"
154,3_Percent_S01E06,scene_000_static_015_num00912_sim50.jpg,Production Department,,RAFAEL BOTTER,TÉCNICO DE PROJEÇÃO,Production Department,,first_half,912,pending,1,rafael botter,,nm0098474,auto_assigned,,Rafaél Botero,"{""timestamp"": ""2026-10-03T13:59:22.111992+00:00"", ""model"": ""gemma-4-12b-it-qat-q4_0.gguf"", ""api_version"": null}"
155,3_Percent_S01E06,scene_000_static_015_num00912_sim50.jpg,Camera and Electrical Department,,FERNANDO ADDEI,LIGHT MAPPER,Camera and Electrical Department,,first_half,912,pending,1,fernando addei,,nm13944247,auto_assigned,,Fernando Adji,"{""timestamp"": ""2026-10-03T13:59:22.111992+00:00"", ""model"": ""gemma-4-12b-it-qat-q4_0.gguf"", ""api_version"": null}"
156,3_Percent_S01E06,scene_000_static_015_num00912_sim50.jpg,Camera and Electrical Department,,RAFAEL BOTTER,LIGHT MAPPER,Camera and Electrical Department,,first_half,912,pending,1,rafael botter,,nm2437240,auto_assigned,,Rafael Boelter,"{""timestamp"": ""2026-10-03T13:59:22.111992+00:00"", ""model"": ""gemma-4-12b-it-qat-q4_0.gguf"", ""api_version"": null}"
157,3_Percent_S01E06,scene_000_static_015_num00912_sim50.jpg,Camera and Electrical Department,,THIAGO H. STRASSALANO,LIGHT MAPPER,Camera and Electrical Department,,first_half,912,pending,1,thiago h strassalano,,gp0000069,internal_assigned,,,"{""timestamp"": ""2026-10-03T13:59:22.111992+00:00"", ""model"": ""gemma-4-12b-it-qat-q4_0.gguf"", ""api_version"": null}"
158,3_Percent_S01E06,scene_000_static_015_num00912_sim50.jpg,Production Department,,LEONARDO GUSMÃO,ASSISTENTE DE PROJEÇÃO,Production Department,,first_half,912,pending,1,leonardo gusmao,,gp0000048,internal_assigned,,,"{""timestamp"": ""2026-10-03T13:59:22.111992+00:00"", ""model"": ""gemma-4-12b-it-qat-q4_0.gguf"", ""api_version"": null}"
159,3_Percent_S01E06,scene_000_static_015_num00912_sim50.jpg,Art Department,,FERNANDO ADDEI,ARTES PARA PROJEÇÃO,Art Department,,first_half,912,pending,1,fernando addei,,gp0000025,internal_assigned,,,"{""timestamp"": ""2026-10-03T13:59:22.111992+00:00"", ""model"": ""gemma-4-12b-it-qat-q4_0.gguf"", ""api_version"": null}"
160,3_Percent_S01E06,scene_000_static_015_num00912_sim50.jpg,Art Department,,FERNANDO VELASQUEZ,ARTES PARA PROJEÇÃO,Art Department,,first_half,912,pending,1,fernando velasquez,,,manual_required,"[{""nconst"": ""nm11234215"", ""normalized_name"": ""fernando velasquez"", ""normalized_name_with_nickname"": null, ""primaryName"": ""Fernando Velasquez"", ""primaryProfession"": ""actor"", ""birthYear"": null, ""deathYear"": null}, {""nconst"": ""nm12565824"", ""normalized_name"": ""fernando velasquez"", ""normalized_name_with_nickname"": null, ""primaryName"": ""Fernando Velasquez"", ""primaryProfession"": ""actor,cinematographer"", ""birthYear"": null, ""deathYear"": null}, {""nconst"": ""nm15424894"", ""normalized_name"": ""fernando velasquez"", ""normalized_name_with_nickname"": null, ""primaryName"": ""Fernando Vel\u00e1squez"", ""primaryProfession"": ""cinematographer"", ""birthYear"": null, ""deathYear"": null}, {""nconst"": ""nm1675565"", ""normalized_name"": ""fernando velasquez"", ""normalized_name_with_nickname"": null, ""primaryName"": ""Fernando Velasquez"", ""primaryProfession"": ""actor"", ""birthYear"": null, ""deathYear"": null}, {""nconst"": ""nm16892936"", ""normalized_name"": ""fernando velasquez"", ""normalized_name_with_nickname"": null, ""primaryName"": ""Fernando Vel\u00e1squez"", ""primaryProfession"": ""actor"", ""birthYear"": null, ""deathYear"": null}, {""nconst"": ""nm1772441"", ""normalized_name"": ""fernando velasquez"", ""normalized_name_with_nickname"": null, ""primaryName"": ""Fernando Velasquez"", ""primaryProfession"": ""visual_effects,miscellaneous"", ""birthYear"": null, ""deathYear"": null}, {""nconst"": ""nm4821745"", ""normalized_name"": ""fernando velasquez"", ""normalized_name_with_nickname"": null, ""primaryName"": ""Fernando Velasquez"", ""primaryProfession"": ""actor"", ""birthYear"": null, ""deathYear"": null}, {""nconst"": ""nm7187708"", ""normalized_name"": ""fernando velasquez"", ""normalized_name_with_nickname"": null, ""primaryName"": ""Fernando Velasquez"", ""primaryProfession"": ""actor"", ""birthYear"": null, ""deathYear"": null}]",,"{""timestamp"": ""2026-10-03T13:59:22.111992+00:00"", ""model"": ""gemma-4-12b-it-qat-q4_0.gguf"", ""api_version"": null}"
161,3_Percent_S01E06,scene_000_static_015_num00912_sim50.jpg,Art Department,,NILTON CALCANTI,ARTES PARA PROJEÇÃO,Art Department,,first_half,912,pending,1,nilton calcanti,,gp0000057,internal_assigned,,,"{""timestamp"": ""2026-10-03T13:59:22.111992+00:00"", ""model"": ""gemma-4-12b-it-qat-q4_0.gguf"", ""api_version"": null}"
162,3_Percent_S01E06,scene_000_static_015_num00912_sim50.jpg,Art Department,,THIAGO H. STRASSALANO,ARTES PARA PROJEÇÃO,Art Department,,first_half,912,pending,1,thiago h strassalano,,nm11010044,auto_assigned,,Thiago Strassalano,"{""timestamp"": ""2026-10-03T13:59:22.111992+00:00"", ""model"": ""gemma-4-12b-it-qat-q4_0.gguf"", ""api_version"": null}"
163,3_Percent_S01E06,scene_000_static_015_num00912_sim50.jpg,Miscellaneous Companies,,"MAXI ÁUDIO, LUZ, E IMAGEM",SUPORTE TÉCNICO PARA PROJEÇÃO,Miscellaneous Companies,,first_half,912,pending,0,maxi áudio luz e imagem,,cm0000018,internal_assigned,,,"{""timestamp"": ""2026-10-03T13:59:22.111992+00:00"", ""model"": ""gemma-4-12b-it-qat-q4_0.gguf"", ""api_version"": null}"
164,3_Percent_S01E06,scene_000_static_016_num00960_sim41.jpg,Production Department,,ANINHA GONÇALVES,COORDENADORA DE PÓS-PRODUÇÃO,Production Department,,first_half,960,pending,1,aninha goncalves,,,manual_required,"[{""nconst"": ""nm12753981"", ""normalized_name"": ""aninha goncalves"", ""normalized_name_with_nickname"": null, ""primaryName"": ""Aninha Gon\u00e7alves"", ""primaryProfession"": ""editorial_department,production_manager"", ""birthYear"": null, ""deathYear"": null}]",,"{""timestamp"": ""2026-10-03T13:59:22.111992+00:00"", ""model"": ""gemma-4-12b-it-qat-q4_0.gguf"", ""api_version"": null}"
165,3_Percent_S01E06,scene_000_static_016_num00960_sim41.jpg,Editorial Department,,VINICIUS DAL COLLETTO,FINALIZADOR,Editorial Department,,first_half,960,pending,1,vinicius dal colletto,,,manual_required,"[{""nconst"": ""nm6815415"", ""normalized_name"": ""vinicius dal colletto"", ""normalized_name_with_nickname"": null, ""primaryName"": ""Vinicius Dal Colletto"", ""primaryProfession"": ""sound_department"", ""birthYear"": null, ""deathYear"": null}]",,"{""timestamp"": ""2026-10-03T13:59:22.111992+00:00"", ""model"": ""gemma-4-12b-it-qat-q4_0.gguf"", ""api_version"": null}"
166,3_Percent_S01E06,scene_000_static_016_num00960_sim41.jpg,Editorial Department,,MAYARA NOSGEIRA,ASSISTENTE DE FINALIZAÇÃO,Editorial Department,,first_half,960,pending,1,mayara nosgeira,,gp0000056,internal_assigned,,,"{""timestamp"": ""2026-10-03T13:59:22.111992+00:00"", ""model"": ""gemma-4-12b-it-qat-q4_0.gguf"", ""api_version"": null}"
167,3_Percent_S01E06,scene_000_static_016_num00960_sim41.jpg,Editorial Department,,CAMILA CAVALCANTE,ASSISTENTES DE MONTAGEM,Editorial Department,,first_half,960,pending,1,camila cavalcante,,,manual_required,"[{""nconst"": ""nm0146705"", ""normalized_name"": ""camila cavalcante"", ""normalized_name_with_nickname"": null, ""primaryName"": ""Camila Cavalcante"", ""primaryProfession"": ""actress"", ""birthYear"": null, ""deathYear"": null}]",,"{""timestamp"": ""2026-10-03T13:59:22.111992+00:00"", ""model"": ""gemma-4-12b-it-qat-q4_0.gguf"", ""api_version"": null}"
168,3_Percent_S01E06,scene_000_static_016_num00960_sim41.jpg,Editorial Department,,LEKA ROMÃO,ASSISTENTES DE MONTAGEM,Editorial Department,,first_half,960,pending,1,leka romao,,nm8130722,auto_assigned,,Leka Romão,"{""timestamp"": ""2026-10-03T13:59:22.111992+00:00"", ""model"": ""gemma-4-12b-it-qat-q4_0.gguf"", ""api_version"": null}"
169,3_Percent_S01E06,scene_000_static_016_num00960_sim41.jpg,Editorial Department,,TAMMIRIS TELLES,ASSISTENTES DE MONTAGEM,Editorial Department,,first_half,960,pending,1,tammiris telles,,gp0000067,internal_assigned,,,"{""timestamp"": ""2026-10-03T13:59:22.111992+00:00"", ""model"": ""gemma-4-12b-it-qat-q4_0.gguf"", ""api_version"": null}"
170,3_Percent_S01E06,scene_000_static_017_num01020_sim42.jpg,Sound Department,,HENRIQUE CHIUGIU,EDITORES DE AMBIENTE E EFEITOS,Sound Department,,first_half,1020,pending,1,henrique chiugiu,,nm5410516,auto_assigned,,Henrique Chiurciu,"{""timestamp"": ""2026-10-03T13:59:22.111992+00:00"", ""model"": ""gemma-4-12b-it-qat-q4_0.gguf"", ""api_version"": null}"
171,3_Percent_S01E06,scene_000_static_017_num01020_sim42.jpg,Sound Department,,JOAO VICTOR COURA,EDITORES DE AMBIENTE E EFEITOS,Sound Department,,first_half,1020,pending,1,joao victor coura,,nm7743512,auto_assigned,,João Victor Coura,"{""timestamp"": ""2026-10-03T13:59:22.111992+00:00"", ""model"": ""gemma-4-12b-it-qat-q4_0.gguf"", ""api_version"": null}"
172,3_Percent_S01E06,scene_000_static_017_num01020_sim42.jpg,Sound Department,,SÉRGIO ABDALLA,EDITORES DE AMBIENTE E EFEITOS,Sound Department,,first_half,1020,pending,1,sergio abdalla,,nm6703007,auto_assigned,,Sérgio Abdalla,"{""timestamp"": ""2026-10-03T13:59:22.111992+00:00"", ""model"": ""gemma-4-12b-it-qat-q4_0.gguf"", ""api_version"": null}"
173,3_Percent_S01E06,scene_000_static_017_num01020_sim42.jpg,Sound Department,,GALÊ SHIMODA,EDITORES DE DIÁLOGOS,Sound Department,,first_half,1020,pending,1,gale shimoda,,gp0000028,internal_assigned,,,"{""timestamp"": ""2026-10-03T13:59:22.111992+00:00"", ""model"": ""gemma-4-12b-it-qat-q4_0.gguf"", ""api_version"": null}"
174,3_Percent_S01E06,scene_000_static_017_num01020_sim42.jpg,Sound Department,,MARIANA VIEIRA,EDITORES DE DIÁLOGOS,Sound Department,,first_half,1020,pending,1,mariana vieira,,nm5145323,auto_assigned,,Mariana Vieira,"{""timestamp"": ""2026-10-03T13:59:22.111992+00:00"", ""model"": ""gemma-4-12b-it-qat-q4_0.gguf"", ""api_version"": null}"
175,3_Percent_S01E06,scene_000_static_017_num01020_sim42.jpg,Sound Department,,FELIX BARREIRA,RÚGIO DE SALA,Sound Department,,first_half,1020,pending,1,felix barreira,,nm8766290,auto_assigned,,Felix Barreira,"{""timestamp"": ""2026-10-03T13:59:22.111992+00:00"", ""model"": ""gemma-4-12b-it-qat-q4_0.gguf"", ""api_version"": null}"
176,3_Percent_S01E06,scene_000_static_017_num01020_sim42.jpg,Sound Department,,RAUL JOCKEN,RÚGIO DE SALA,Sound Department,,first_half,1020,pending,1,raul jocken,,,ambiguous,"[{""nconst"": ""nm16806676"", ""normalized_name"": ""raul jooken"", ""normalized_name_with_nickname"": null, ""primaryName"": ""Raul Jooken"", ""primaryProfession"": ""sound_department"", ""birthYear"": null, ""deathYear"": null, ""fuzzy_similarity"": ""91"", ""matched_string"": ""raul jooken""}, {""nconst"": ""nm7833535"", ""normalized_name"": ""raul jooken"", ""normalized_name_with_nickname"": null, ""primaryName"": ""Raul Jooken"", ""primaryProfession"": ""sound_department"", ""birthYear"": null, ""deathYear"": null, ""fuzzy_similarity"": ""91"", ""matched_string"": ""raul jooken""}]",,"{""timestamp"": ""2026-10-03T13:59:22.111992+00:00"", ""model"": ""gemma-4-12b-it-qat-q4_0.gguf"", ""api_version"": null}"
177,3_Percent_S01E06,scene_000_static_017_num01020_sim42.jpg,Sound Department,,WILLIAN LOPES,RÚGIO DE SALA,Sound Department,,first_half,1020,pending,1,willian lopes,,nm7624112,auto_assigned,,Willian Lopes,"{""timestamp"": ""2026-10-03T13:59:22.111992+00:00"", ""model"": ""gemma-4-12b-it-qat-q4_0.gguf"", ""api_version"": null}"
178,3_Percent_S01E06,scene_000_static_017_num01020_sim42.jpg,Sound Department,,ARIEL HENRIQUE,MASTERIZAÇÃO,Sound Department,,first_half,1020,pending,1,ariel henrique,,,ambiguous,"[{""nconst"": ""nm13859092"", ""normalized_name"": ""ariel henrique"", ""normalized_name_with_nickname"": null, ""primaryName"": ""Ariel Henrique"", ""primaryProfession"": ""sound_department"", ""birthYear"": null, ""deathYear"": null}, {""nconst"": ""nm5174641"", ""normalized_name"": ""ariel henrique"", ""normalized_name_with_nickname"": null, ""primaryName"": ""Ariel Henrique"", ""primaryProfession"": ""sound_department,music_department,cinematographer"", ""birthYear"": null, ""deathYear"": null}]",,"{""timestamp"": ""2026-10-03T13:59:22.111992+00:00"", ""model"": ""gemma-4-12b-it-qat-q4_0.gguf"", ""api_version"": null}"
179,3_Percent_S01E06,scene_000_static_017_num01020_sim42.jpg,Sound Department,,DANIEL TURINI,SUPERVISORES DE SOM,Sound Department,,first_half,1020,pending,1,daniel turini,,nm2392676,auto_assigned,,Daniel Turini,"{""timestamp"": ""2026-10-03T13:59:22.111992+00:00"", ""model"": ""gemma-4-12b-it-qat-q4_0.gguf"", ""api_version"": null}"
180,3_Percent_S01E06,scene_000_static_017_num01020_sim42.jpg,Sound Department,,FERNANDO HENNA,SUPERVISORES DE SOM,Sound Department,,first_half,1020,pending,1,fernando henna,,nm2043172,auto_assigned,,Fernando Henna,"{""timestamp"": ""2026-10-03T13:59:22.111992+00:00"", ""model"": ""gemma-4-12b-it-qat-q4_0.gguf"", ""api_version"": null}"
181,3_Percent_S01E06,scene_000_static_017_num01020_sim42.jpg,Miscellaneous Companies,,CONFIRARIA DE SONS & CHARUTOS,ESTÚDIO DE EDIÇÃO DE SOM E MIXAGEM,Miscellaneous Companies,,first_half,1020,pending,0,confiraria de sons charutos,,cm0000009,internal_assigned,,,"{""timestamp"": ""2026-10-03T13:59:22.111992+00:00"", ""model"": ""gemma-4-12b-it-qat-q4_0.gguf"", ""api_version"": null}"
182,3_Percent_S01E06,scene_000_static_018_num01080_sim53.jpg,Production Managers,,GUILHERIVE RAMALHO,DIRETORES GERAIS - QUANTA POST,Production Managers,,first_half,1080,pending,1,guilherive ramalho,,gp0000030,internal_assigned,,,"{""timestamp"": ""2026-10-03T13:59:22.111992+00:00"", ""model"": ""gemma-4-12b-it-qat-q4_0.gguf"", ""api_version"": null}"
183,3_Percent_S01E06,scene_000_static_018_num01080_sim53.jpg,Production Managers,,HUGO GURSEL,DIRETORES GERAIS - QUANTA POST,Production Managers,,first_half,1080,pending,1,hugo gursel,,nm1923288,auto_assigned,,Hugo Gurgel,"{""timestamp"": ""2026-10-03T13:59:22.111992+00:00"", ""model"": ""gemma-4-12b-it-qat-q4_0.gguf"", ""api_version"": null}"
184,3_Percent_S01E06,scene_000_static_018_num01080_sim53.jpg,Production Managers,,SOFIA FRANCO,DIRETORES GERAIS - QUANTA POST,Production Managers,,first_half,1080,pending,1,sofia franco,,,manual_required,"[{""nconst"": ""nm10637090"", ""normalized_name"": ""sofia franco"", ""normalized_name_with_nickname"": null, ""primaryName"": ""Sofia Franco"", ""primaryProfession"": ""actress"", ""birthYear"": null, ""deathYear"": null}, {""nconst"": ""nm14910667"", ""normalized_name"": ""sofia franco"", ""normalized_name_with_nickname"": null, ""primaryName"": ""Sofia Franco"", ""primaryProfession"": ""producer"", ""birthYear"": null, ""deathYear"": null}, {""nconst"": ""nm16047472"", ""normalized_name"": ""sofia franco"", ""normalized_name_with_nickname"": null, ""primaryName"": ""Sof\u00eda Franco"", ""primaryProfession"": null, ""birthYear"": null, ""deathYear"": null}, {""nconst"": ""nm17298296"", ""normalized_name"": ""sofia franco"", ""normalized_name_with_nickname"": null, ""primaryName"": ""Sofia Franco"", ""primaryProfession"": ""actor"", ""birthYear"": null, ""deathYear"": null}, {""nconst"": ""nm5669953"", ""normalized_name"": ""sofia franco"", ""normalized_name_with_nickname"": null, ""primaryName"": ""Sofia Franco"", ""primaryProfession"": ""actress"", ""birthYear"": null, ""deathYear"": null}, {""nconst"": ""nm7768482"", ""normalized_name"": ""sofia franco"", ""normalized_name_with_nickname"": null, ""primaryName"": ""Sof\u00eda Franco"", ""primaryProfession"": ""miscellaneous"", ""birthYear"": null, ""deathYear"": null}, {""nconst"": ""nm8536045"", ""normalized_name"": ""sofia franco"", ""normalized_name_with_nickname"": null, ""primaryName"": ""Sofia Franco"", ""primaryProfession"": ""actress"", ""birthYear"": null, ""deathYear"": null}, {""nconst"": ""nm9027595"", ""normalized_name"": ""sofia franco"", ""normalized_name_with_nickname"": null, ""primaryName"": ""Sofia Franco"", ""primaryProfession"": ""visual_effects,editorial_department"", ""birthYear"": null, ""deathYear"": null}, {""nconst"": ""nm9580635"", ""normalized_name"": ""sofia franco"", ""normalized_name_with_nickname"": null, ""primaryName"": ""Sofia Franco"", ""primaryProfession"": ""music_department"", ""birthYear"": null, ""deathYear"": null}, {""nconst"": ""nm9612936"", ""normalized_name"": ""sofia franco"", ""normalized_name_with_nickname"": null, ""primaryName"": ""Sofia Franco"", ""primaryProfession"": null, ""birthYear"": null, ""deathYear"": null}]",,"{""timestamp"": ""2026-10-03T13:59:22.111992+00:00"", ""model"": ""gemma-4-12b-it-qat-q4_0.gguf"", ""api_version"": null}"
185,3_Percent_S01E06,scene_000_static_018_num01080_sim53.jpg,Production Department,,MARINA HERRADOR,COORDENADORAS - QUANTA POST,Production Department,,first_half,1080,pending,1,marina herrador,,nm7624111,auto_assigned,,Marina Herrador,"{""timestamp"": ""2026-10-03T13:59:22.111992+00:00"", ""model"": ""gemma-4-12b-it-qat-q4_0.gguf"", ""api_version"": null}"
186,3_Percent_S01E06,scene_000_static_018_num01080_sim53.jpg,Production Department,,SORIA NERY,COORDENADORAS - QUANTA POST,Production Department,,first_half,1080,pending,1,soria nery,,gp0000066,internal_assigned,,,"{""timestamp"": ""2026-10-03T13:59:22.111992+00:00"", ""model"": ""gemma-4-12b-it-qat-q4_0.gguf"", ""api_version"": null}"
187,3_Percent_S01E06,scene_000_static_018_num01080_sim53.jpg,Visual Effects,,GUILHERIVE RAMALHO,SUPERVISOR DE EFEITOS VISUAIS,Visual Effects,,first_half,1080,pending,1,guilherive ramalho,,nm1146107,auto_assigned,,Guilherme Ramalho,"{""timestamp"": ""2026-10-03T13:59:22.111992+00:00"", ""model"": ""gemma-4-12b-it-qat-q4_0.gguf"", ""api_version"": null}"
188,3_Percent_S01E06,scene_000_static_018_num01080_sim53.jpg,Visual Effects,,TATIANA PINHEIRO,COORDENADORA DE EFEITOS VISUAIS,Visual Effects,,first_half,1080,pending,1,tatiana pinheiro,,nm13412960,auto_assigned,,Tatiana Pinheiro,"{""timestamp"": ""2026-10-03T13:59:22.111992+00:00"", ""model"": ""gemma-4-12b-it-qat-q4_0.gguf"", ""api_version"": null}"
189,3_Percent_S01E06,scene_000_static_018_num01080_sim53.jpg,Production Department,,RITA MACHADO,ASSISTENTE DE COORDENAÇÃO - QUANTA POST,Production Department,,first_half,1080,pending,1,rita machado,,,manual_required,"[{""nconst"": ""nm11296800"", ""normalized_name"": ""rita machado"", ""normalized_name_with_nickname"": null, ""primaryName"": ""Rita Machado"", ""primaryProfession"": ""actress"", ""birthYear"": null, ""deathYear"": null}, {""nconst"": ""nm13412961"", ""normalized_name"": ""rita machado"", ""normalized_name_with_nickname"": null, ""primaryName"": ""Rita Machado"", ""primaryProfession"": ""visual_effects,editorial_department"", ""birthYear"": null, ""deathYear"": null}]",,"{""timestamp"": ""2026-10-03T13:59:22.111992+00:00"", ""model"": ""gemma-4-12b-it-qat-q4_0.gguf"", ""api_version"": null}"
190,3_Percent_S01E06,scene_000_static_018_num01080_sim53.jpg,Art Directors,,RICARDO FERNANDES,DIRETOR DE ARTE,Art Directors,,first_half,1080,pending,1,ricardo fernandes,,nm7675719,auto_assigned,,Ricardo Fernandes,"{""timestamp"": ""2026-10-03T13:59:22.111992+00:00"", ""model"": ""gemma-4-12b-it-qat-q4_0.gguf"", ""api_version"": null}"
191,3_Percent_S01E06,scene_000_static_018_num01080_sim53.jpg,Visual Effects,,VANDER SOUSA,SUPERVISOR DE 3D,Visual Effects,,first_half,1080,pending,1,vander sousa,,nm7726988,auto_assigned,,Vander de Sousa,"{""timestamp"": ""2026-10-03T13:59:22.111992+00:00"", ""model"": ""gemma-4-12b-it-qat-q4_0.gguf"", ""api_version"": null}"
192,3_Percent_S01E06,scene_000_static_018_num01080_sim53.jpg,Visual Effects,,DIVANE ROCHA,3D,Visual Effects,,first_half,1080,pending,1,divane rocha,,gp0000020,internal_assigned,,,"{""timestamp"": ""2026-10-03T13:59:22.111992+00:00"", ""model"": ""gemma-4-12b-it-qat-q4_0.gguf"", ""api_version"": null}"
193,3_Percent_S01E06,scene_000_static_018_num01080_sim53.jpg,Visual Effects,,FÁBIO CALGIORAI,3D,Visual Effects,,first_half,1080,pending,1,fabio calgiorai,,gp0000026,internal_assigned,,,"{""timestamp"": ""2026-10-03T13:59:22.111992+00:00"", ""model"": ""gemma-4-12b-it-qat-q4_0.gguf"", ""api_version"": null}"
194,3_Percent_S01E06,scene_000_static_018_num01080_sim53.jpg,Visual Effects,,ORLANDO SOUZA,3D,Visual Effects,,first_half,1080,pending,1,orlando souza,,,manual_required,"[{""nconst"": ""nm16636026"", ""normalized_name"": ""orlando souza"", ""normalized_name_with_nickname"": null, ""primaryName"": ""Orlando Souza"", ""primaryProfession"": ""actor"", ""birthYear"": null, ""deathYear"": null}]",,"{""timestamp"": ""2026-10-03T13:59:22.111992+00:00"", ""model"": ""gemma-4-12b-it-qat-q4_0.gguf"", ""api_version"": null}"
195,3_Percent_S01E06,scene_000_static_018_num01080_sim53.jpg,Color Department,,LUISA CAVANAGH,COLORISTA,Color Department,,first_half,1080,pending,1,luisa cavanagh,,nm1434837,auto_assigned,,Luisa Cavanagh,"{""timestamp"": ""2026-10-03T13:59:22.111992+00:00"", ""model"": ""gemma-4-12b-it-qat-q4_0.gguf"", ""api_version"": null}"
196,3_Percent_S01E06,scene_000_static_019_num01140_sim44.jpg,Composers,,ARTHUR GALLINDO,COMPOSIÇÃO,Composers,,first_half,1140,pending,1,arthur gallindo,,,manual_required,"[{""nconst"": ""nm13298763"", ""normalized_name"": ""arthur gallindo"", ""normalized_name_with_nickname"": null, ""primaryName"": ""Arthur Gallindo"", ""primaryProfession"": ""miscellaneous"", ""birthYear"": null, ""deathYear"": null}, {""nconst"": ""nm16772781"", ""normalized_name"": ""arthur gallindo"", ""normalized_name_with_nickname"": null, ""primaryName"": ""Arthur Gallindo"", ""primaryProfession"": ""visual_effects"", ""birthYear"": null, ""deathYear"": null}, {""nconst"": ""nm7517388"", ""normalized_name"": ""arthur gallindo"", ""normalized_name_with_nickname"": null, ""primaryName"": ""Arthur Gallindo"", ""primaryProfession"": ""visual_effects,special_effects"", ""birthYear"": null, ""deathYear"": null}]",,"{""timestamp"": ""2026-10-03T13:59:22.111992+00:00"", ""model"": ""gemma-4-12b-it-qat-q4_0.gguf"", ""api_version"": null}"
197,3_Percent_S01E06,scene_000_static_019_num01140_sim44.jpg,Composers,,ISABELA FERRARI,COMPOSIÇÃO,Composers,,first_half,1140,pending,1,isabela ferrari,,,manual_required,"[{""nconst"": ""nm15265805"", ""normalized_name"": ""isabela ferrari"", ""normalized_name_with_nickname"": null, ""primaryName"": ""Isabela Ferrari"", ""primaryProfession"": ""actress"", ""birthYear"": null, ""deathYear"": null}, {""nconst"": ""nm7853978"", ""normalized_name"": ""isabela ferrari"", ""normalized_name_with_nickname"": null, ""primaryName"": ""Isabela Ferrari"", ""primaryProfession"": ""visual_effects,special_effects"", ""birthYear"": null, ""deathYear"": null}]",,"{""timestamp"": ""2026-10-03T13:59:22.111992+00:00"", ""model"": ""gemma-4-12b-it-qat-q4_0.gguf"", ""api_version"": null}"
198,3_Percent_S01E06,scene_000_static_019_num01140_sim44.jpg,Composers,,IURI TAMPOVSKI,COMPOSIÇÃO,Composers,,first_half,1140,pending,1,iuri tampovski,,gp0000036,internal_assigned,,,"{""timestamp"": ""2026-10-03T13:59:22.111992+00:00"", ""model"": ""gemma-4-12b-it-qat-q4_0.gguf"", ""api_version"": null}"
199,3_Percent_S01E06,scene_000_static_019_num01140_sim44.jpg,Composers,,LUCAS SOUSA,COMPOSIÇÃO,Composers,,first_half,1140,pending,1,lucas sousa,,,manual_required,"[{""nconst"": ""nm12399750"", ""normalized_name"": ""lucas sousa"", ""normalized_name_with_nickname"": null, ""primaryName"": ""Lucas Sousa"", ""primaryProfession"": ""director"", ""birthYear"": null, ""deathYear"": null}, {""nconst"": ""nm13298766"", ""normalized_name"": ""lucas sousa"", ""normalized_name_with_nickname"": null, ""primaryName"": ""Lucas Sousa"", ""primaryProfession"": ""miscellaneous"", ""birthYear"": null, ""deathYear"": null}, {""nconst"": ""nm9179936"", ""normalized_name"": ""lucas sousa"", ""normalized_name_with_nickname"": null, ""primaryName"": ""Lucas Sousa"", ""primaryProfession"": ""visual_effects"", ""birthYear"": 1990, ""deathYear"": null}]",,"{""timestamp"": ""2026-10-03T13:59:22.111992+00:00"", ""model"": ""gemma-4-12b-it-qat-q4_0.gguf"", ""api_version"": null}"
200,3_Percent_S01E06,scene_000_static_019_num01140_sim44.jpg,Composers,,MARCELO JAMILUK KOIS,COMPOSIÇÃO,Composers,,first_half,1140,pending,1,marcelo jamiluk kois,,gp0000051,internal_assigned,,,"{""timestamp"": ""2026-10-03T13:59:22.111992+00:00"", ""model"": ""gemma-4-12b-it-qat-q4_0.gguf"", ""api_version"": null}"
201,3_Percent_S01E06,scene_000_static_019_num01140_sim44.jpg,Visual Effects,,ANA LÍGIA CARRARO,INTERMEDIAÇÃO DIGITAL,Visual Effects,,first_half,1140,pending,1,ana ligia carraro,,,manual_required,"[{""nconst"": ""nm6899632"", ""normalized_name"": ""ana ligia carraro"", ""normalized_name_with_nickname"": null, ""primaryName"": ""Ana L\u00edgia Carraro"", ""primaryProfession"": ""editorial_department"", ""birthYear"": null, ""deathYear"": null}]",,"{""timestamp"": ""2026-10-03T13:59:22.111992+00:00"", ""model"": ""gemma-4-12b-it-qat-q4_0.gguf"", ""api_version"": null}"
202,3_Percent_S01E06,scene_000_static_019_num01140_sim44.jpg,Visual Effects,,FERNANDA SGROGLIA,INTERMEDIAÇÃO DIGITAL,Visual Effects,,first_half,1140,pending,1,fernanda sgroglia,,,ambiguous,"[{""nconst"": ""nm10663038"", ""normalized_name"": ""fernanda sgroglia"", ""normalized_name_with_nickname"": null, ""primaryName"": ""Fernanda Sgroglia"", ""primaryProfession"": ""editorial_department,visual_effects,editor"", ""birthYear"": null, ""deathYear"": null}, {""nconst"": ""nm14280255"", ""normalized_name"": ""fernanda sgroglia"", ""normalized_name_with_nickname"": null, ""primaryName"": ""Fernanda Sgroglia"", ""primaryProfession"": ""visual_effects"", ""birthYear"": null, ""deathYear"": null}]",,"{""timestamp"": ""2026-10-03T13:59:22.111992+00:00"", ""model"": ""gemma-4-12b-it-qat-q4_0.gguf"", ""api_version"": null}"
203,3_Percent_S01E06,scene_000_static_019_num01140_sim44.jpg,Visual Effects,,LUMILLA FORNES,INTERMEDIAÇÃO DIGITAL,Visual Effects,,first_half,1140,pending,1,lumilla fornes,,gp0000050,internal_assigned,,,"{""timestamp"": ""2026-10-03T13:59:22.111992+00:00"", ""model"": ""gemma-4-12b-it-qat-q4_0.gguf"", ""api_version"": null}"
204,3_Percent_S01E06,scene_000_static_019_num01140_sim44.jpg,Visual Effects,,BERNARDO VAZ,MOTION DESIGN,Visual Effects,,first_half,1140,pending,1,bernardo vaz,,,manual_required,"[{""nconst"": ""nm15136717"", ""normalized_name"": ""bernardo vaz"", ""normalized_name_with_nickname"": null, ""primaryName"": ""Bernardo Vaz"", ""primaryProfession"": null, ""birthYear"": null, ""deathYear"": null}, {""nconst"": ""nm4455922"", ""normalized_name"": ""bernardo vaz"", ""normalized_name_with_nickname"": null, ""primaryName"": ""Bernardo Vaz"", ""primaryProfession"": ""editor"", ""birthYear"": null, ""deathYear"": null}]",,"{""timestamp"": ""2026-10-03T13:59:22.111992+00:00"", ""model"": ""gemma-4-12b-it-qat-q4_0.gguf"", ""api_version"": null}"
205,3_Percent_S01E06,scene_000_static_019_num01140_sim44.jpg,Visual Effects,,DANIELA SEABRA,MOTION DESIGN,Visual Effects,,first_half,1140,pending,1,daniela seabra,,,manual_required,"[{""nconst"": ""nm7110927"", ""normalized_name"": ""daniela seabra"", ""normalized_name_with_nickname"": null, ""primaryName"": ""Daniela Seabra"", ""primaryProfession"": null, ""birthYear"": null, ""deathYear"": null}]",,"{""timestamp"": ""2026-10-03T13:59:22.111992+00:00"", ""model"": ""gemma-4-12b-it-qat-q4_0.gguf"", ""api_version"": null}"
206,3_Percent_S01E06,scene_000_static_019_num01140_sim44.jpg,Visual Effects,,JULIANA ARAÚJO,MOTION DESIGN,Visual Effects,,first_half,1140,pending,1,juliana araujo,,nm9939285,auto_assigned,,Juliana Araújo,"{""timestamp"": ""2026-10-03T13:59:22.111992+00:00"", ""model"": ""gemma-4-12b-it-qat-q4_0.gguf"", ""api_version"": null}"
207,3_Percent_S01E06,scene_000_static_019_num01140_sim44.jpg,Visual Effects,,RAFAEL LONGO,MOTION DESIGN,Visual Effects,,first_half,1140,pending,1,rafael longo,,,manual_required,"[{""nconst"": ""nm11311459"", ""normalized_name"": ""rafael longo"", ""normalized_name_with_nickname"": null, ""primaryName"": ""Rafael Longo"", ""primaryProfession"": ""camera_department"", ""birthYear"": null, ""deathYear"": null}, {""nconst"": ""nm6735435"", ""normalized_name"": ""rafael longo"", ""normalized_name_with_nickname"": null, ""primaryName"": ""Rafael Longo"", ""primaryProfession"": ""editor"", ""birthYear"": null, ""deathYear"": null}, {""nconst"": ""nm8612540"", ""normalized_name"": ""rafael longo"", ""normalized_name_with_nickname"": null, ""primaryName"": ""Rafael Longo"", ""primaryProfession"": ""animation_department"", ""birthYear"": null, ""deathYear"": null}]",,"{""timestamp"": ""2026-10-03T13:59:22.111992+00:00"", ""model"": ""gemma-4-12b-it-qat-q4_0.gguf"", ""api_version"": null}"
208,3_Percent_S01E06,scene_000_static_019_num01140_sim44.jpg,Visual Effects,,ROGER BEZERRA,MOTION DESIGN,Visual Effects,,first_half,1140,pending,1,roger bezerra,,nm8612539,auto_assigned,,Roger Bezerra,"{""timestamp"": ""2026-10-03T13:59:22.111992+00:00"", ""model"": ""gemma-4-12b-it-qat-q4_0.gguf"", ""api_version"": null}"
209,3_Percent_S01E06,scene_000_static_019_num01140_sim44.jpg,Visual Effects,,ROBSON PEDROSO,SUPERVISÃO DO LABORATÓRIO DIGITAL,Visual Effects,,first_half,1140,pending,1,robson pedroso,,,manual_required,"[{""nconst"": ""nm7226786"", ""normalized_name"": ""robson pedroso"", ""normalized_name_with_nickname"": null, ""primaryName"": ""Robson Pedroso"", ""primaryProfession"": ""camera_department"", ""birthYear"": null, ""deathYear"": null}]",,"{""timestamp"": ""2026-10-03T13:59:22.111992+00:00"", ""model"": ""gemma-4-12b-it-qat-q4_0.gguf"", ""api_version"": null}"
210,3_Percent_S01E06,scene_000_static_019_num01140_sim44.jpg,Visual Effects,,GABRIELLE FERREIRA,LABORATÓRIO DIGITAL,Visual Effects,,first_half,1140,pending,1,gabrielle ferreira,,,manual_required,"[{""nconst"": ""nm16055297"", ""normalized_name"": ""gabrielle ferreira"", ""normalized_name_with_nickname"": null, ""primaryName"": ""Gabrielle Ferreira"", ""primaryProfession"": ""director,writer,cinematographer"", ""birthYear"": null, ""deathYear"": null}]",,"{""timestamp"": ""2026-10-03T13:59:22.111992+00:00"", ""model"": ""gemma-4-12b-it-qat-q4_0.gguf"", ""api_version"": null}"
211,3_Percent_S01E06,scene_000_static_019_num01140_sim44.jpg,Visual Effects,,JÚLIO PELIZER,LABORATÓRIO DIGITAL,Visual Effects,,first_half,1140,pending,1,julio pelizer,,,manual_required,"[{""nconst"": ""nm12276564"", ""normalized_name"": ""julio pelizer"", ""normalized_name_with_nickname"": null, ""primaryName"": ""Julio Pelizer"", ""primaryProfession"": ""camera_department,editorial_department"", ""birthYear"": 1986, ""deathYear"": null}]",,"{""timestamp"": ""2026-10-03T13:59:22.111992+00:00"", ""model"": ""gemma-4-12b-it-qat-q4_0.gguf"", ""api_version"": null}"
212,3_Percent_S01E06,scene_000_static_020_num01200_sim25.jpg,Music Department,,MARCELO PRETTO,CANTO MÚSICA DE ABERTURA E VOZES ADICIONAIS,Music Department,,first_half,1200,pending,1,marcelo pretto,,nm8629627,auto_assigned,,Marcelo Pretto,"{""timestamp"": ""2026-10-03T13:59:22.111992+00:00"", ""model"": ""gemma-4-12b-it-qat-q4_0.gguf"", ""api_version"": null}"
213,3_Percent_S01E06,scene_000_static_021_num01248_sim24.jpg,Production Department,,AMANDA NUNES,GERENTE ADMINISTRATIVO E FINANCEIRO,Production Department,,first_half,1248,pending,1,amanda nunes,,,manual_required,"[{""nconst"": ""nm11614784"", ""normalized_name"": ""amanda nunes"", ""normalized_name_with_nickname"": null, ""primaryName"": ""Amanda Nunes"", ""primaryProfession"": ""camera_department"", ""birthYear"": null, ""deathYear"": null}, {""nconst"": ""nm4267242"", ""normalized_name"": ""amanda nunes"", ""normalized_name_with_nickname"": null, ""primaryName"": ""Amanda Nunes"", ""primaryProfession"": ""actress,archive_footage"", ""birthYear"": 1988, ""deathYear"": null}]",,"{""timestamp"": ""2026-10-03T13:59:22.111992+00:00"", ""model"": ""gemma-4-12b-it-qat-q4_0.gguf"", ""api_version"": null}"
214,3_Percent_S01E06,scene_000_static_021_num01248_sim24.jpg,Production Department,,IARA LIAS,CONTROLLER,Production Department,,first_half,1248,pending,1,iara lias,,gp0000034,internal_assigned,,,"{""timestamp"": ""2026-10-03T13:59:22.111992+00:00"", ""model"": ""gemma-4-12b-it-qat-q4_0.gguf"", ""api_version"": null}"
215,3_Percent_S01E06,scene_000_static_021_num01248_sim24.jpg,Production Department,,GIOVANNA FERNANDES,ASSISTENTES DE CONTROLLER,Production Department,,first_half,1248,pending,1,giovanna fernandes,,nm15599732,auto_assigned,,Giovanna Fernandes,"{""timestamp"": ""2026-10-03T13:59:22.111992+00:00"", ""model"": ""gemma-4-12b-it-qat-q4_0.gguf"", ""api_version"": null}"
216,3_Percent_S01E06,scene_000_static_021_num01248_sim24.jpg,Production Department,,SABRINA TSUCHIYA,ASSISTENTES DE CONTROLLER,Production Department,,first_half,1248,pending,1,sabrina tsuchiya,,nm11847294,auto_assigned,,Sabrina Tsuchiya,"{""timestamp"": ""2026-10-03T13:59:22.111992+00:00"", ""model"": ""gemma-4-12b-it-qat-q4_0.gguf"", ""api_version"": null}"
217,3_Percent_S01E06,scene_000_static_021_num01248_sim24.jpg,Production Managers,,AMANDA MACEDO,SUPERVISORA FINANCEIRO,Production Managers,,first_half,1248,pending,1,amanda macedo,,nm4700615,auto_assigned,,Amanda Macedo,"{""timestamp"": ""2026-10-03T13:59:22.111992+00:00"", ""model"": ""gemma-4-12b-it-qat-q4_0.gguf"", ""api_version"": null}"
218,3_Percent_S01E06,scene_000_static_021_num01248_sim24.jpg,Production Department,,CAMILA RIGUE,ASSISTENTES FINANCEIRO,Production Department,,first_half,1248,pending,1,camila rigue,,gp0000010,internal_assigned,,,"{""timestamp"": ""2026-10-03T13:59:22.111992+00:00"", ""model"": ""gemma-4-12b-it-qat-q4_0.gguf"", ""api_version"": null}"
219,3_Percent_S01E06,scene_000_static_021_num01248_sim24.jpg,Production Department,,ELAINE MESQUITA,ASSISTENTES FINANCEIRO,Production Department,,first_half,1248,pending,1,elaine mesquita,,gp0000023,internal_assigned,,,"{""timestamp"": ""2026-10-03T13:59:22.111992+00:00"", ""model"": ""gemma-4-12b-it-qat-q4_0.gguf"", ""api_version"": null}"
220,3_Percent_S01E06,scene_000_static_021_num01248_sim24.jpg,Production Department,,VANESSA AMODIO,ASSISTENTES FINANCEIRO,Production Department,,first_half,1248,pending,1,vanessa amodio,,gp0000071,internal_assigned,,,"{""timestamp"": ""2026-10-03T13:59:22.111992+00:00"", ""model"": ""gemma-4-12b-it-qat-q4_0.gguf"", ""api_version"": null}"
221,3_Percent_S01E06,scene_000_static_021_num01248_sim24.jpg,Production Department,,RANI CAMARGO,ASSISTENTE ADMINISTRATIVO,Production Department,,first_half,1248,pending,1,rani camargo,,gp0000063,internal_assigned,,,"{""timestamp"": ""2026-10-03T13:59:22.111992+00:00"", ""model"": ""gemma-4-12b-it-qat-q4_0.gguf"", ""api_version"": null}"
222,3_Percent_S01E06,scene_000_static_021_num01248_sim24.jpg,Additional Crew,,RAFAEL RAMOS,ESTAGIÁRIO ADM,Additional Crew,,first_half,1248,pending,1,rafael ramos,,,manual_required,"[{""nconst"": ""nm10342558"", ""normalized_name"": ""rafael ramos"", ""normalized_name_with_nickname"": null, ""primaryName"": ""Rafael Ramos"", ""primaryProfession"": ""actor"", ""birthYear"": null, ""deathYear"": null}, {""nconst"": ""nm11091250"", ""normalized_name"": ""rafael ramos"", ""normalized_name_with_nickname"": null, ""primaryName"": ""Rafael Ramos"", ""primaryProfession"": ""actor"", ""birthYear"": null, ""deathYear"": null}, {""nconst"": ""nm12742180"", ""normalized_name"": ""rafael ramos"", ""normalized_name_with_nickname"": null, ""primaryName"": ""Rafael Ramos"", ""primaryProfession"": ""editor"", ""birthYear"": null, ""deathYear"": null}, {""nconst"": ""nm12802562"", ""normalized_name"": ""rafael ramos"", ""normalized_name_with_nickname"": null, ""primaryName"": ""Rafael Ramos"", ""primaryProfession"": ""archive_footage"", ""birthYear"": null, ""deathYear"": null}, {""nconst"": ""nm13090807"", ""normalized_name"": ""rafael ramos"", ""normalized_name_with_nickname"": null, ""primaryName"": ""Rafael Ramos"", ""primaryProfession"": ""sound_department"", ""birthYear"": null, ""deathYear"": null}, {""nconst"": ""nm13538842"", ""normalized_name"": ""rafael ramos"", ""normalized_name_with_nickname"": null, ""primaryName"": ""Rafael Ramos"", ""primaryProfession"": ""cinematographer"", ""birthYear"": null, ""deathYear"": null}, {""nconst"": ""nm13587357"", ""normalized_name"": ""rafael ramos"", ""normalized_name_with_nickname"": null, ""primaryName"": ""Rafael Ramos"", ""primaryProfession"": ""visual_effects"", ""birthYear"": null, ""deathYear"": null}, {""nconst"": ""nm14558583"", ""normalized_name"": ""rafael ramos"", ""normalized_name_with_nickname"": null, ""primaryName"": ""Rafael Ramos"", ""primaryProfession"": ""music_department"", ""birthYear"": null, ""deathYear"": null}, {""nconst"": ""nm17123188"", ""normalized_name"": ""rafael ramos"", ""normalized_name_with_nickname"": null, ""primaryName"": ""Rafael Ramos"", ""primaryProfession"": ""camera_department"", ""birthYear"": null, ""deathYear"": null}, {""nconst"": ""nm17310695"", ""normalized_name"": ""rafael ramos"", ""normalized_name_with_nickname"": null, ""primaryName"": ""Rafael Ramos"", ""primaryProfession"": ""cinematographer"", ""birthYear"": null, ""deathYear"": null}, {""nconst"": ""nm2890294"", ""normalized_name"": ""rafael ramos"", ""normalized_name_with_nickname"": null, ""primaryName"": ""Rafael Ramos"", ""primaryProfession"": ""actor"", ""birthYear"": null, ""deathYear"": null}, {""nconst"": ""nm3663107"", ""normalized_name"": ""rafael ramos"", ""normalized_name_with_nickname"": null, ""primaryName"": ""Rafael Ramos"", ""primaryProfession"": null, ""birthYear"": null, ""deathYear"": null}, {""nconst"": ""nm3757395"", ""normalized_name"": ""rafael ramos"", ""normalized_name_with_nickname"": null, ""primaryName"": ""Rafael Ramos"", ""primaryProfession"": ""actor,producer,soundtrack"", ""birthYear"": null, ""deathYear"": null}, {""nconst"": ""nm4604283"", ""normalized_name"": ""rafael ramos"", ""normalized_name_with_nickname"": null, ""primaryName"": ""Rafa\u00e9l Ramos"", ""primaryProfession"": ""music_department"", ""birthYear"": null, ""deathYear"": null}, {""nconst"": ""nm5778039"", ""normalized_name"": ""rafael ramos"", ""normalized_name_with_nickname"": null, ""primaryName"": ""Rafael Ramos"", ""primaryProfession"": ""director,writer,producer"", ""birthYear"": null, ""deathYear"": null}, {""nconst"": ""nm7647143"", ""normalized_name"": ""rafael ramos"", ""normalized_name_with_nickname"": null, ""primaryName"": ""Rafael Ramos"", ""primaryProfession"": ""actor"", ""birthYear"": null, ""deathYear"": null}, {""nconst"": ""nm8342763"", ""normalized_name"": ""rafael ramos"", ""normalized_name_with_nickname"": null, ""primaryName"": ""Rafael Ramos"", ""primaryProfession"": ""music_department"", ""birthYear"": null, ""deathYear"": null}, {""nconst"": ""nm8518819"", ""normalized_name"": ""rafael ramos"", ""normalized_name_with_nickname"": null, ""primaryName"": ""Rafael Ramos"", ""primaryProfession"": ""music_department"", ""birthYear"": null, ""deathYear"": null}, {""nconst"": ""nm8964775"", ""normalized_name"": ""rafael ramos"", ""normalized_name_with_nickname"": null, ""primaryName"": ""Rafael Ramos"", ""primaryProfession"": ""animation_department"", ""birthYear"": null, ""deathYear"": null}, {""nconst"": ""nm9095777"", ""normalized_name"": ""rafael ramos"", ""normalized_name_with_nickname"": null, ""primaryName"": ""Rafael Ramos"", ""primaryProfession"": ""actor"", ""birthYear"": null, ""deathYear"": null}]",,"{""timestamp"": ""2026-10-03T13:59:22.111992+00:00"", ""model"": ""gemma-4-12b-it-qat-q4_0.gguf"", ""api_version"": null}"
223,3_Percent_S01E06,scene_000_static_021_num01248_sim24.jpg,Miscellaneous Companies,,CAMARGO SOCIEDADE DE ADVOGADOS,ASSESSORIA JURÍDICA,Miscellaneous Companies,,first_half,1248,pending,0,camargo sociedade de advogados,,cm0000007,internal_assigned,,,"{""timestamp"": ""2026-10-03T13:59:22.111992+00:00"", ""model"": ""gemma-4-12b-it-qat-q4_0.gguf"", ""api_version"": null}"
224,3_Percent_S01E06,scene_000_static_021_num01248_sim24.jpg,Additional Crew,,LARISSA ARAÚJO,ASSESSORIA JURÍDICA,Additional Crew,,first_half,1248,pending,1,larissa araujo,,gp0000046,internal_assigned,,,"{""timestamp"": ""2026-10-03T13:59:22.111992+00:00"", ""model"": ""gemma-4-12b-it-qat-q4_0.gguf"", ""api_version"": null}"
225,3_Percent_S01E06,scene_000_static_022_num01308_sim45.jpg,Additional Crew,,ALEXANDRE DA CRUZ SANTOS,MOTORISTAS,Additional Crew,,first_half,1308,pending,1,alexandre da cruz santos,,gp0000002,internal_assigned,,,"{""timestamp"": ""2026-10-03T13:59:22.111992+00:00"", ""model"": ""gemma-4-12b-it-qat-q4_0.gguf"", ""api_version"": null}"
226,3_Percent_S01E06,scene_000_static_022_num01308_sim45.jpg,Additional Crew,,ANTONIO CARLOS FERREIRA,MOTORISTAS,Additional Crew,,first_half,1308,pending,1,antonio carlos ferreira,,,manual_required,"[{""nconst"": ""nm3387629"", ""normalized_name"": ""antonio carlos ferreira"", ""normalized_name_with_nickname"": null, ""primaryName"": ""Antonio Carlos Ferreira"", ""primaryProfession"": null, ""birthYear"": null, ""deathYear"": null}]",,"{""timestamp"": ""2026-10-03T13:59:22.111992+00:00"", ""model"": ""gemma-4-12b-it-qat-q4_0.gguf"", ""api_version"": null}"
227,3_Percent_S01E06,scene_000_static_022_num01308_sim45.jpg,Additional Crew,,ARLINO SILVA,MOTORISTAS,Additional Crew,,first_half,1308,pending,1,arlino silva,,gp0000006,internal_assigned,,,"{""timestamp"": ""2026-10-03T13:59:22.111992+00:00"", ""model"": ""gemma-4-12b-it-qat-q4_0.gguf"", ""api_version"": null}"
228,3_Percent_S01E06,scene_000_static_022_num01308_sim45.jpg,Additional Crew,,ARSONI GALA,MOTORISTAS,Additional Crew,,first_half,1308,pending,1,arsoni gala,,gp0000007,internal_assigned,,,"{""timestamp"": ""2026-10-03T13:59:22.111992+00:00"", ""model"": ""gemma-4-12b-it-qat-q4_0.gguf"", ""api_version"": null}"
229,3_Percent_S01E06,scene_000_static_022_num01308_sim45.jpg,Additional Crew,,CARLOS VENTURA,MOTORISTAS,Additional Crew,,first_half,1308,pending,1,carlos ventura,,,manual_required,"[{""nconst"": ""nm13236813"", ""normalized_name"": ""carlos ventura"", ""normalized_name_with_nickname"": null, ""primaryName"": ""Carlos Ventura"", ""primaryProfession"": ""actor"", ""birthYear"": null, ""deathYear"": null}, {""nconst"": ""nm13904078"", ""normalized_name"": ""carlos ventura"", ""normalized_name_with_nickname"": null, ""primaryName"": ""Carlos Ventura"", ""primaryProfession"": ""animation_department"", ""birthYear"": null, ""deathYear"": null}, {""nconst"": ""nm15578729"", ""normalized_name"": ""carlos ventura"", ""normalized_name_with_nickname"": null, ""primaryName"": ""Carlos Ventura"", ""primaryProfession"": ""actor"", ""birthYear"": null, ""deathYear"": null}, {""nconst"": ""nm16354395"", ""normalized_name"": ""carlos ventura"", ""normalized_name_with_nickname"": null, ""primaryName"": ""Carlos Ventura"", ""primaryProfession"": ""actor"", ""birthYear"": null, ""deathYear"": null}, {""nconst"": ""nm16927626"", ""normalized_name"": ""carlos ventura"", ""normalized_name_with_nickname"": null, ""primaryName"": ""Carlos Ventura"", ""primaryProfession"": ""actor"", ""birthYear"": null, ""deathYear"": null}, {""nconst"": ""nm1891812"", ""normalized_name"": ""carlos ventura"", ""normalized_name_with_nickname"": null, ""primaryName"": ""Carlos Ventura"", ""primaryProfession"": ""actor"", ""birthYear"": null, ""deathYear"": null}, {""nconst"": ""nm7040135"", ""normalized_name"": ""carlos ventura"", ""normalized_name_with_nickname"": null, ""primaryName"": ""Carlos Ventura"", ""primaryProfession"": null, ""birthYear"": null, ""deathYear"": null}, {""nconst"": ""nm8082927"", ""normalized_name"": ""carlos ventura"", ""normalized_name_with_nickname"": null, ""primaryName"": ""Carlos Ventura"", ""primaryProfession"": ""actor,writer,producer"", ""birthYear"": null, ""deathYear"": null}, {""nconst"": ""nm9036822"", ""normalized_name"": ""carlos ventura"", ""normalized_name_with_nickname"": null, ""primaryName"": ""Carlos Ventura"", ""primaryProfession"": ""actor"", ""birthYear"": null, ""deathYear"": null}]",,"{""timestamp"": ""2026-10-03T13:59:22.111992+00:00"", ""model"": ""gemma-4-12b-it-qat-q4_0.gguf"", ""api_version"": null}"
230,3_Percent_S01E06,scene_000_static_022_num01308_sim45.jpg,Additional Crew,,DIUI EDGARDO OLIVEIRA MEDINA,MOTORISTAS,Additional Crew,,first_half,1308,pending,1,diui edgardo oliveira medina,,gp0000019,internal_assigned,,,"{""timestamp"": ""2026-10-03T13:59:22.111992+00:00"", ""model"": ""gemma-4-12b-it-qat-q4_0.gguf"", ""api_version"": null}"
231,3_Percent_S01E06,scene_000_static_022_num01308_sim45.jpg,Additional Crew,,EDSON COELHO,MOTORISTAS,Additional Crew,,first_half,1308,pending,1,edson coelho,,gp0000021,internal_assigned,,,"{""timestamp"": ""2026-10-03T13:59:22.111992+00:00"", ""model"": ""gemma-4-12b-it-qat-q4_0.gguf"", ""api_version"": null}"
232,3_Percent_S01E06,scene_000_static_022_num01308_sim45.jpg,Additional Crew,,EDUARD JR. ANDREANI,MOTORISTAS,Additional Crew,,first_half,1308,pending,1,eduard jr andreani,,gp0000022,internal_assigned,,,"{""timestamp"": ""2026-10-03T13:59:22.111992+00:00"", ""model"": ""gemma-4-12b-it-qat-q4_0.gguf"", ""api_version"": null}"
233,3_Percent_S01E06,scene_000_static_022_num01308_sim45.jpg,Additional Crew,,ESQUERDINHA (GERADORISTA),MOTORISTAS,Additional Crew,,first_half,1308,pending,1,esquerdinha,,,manual_required,"[{""nconst"": ""nm13174316"", ""normalized_name"": ""esquerdinha"", ""normalized_name_with_nickname"": null, ""primaryName"": ""Esquerdinha"", ""primaryProfession"": null, ""birthYear"": null, ""deathYear"": null}]",,"{""timestamp"": ""2026-10-03T13:59:22.111992+00:00"", ""model"": ""gemma-4-12b-it-qat-q4_0.gguf"", ""api_version"": null}"
234,3_Percent_S01E06,scene_000_static_022_num01308_sim45.jpg,Additional Crew,,GABRIEL ALEXANDRE,MOTORISTAS,Additional Crew,,first_half,1308,pending,1,gabriel alexandre,,,manual_required,"[{""nconst"": ""nm5639681"", ""normalized_name"": ""alexandre gabriel"", ""normalized_name_with_nickname"": null, ""primaryName"": ""Alexandre Gabriel"", ""primaryProfession"": null, ""birthYear"": null, ""deathYear"": null}]",,"{""timestamp"": ""2026-10-03T13:59:22.111992+00:00"", ""model"": ""gemma-4-12b-it-qat-q4_0.gguf"", ""api_version"": null}"
235,3_Percent_S01E06,scene_000_static_022_num01308_sim45.jpg,Additional Crew,,ISAAC COELHO,MOTORISTAS,Additional Crew,,first_half,1308,pending,1,isaac coelho,,,manual_required,"[{""nconst"": ""nm14104682"", ""normalized_name"": ""isaac coelho"", ""normalized_name_with_nickname"": null, ""primaryName"": ""Isaac Coelho"", ""primaryProfession"": ""transportation_department"", ""birthYear"": null, ""deathYear"": null}, {""nconst"": ""nm15273163"", ""normalized_name"": ""isaac coelho"", ""normalized_name_with_nickname"": null, ""primaryName"": ""Isaac Coelho"", ""primaryProfession"": ""transportation_department"", ""birthYear"": null, ""deathYear"": null}]",,"{""timestamp"": ""2026-10-03T13:59:22.111992+00:00"", ""model"": ""gemma-4-12b-it-qat-q4_0.gguf"", ""api_version"": null}"
236,3_Percent_S01E06,scene_000_static_022_num01308_sim45.jpg,Additional Crew,,JEDOVANY PINTO ALMEIDA,MOTORISTAS,Additional Crew,,first_half,1308,pending,1,jedovany pinto almeida,,gp0000038,internal_assigned,,,"{""timestamp"": ""2026-10-03T13:59:22.111992+00:00"", ""model"": ""gemma-4-12b-it-qat-q4_0.gguf"", ""api_version"": null}"
237,3_Percent_S01E06,scene_000_static_022_num01308_sim45.jpg,Additional Crew,,JOHANA RUFINO DA SILVA,MOTORISTAS,Additional Crew,,first_half,1308,pending,1,johana rufino da silva,,gp0000043,internal_assigned,,,"{""timestamp"": ""2026-10-03T13:59:22.111992+00:00"", ""model"": ""gemma-4-12b-it-qat-q4_0.gguf"", ""api_version"": null}"
238,3_Percent_S01E06,scene_000_static_022_num01308_sim45.jpg,Additional Crew,,LUCIANO RODRIGUES,MOTORISTAS,Additional Crew,,first_half,1308,pending,1,luciano rodrigues,,,ambiguous,"[{""nconst"": ""nm10726767"", ""normalized_name"": ""luciano rodrigues"", ""normalized_name_with_nickname"": null, ""primaryName"": ""Luciano Rodrigues"", ""primaryProfession"": ""miscellaneous"", ""birthYear"": null, ""deathYear"": null}, {""nconst"": ""nm15093026"", ""normalized_name"": ""luciano rodrigues"", ""normalized_name_with_nickname"": null, ""primaryName"": ""Luciano Rodrigues"", ""primaryProfession"": ""art_department,miscellaneous"", ""birthYear"": null, ""deathYear"": null}]",,"{""timestamp"": ""2026-10-03T13:59:22.111992+00:00"", ""model"": ""gemma-4-12b-it-qat-q4_0.gguf"", ""api_version"": null}"
239,3_Percent_S01E06,scene_000_static_022_num01308_sim45.jpg,Additional Crew,,LUIZÃO (TRUCKLINE),MOTORISTAS,Additional Crew,,first_half,1308,pending,1,luizao,,,manual_required,"[{""nconst"": ""nm15445136"", ""normalized_name"": ""luizao"", ""normalized_name_with_nickname"": null, ""primaryName"": ""Luiz\u00e3o"", ""primaryProfession"": ""actor"", ""birthYear"": null, ""deathYear"": null}, {""nconst"": ""nm16948803"", ""normalized_name"": ""luizao"", ""normalized_name_with_nickname"": null, ""primaryName"": ""Luiz\u00e3o"", ""primaryProfession"": ""camera_department"", ""birthYear"": null, ""deathYear"": null}, {""nconst"": ""nm4704170"", ""normalized_name"": ""luizao"", ""normalized_name_with_nickname"": null, ""primaryName"": ""Luiz\u00e3o"", ""primaryProfession"": ""actor"", ""birthYear"": null, ""deathYear"": null}, {""nconst"": ""nm5514140"", ""normalized_name"": ""luizao"", ""normalized_name_with_nickname"": null, ""primaryName"": ""Luiz\u00e3o"", ""primaryProfession"": ""archive_footage"", ""birthYear"": null, ""deathYear"": null}, {""nconst"": ""nm7833538"", ""normalized_name"": ""luizao"", ""normalized_name_with_nickname"": null, ""primaryName"": ""Luiz\u00e3o"", ""primaryProfession"": ""transportation_department"", ""birthYear"": null, ""deathYear"": null}]",,"{""timestamp"": ""2026-10-03T13:59:22.111992+00:00"", ""model"": ""gemma-4-12b-it-qat-q4_0.gguf"", ""api_version"": null}"
240,3_Percent_S01E06,scene_000_static_022_num01308_sim45.jpg,Additional Crew,,MARCELO ALMEIDA,MOTORISTAS,Additional Crew,,first_half,1308,pending,1,marcelo almeida,,,manual_required,"[{""nconst"": ""nm0988866"", ""normalized_name"": ""marcelo almeida"", ""normalized_name_with_nickname"": null, ""primaryName"": ""Marcelo Almeida"", ""primaryProfession"": ""actor"", ""birthYear"": null, ""deathYear"": null}, {""nconst"": ""nm12702717"", ""normalized_name"": ""marcelo almeida"", ""normalized_name_with_nickname"": null, ""primaryName"": ""Marcelo Almeida"", ""primaryProfession"": ""actor"", ""birthYear"": null, ""deathYear"": null}, {""nconst"": ""nm3301830"", ""normalized_name"": ""marcelo almeida"", ""normalized_name_with_nickname"": null, ""primaryName"": ""Marcelo Almeida"", ""primaryProfession"": ""actor"", ""birthYear"": null, ""deathYear"": null}, {""nconst"": ""nm5496844"", ""normalized_name"": ""marcelo almeida"", ""normalized_name_with_nickname"": null, ""primaryName"": ""Marcelo Almeida"", ""primaryProfession"": ""production_designer"", ""birthYear"": null, ""deathYear"": null}, {""nconst"": ""nm7651530"", ""normalized_name"": ""marcelo almeida"", ""normalized_name_with_nickname"": null, ""primaryName"": ""Marcelo Almeida"", ""primaryProfession"": null, ""birthYear"": null, ""deathYear"": null}]",,"{""timestamp"": ""2026-10-03T13:59:22.111992+00:00"", ""model"": ""gemma-4-12b-it-qat-q4_0.gguf"", ""api_version"": null}"
241,3_Percent_S01E06,scene_000_static_022_num01308_sim45.jpg,Additional Crew,,MARICONTES DE LIMA,MOTORISTAS,Additional Crew,,first_half,1308,pending,1,maricontes de lima,,gp0000055,internal_assigned,,,"{""timestamp"": ""2026-10-03T13:59:22.111992+00:00"", ""model"": ""gemma-4-12b-it-qat-q4_0.gguf"", ""api_version"": null}"
242,3_Percent_S01E06,scene_000_static_022_num01308_sim45.jpg,Additional Crew,,OTHON PERDIGÃO,MOTORISTAS,Additional Crew,,first_half,1308,pending,1,othon perdigao,,nm11283631,auto_assigned,,Othon Perdigão,"{""timestamp"": ""2026-10-03T13:59:22.111992+00:00"", ""model"": ""gemma-4-12b-it-qat-q4_0.gguf"", ""api_version"": null}"
243,3_Percent_S01E06,scene_000_static_022_num01308_sim45.jpg,Additional Crew,,ROBERTA SILVA,MOTORISTAS,Additional Crew,,first_half,1308,pending,1,roberta silva,,,manual_required,"[{""nconst"": ""nm9489791"", ""normalized_name"": ""roberta silva"", ""normalized_name_with_nickname"": null, ""primaryName"": ""Roberta Silva"", ""primaryProfession"": ""actress"", ""birthYear"": null, ""deathYear"": null}]",,"{""timestamp"": ""2026-10-03T13:59:22.111992+00:00"", ""model"": ""gemma-4-12b-it-qat-q4_0.gguf"", ""api_version"": null}"
244,3_Percent_S01E06,scene_000_static_022_num01308_sim45.jpg,Additional Crew,,SILVEIRA,MOTORISTAS,Additional Crew,,first_half,1308,pending,1,silveira,,,manual_required,"[{""nconst"": ""nm0798591"", ""normalized_name"": ""silveira"", ""normalized_name_with_nickname"": null, ""primaryName"": ""Silveira"", ""primaryProfession"": ""actress"", ""birthYear"": null, ""deathYear"": null}, {""nconst"": ""nm2097471"", ""normalized_name"": ""silveira"", ""normalized_name_with_nickname"": null, ""primaryName"": ""Silveira"", ""primaryProfession"": ""actor"", ""birthYear"": null, ""deathYear"": null}]",,"{""timestamp"": ""2026-10-03T13:59:22.111992+00:00"", ""model"": ""gemma-4-12b-it-qat-q4_0.gguf"", ""api_version"": null}"
245,3_Percent_S01E06,scene_000_static_022_num01308_sim45.jpg,Additional Crew,,TONY RIAUI,MOTORISTAS,Additional Crew,,first_half,1308,pending,1,tony riaui,,gp0000070,internal_assigned,,,"{""timestamp"": ""2026-10-03T13:59:22.111992+00:00"", ""model"": ""gemma-4-12b-it-qat-q4_0.gguf"", ""api_version"": null}"
246,3_Percent_S01E06,scene_000_static_022_num01308_sim45.jpg,Additional Crew,,VICTOR RODRIGUES,MOTORISTAS,Additional Crew,,first_half,1308,pending,1,victor rodrigues,,nm16402115,auto_assigned,,Victor Rodrigues,"{""timestamp"": ""2026-10-03T13:59:22.111992+00:00"", ""model"": ""gemma-4-12b-it-qat-q4_0.gguf"", ""api_version"": null}"
247,3_Percent_S01E06,scene_000_static_023_num01368_sim41.jpg,Miscellaneous Companies,,ARENA CORINTHIANS,APOIO,Miscellaneous Companies,,first_half,1368,pending,0,arena corinthians,,cm0000002,internal_assigned,,,"{""timestamp"": ""2026-10-03T13:59:22.111992+00:00"", ""model"": ""gemma-4-12b-it-qat-q4_0.gguf"", ""api_version"": null}"
248,3_Percent_S01E06,scene_000_static_023_num01368_sim41.jpg,Miscellaneous Companies,,BNDS,APOIO,Miscellaneous Companies,,first_half,1368,pending,0,bnds,,cm0000006,internal_assigned,,,"{""timestamp"": ""2026-10-03T13:59:22.111992+00:00"", ""model"": ""gemma-4-12b-it-qat-q4_0.gguf"", ""api_version"": null}"
249,3_Percent_S01E06,scene_000_static_023_num01368_sim41.jpg,Miscellaneous Companies,,SECRETARIA MUNICIPAL DE CULTURA,APOIO,Miscellaneous Companies,,first_half,1368,pending,0,secretaria municipal de cultura,,cm0000026,internal_assigned,,,"{""timestamp"": ""2026-10-03T13:59:22.111992+00:00"", ""model"": ""gemma-4-12b-it-qat-q4_0.gguf"", ""api_version"": null}"
250,3_Percent_S01E06,scene_000_static_023_num01368_sim41.jpg,Miscellaneous Companies,,SPINICS,APOIO,Miscellaneous Companies,,first_half,1368,pending,0,spinics,,cm0000029,internal_assigned,,,"{""timestamp"": ""2026-10-03T13:59:22.111992+00:00"", ""model"": ""gemma-4-12b-it-qat-q4_0.gguf"", ""api_version"": null}"
251,3_Percent_S01E06,scene_000_static_023_num01368_sim41.jpg,Thanks,,CAIQUE MARTINS FERREIRA,AGRADECIMENTOS PRODUÇÃO,Thanks,,first_half,1368,pending,1,caique martins ferreira,,gp0000009,internal_assigned,,,"{""timestamp"": ""2026-10-03T13:59:22.111992+00:00"", ""model"": ""gemma-4-12b-it-qat-q4_0.gguf"", ""api_version"": null}"
252,3_Percent_S01E06,scene_000_static_023_num01368_sim41.jpg,Thanks,,CAROL TURNER,AGRADECIMENTOS PRODUÇÃO,Thanks,,first_half,1368,pending,1,carol turner,,gp0000012,internal_assigned,,,"{""timestamp"": ""2026-10-03T13:59:22.111992+00:00"", ""model"": ""gemma-4-12b-it-qat-q4_0.gguf"", ""api_version"": null}"
253,3_Percent_S01E06,scene_000_static_023_num01368_sim41.jpg,Thanks,,CAROLINA VIANNA,AGRADECIMENTOS PRODUÇÃO,Thanks,,first_half,1368,pending,1,carolina vianna,,gp0000013,internal_assigned,,,"{""timestamp"": ""2026-10-03T13:59:22.111992+00:00"", ""model"": ""gemma-4-12b-it-qat-q4_0.gguf"", ""api_version"": null}"
254,3_Percent_S01E06,scene_000_static_023_num01368_sim41.jpg,Miscellaneous Companies,,EPSON,AGRADECIMENTOS PRODUÇÃO,Miscellaneous Companies,,first_half,1368,pending,0,epson,,cm0000012,internal_assigned,,,"{""timestamp"": ""2026-10-03T13:59:22.111992+00:00"", ""model"": ""gemma-4-12b-it-qat-q4_0.gguf"", ""api_version"": null}"
255,3_Percent_S01E06,scene_000_static_023_num01368_sim41.jpg,Thanks,,GUSTAVO MELLO,AGRADECIMENTOS PRODUÇÃO,Thanks,,first_half,1368,pending,1,gustavo mello,,gp0000032,internal_assigned,,,"{""timestamp"": ""2026-10-03T13:59:22.111992+00:00"", ""model"": ""gemma-4-12b-it-qat-q4_0.gguf"", ""api_version"": null}"
256,3_Percent_S01E06,scene_000_static_023_num01368_sim41.jpg,Thanks,,KRISHNA BRUNONI,AGRADECIMENTOS PRODUÇÃO,Thanks,,first_half,1368,pending,1,krishna brunoni,,gp0000044,internal_assigned,,,"{""timestamp"": ""2026-10-03T13:59:22.111992+00:00"", ""model"": ""gemma-4-12b-it-qat-q4_0.gguf"", ""api_version"": null}"
257,3_Percent_S01E06,scene_000_static_023_num01368_sim41.jpg,Thanks,,PAYTRE TORP,AGRADECIMENTOS PRODUÇÃO,Thanks,,first_half,1368,pending,1,paytre torp,,gp0000060,internal_assigned,,,"{""timestamp"": ""2026-10-03T13:59:22.111992+00:00"", ""model"": ""gemma-4-12b-it-qat-q4_0.gguf"", ""api_version"": null}"
258,3_Percent_S01E06,scene_000_static_024_num01428_sim45.jpg,Miscellaneous Companies,,ALL SIGNS,ARTES,Miscellaneous Companies,,first_half,1428,pending,0,all signs,,cm0000001,internal_assigned,,,"{""timestamp"": ""2026-10-03T13:59:22.111992+00:00"", ""model"": ""gemma-4-12b-it-qat-q4_0.gguf"", ""api_version"": null}"
259,3_Percent_S01E06,scene_000_static_024_num01428_sim45.jpg,Miscellaneous Companies,,ARTESIAN,ARTES,Miscellaneous Companies,,first_half,1428,pending,0,artesian,,cm0000003,internal_assigned,,,"{""timestamp"": ""2026-10-03T13:59:22.111992+00:00"", ""model"": ""gemma-4-12b-it-qat-q4_0.gguf"", ""api_version"": null}"
260,3_Percent_S01E06,scene_000_static_024_num01428_sim45.jpg,Miscellaneous Companies,,ATELIÊ NAT PETRY,ARTES,Miscellaneous Companies,,first_half,1428,pending,0,ateliê nat petry,,cm0000004,internal_assigned,,,"{""timestamp"": ""2026-10-03T13:59:22.111992+00:00"", ""model"": ""gemma-4-12b-it-qat-q4_0.gguf"", ""api_version"": null}"
261,3_Percent_S01E06,scene_000_static_024_num01428_sim45.jpg,Miscellaneous Companies,,BENTO STORE,ARTES,Miscellaneous Companies,,first_half,1428,pending,0,bento store,,cm0000005,internal_assigned,,,"{""timestamp"": ""2026-10-03T13:59:22.111992+00:00"", ""model"": ""gemma-4-12b-it-qat-q4_0.gguf"", ""api_version"": null}"
262,3_Percent_S01E06,scene_000_static_024_num01428_sim45.jpg,Miscellaneous Companies,,CARNEIRO DESIGN,ARTES,Miscellaneous Companies,,first_half,1428,pending,0,carneiro design,,cm0000008,internal_assigned,,,"{""timestamp"": ""2026-10-03T13:59:22.111992+00:00"", ""model"": ""gemma-4-12b-it-qat-q4_0.gguf"", ""api_version"": null}"
263,3_Percent_S01E06,scene_000_static_024_num01428_sim45.jpg,Miscellaneous Companies,,DE LUZ E AZUL - MOBILIÁRIO URBANO,ARTES,Miscellaneous Companies,,first_half,1428,pending,0,de luz e azul mobiliário urbano,,cm0000010,internal_assigned,,,"{""timestamp"": ""2026-10-03T13:59:22.111992+00:00"", ""model"": ""gemma-4-12b-it-qat-q4_0.gguf"", ""api_version"": null}"
264,3_Percent_S01E06,scene_000_static_024_num01428_sim45.jpg,Miscellaneous Companies,,FABIO BASTOS - GUARDIAS AGUI,ARTES,Miscellaneous Companies,,first_half,1428,pending,0,fabio bastos guardias agui,,cm0000014,internal_assigned,,,"{""timestamp"": ""2026-10-03T13:59:22.111992+00:00"", ""model"": ""gemma-4-12b-it-qat-q4_0.gguf"", ""api_version"": null}"
265,3_Percent_S01E06,scene_000_static_024_num01428_sim45.jpg,Miscellaneous Companies,,KARSTEN,ARTES,Miscellaneous Companies,,first_half,1428,pending,0,karsten,,cm0000015,internal_assigned,,,"{""timestamp"": ""2026-10-03T13:59:22.111992+00:00"", ""model"": ""gemma-4-12b-it-qat-q4_0.gguf"", ""api_version"": null}"
266,3_Percent_S01E06,scene_000_static_024_num01428_sim45.jpg,Miscellaneous Companies,,LIGIA EIO - CLARIA PAULISTANA,ARTES,Miscellaneous Companies,,first_half,1428,pending,0,ligia eio claria paulistana,,cm0000016,internal_assigned,,,"{""timestamp"": ""2026-10-03T13:59:22.111992+00:00"", ""model"": ""gemma-4-12b-it-qat-q4_0.gguf"", ""api_version"": null}"
267,3_Percent_S01E06,scene_000_static_024_num01428_sim45.jpg,Miscellaneous Companies,,LUIS ARANGURI,ARTES,Miscellaneous Companies,,first_half,1428,pending,0,luis aranguri,,cm0000017,internal_assigned,,,"{""timestamp"": ""2026-10-03T13:59:22.111992+00:00"", ""model"": ""gemma-4-12b-it-qat-q4_0.gguf"", ""api_version"": null}"
268,3_Percent_S01E06,scene_000_static_024_num01428_sim45.jpg,Miscellaneous Companies,,MELLIMELO PRESS,ARTES,Miscellaneous Companies,,first_half,1428,pending,0,mellimelo press,,cm0000019,internal_assigned,,,"{""timestamp"": ""2026-10-03T13:59:22.111992+00:00"", ""model"": ""gemma-4-12b-it-qat-q4_0.gguf"", ""api_version"": null}"
269,3_Percent_S01E06,scene_000_static_024_num01428_sim45.jpg,Miscellaneous Companies,,MEZAS,ARTES,Miscellaneous Companies,,first_half,1428,pending,0,mezas,,cm0000020,internal_assigned,,,"{""timestamp"": ""2026-10-03T13:59:22.111992+00:00"", ""model"": ""gemma-4-12b-it-qat-q4_0.gguf"", ""api_version"": null}"
270,3_Percent_S01E06,scene_000_static_024_num01428_sim45.jpg,Miscellaneous Companies,,MII ATELIER,ARTES,Miscellaneous Companies,,first_half,1428,pending,0,mii atelier,,cm0000021,internal_assigned,,,"{""timestamp"": ""2026-10-03T13:59:22.111992+00:00"", ""model"": ""gemma-4-12b-it-qat-q4_0.gguf"", ""api_version"": null}"
271,3_Percent_S01E06,scene_000_static_024_num01428_sim45.jpg,Miscellaneous Companies,,MILISE CORREIA,ARTES,Miscellaneous Companies,,first_half,1428,pending,0,milise correia,,cm0000023,internal_assigned,,,"{""timestamp"": ""2026-10-03T13:59:22.111992+00:00"", ""model"": ""gemma-4-12b-it-qat-q4_0.gguf"", ""api_version"": null}"
272,3_Percent_S01E06,scene_000_static_024_num01428_sim45.jpg,Miscellaneous Companies,,MILINDO CON ENKOVAL,ARTES,Miscellaneous Companies,,first_half,1428,pending,0,milindo con enkoval,,cm0000022,internal_assigned,,,"{""timestamp"": ""2026-10-03T13:59:22.111992+00:00"", ""model"": ""gemma-4-12b-it-qat-q4_0.gguf"", ""api_version"": null}"
273,3_Percent_S01E06,scene_000_static_024_num01428_sim45.jpg,Miscellaneous Companies,,OBJETOS DE GENA,ARTES,Miscellaneous Companies,,first_half,1428,pending,0,objetos de gena,,cm0000025,internal_assigned,,,"{""timestamp"": ""2026-10-03T13:59:22.111992+00:00"", ""model"": ""gemma-4-12b-it-qat-q4_0.gguf"", ""api_version"": null}"
274,3_Percent_S01E06,scene_000_static_024_num01428_sim45.jpg,Miscellaneous Companies,,DVG,ARTES,Miscellaneous Companies,,first_half,1428,pending,0,dvg,,cm0000011,internal_assigned,,,"{""timestamp"": ""2026-10-03T13:59:22.111992+00:00"", ""model"": ""gemma-4-12b-it-qat-q4_0.gguf"", ""api_version"": null}"
275,3_Percent_S01E06,scene_000_static_024_num01428_sim45.jpg,Miscellaneous Companies,,F.O.P.A. PRINT,ARTES,Miscellaneous Companies,,first_half,1428,pending,0,f o p a print,,cm0000013,internal_assigned,,,"{""timestamp"": ""2026-10-03T13:59:22.111992+00:00"", ""model"": ""gemma-4-12b-it-qat-q4_0.gguf"", ""api_version"": null}"
276,3_Percent_S01E06,scene_000_static_024_num01428_sim45.jpg,Miscellaneous Companies,,SÉRGIO FAHRIER & JACK FAHRIER,ARTES,Miscellaneous Companies,,first_half,1428,pending,0,sérgio fahrier jack fahrier,,cm0000030,internal_assigned,,,"{""timestamp"": ""2026-10-03T13:59:22.111992+00:00"", ""model"": ""gemma-4-12b-it-qat-q4_0.gguf"", ""api_version"": null}"
277,3_Percent_S01E06,scene_000_static_024_num01428_sim45.jpg,Miscellaneous Companies,,SEU JORGINHOS COFIAS,ARTES,Miscellaneous Companies,,first_half,1428,pending,0,seu jorginhos cofias,,cm0000027,internal_assigned,,,"{""timestamp"": ""2026-10-03T13:59:22.111992+00:00"", ""model"": ""gemma-4-12b-it-qat-q4_0.gguf"", ""api_version"": null}"
278,3_Percent_S01E06,scene_000_static_024_num01428_sim45.jpg,Miscellaneous Companies,,SP SIGNS,ARTES,Miscellaneous Companies,,first_half,1428,pending,0,sp signs,,cm0000028,internal_assigned,,,"{""timestamp"": ""2026-10-03T13:59:22.111992+00:00"", ""model"": ""gemma-4-12b-it-qat-q4_0.gguf"", ""api_version"": null}"
279,3_Percent_S01E06,scene_000_static_024_num01428_sim45.jpg,Miscellaneous Companies,,TRAMONTINA,ARTES,Miscellaneous Companies,,first_half,1428,pending,0,tramontina,,cm0000031,internal_assigned,,,"{""timestamp"": ""2026-10-03T13:59:22.111992+00:00"", ""model"": ""gemma-4-12b-it-qat-q4_0.gguf"", ""api_version"": null}"
280,3_Percent_S01E06,scene_000_static_024_num01428_sim45.jpg,Miscellaneous Companies,,TUPPERWARE,ARTES,Miscellaneous Companies,,first_half,1428,pending,0,tupperware,,cm0000033,internal_assigned,,,"{""timestamp"": ""2026-10-03T13:59:22.111992+00:00"", ""model"": ""gemma-4-12b-it-qat-q4_0.gguf"", ""api_version"": null}"
281,3_Percent_S01E06,scene_002_static_000_num01517_sim90.jpg,Production Companies,,boutique FILMES,,Production Companies,,second_half,1517,pending,0,boutique filmes,,cm0000034,internal_assigned,,,"{""timestamp"": ""2026-10-03T13:59:22.111992+00:00"", ""model"": ""gemma-4-12b-it-qat-q4_0.gguf"", ""api_version"": null}"
282,3_Percent_S01E06,scene_004_static_001_num01631_sim100.jpg,Production Companies,,NETFLIX,,Production Companies,,second_half,1631,pending,0,netflix,,cm0000024,internal_assigned,,,"{""timestamp"": ""2026-10-03T13:59:22.111992+00:00"", ""model"": ""gemma-4-12b-it-qat-q4_0.gguf"", ""api_version"": null}"
283,3_Percent_S01E06,scene_004_static_002_num01655_sim39.jpg,Dubbing,,Bruno Basile,Tradotto da,Dubbing,,second_half,1655,pending,1,bruno basile,,nm6145993,auto_assigned,,Bruno Basile,"{""timestamp"": ""2026-10-03T13:59:22.111992+00:00"", ""model"": ""gemma-4-12b-it-qat-q4_0.gguf"", ""api_version"": null}"
284,3_Percent_S01E06,scene_001_static_000_num00137_sim18.jpg,Unknown,,JOÃO MIGUEL,,Unknown,,first_half,137,pending,1,joao miguel,,gp0000077,internal_assigned,,,"{""timestamp"": ""2026-10-03T14:11:14.308937+00:00"", ""model"": ""gemma-4-12b-it-qat-q4_0.gguf"", ""api_version"": null}"
285,3_Percent_S01E06,scene_002_scroll_000_num00185_sim0.jpg,Unknown,,BIANCA COMPARATO,,Unknown,,first_half,185,pending,1,bianca comparato,,gp0000076,internal_assigned,,,"{""timestamp"": ""2026-10-03T14:11:14.308937+00:00"", ""model"": ""gemma-4-12b-it-qat-q4_0.gguf"", ""api_version"": null}"
286,3_Percent_S01E06,scene_003_static_001_num00332_sim98.jpg,Directors,,MICHEL GOMES,,Directors,,first_half,332,pending,1,michel gomes,,,manual_required,"[{""nconst"": ""nm12098316"", ""normalized_name"": ""michel gomes"", ""normalized_name_with_nickname"": null, ""primaryName"": ""Michel Gomes"", ""primaryProfession"": ""cinematographer"", ""birthYear"": null, ""deathYear"": null}, {""nconst"": ""nm1249471"", ""normalized_name"": ""michel gomes"", ""normalized_name_with_nickname"": null, ""primaryName"": ""Michel Gomes"", ""primaryProfession"": ""actor"", ""birthYear"": 1989, ""deathYear"": null}, {""nconst"": ""nm12806607"", ""normalized_name"": ""michel gomes"", ""normalized_name_with_nickname"": null, ""primaryName"": ""Michel Gomes"", ""primaryProfession"": null, ""birthYear"": null, ""deathYear"": null}, {""nconst"": ""nm8832599"", ""normalized_name"": ""michel gomes"", ""normalized_name_with_nickname"": null, ""primaryName"": ""Michel Gomes"", ""primaryProfession"": ""camera_department,cinematographer"", ""birthYear"": null, ""deathYear"": null}]",,"{""timestamp"": ""2026-10-03T14:11:14.308937+00:00"", ""model"": ""gemma-4-12b-it-qat-q4_0.gguf"", ""api_version"": null}"
287,3_Percent_S01E06,scene_003_static_001_num00332_sim98.jpg,Directors,,RODOLFO VALENTE,,Directors,,first_half,332,pending,1,rodolfo valente,,nm1699180,auto_assigned,,Rodolfo Valente,"{""timestamp"": ""2026-10-03T14:11:14.308937+00:00"", ""model"": ""gemma-4-12b-it-qat-q4_0.gguf"", ""api_version"": null}"
288,3_Percent_S01E06,scene_004_static_001_num00405_sim100.jpg,Cast,,VANEZA OLIVEIRA,,Cast,,first_half,405,pending,1,vaneza oliveira,,nm8503168,auto_assigned,,Vaneza Oliveira,"{""timestamp"": ""2026-10-03T14:11:14.308937+00:00"", ""model"": ""gemma-4-12b-it-qat-q4_0.gguf"", ""api_version"": null}"
289,3_Percent_S01E06,scene_004_static_001_num00405_sim100.jpg,Cast,,RAFAEL LOZANO,,Cast,,first_half,405,pending,1,rafael lozano,,,ambiguous,"[{""nconst"": ""nm12033271"", ""normalized_name"": ""rafael lozano"", ""normalized_name_with_nickname"": null, ""primaryName"": ""Rafael Lozano"", ""primaryProfession"": ""actor"", ""birthYear"": null, ""deathYear"": null}, {""nconst"": ""nm12121009"", ""normalized_name"": ""rafael lozano"", ""normalized_name_with_nickname"": null, ""primaryName"": ""Rafael Lozano"", ""primaryProfession"": ""actor,stunts"", ""birthYear"": null, ""deathYear"": null}, {""nconst"": ""nm13843218"", ""normalized_name"": ""rafael lozano"", ""normalized_name_with_nickname"": null, ""primaryName"": ""Rafael Lozano"", ""primaryProfession"": ""actor"", ""birthYear"": null, ""deathYear"": null}, {""nconst"": ""nm17580580"", ""normalized_name"": ""rafael lozano"", ""normalized_name_with_nickname"": null, ""primaryName"": ""Rafael Lozano"", ""primaryProfession"": ""actor"", ""birthYear"": null, ""deathYear"": null}, {""nconst"": ""nm4111645"", ""normalized_name"": ""rafael lozano"", ""normalized_name_with_nickname"": null, ""primaryName"": ""Rafael Lozano"", ""primaryProfession"": ""actor,archive_footage"", ""birthYear"": null, ""deathYear"": null}, {""nconst"": ""nm6633305"", ""normalized_name"": ""rafael lozano"", ""normalized_name_with_nickname"": null, ""primaryName"": ""Rafael Lozano"", ""primaryProfession"": ""actor,writer"", ""birthYear"": null, ""deathYear"": null}, {""nconst"": ""nm7625030"", ""normalized_name"": ""rafael lozano"", ""normalized_name_with_nickname"": null, ""primaryName"": ""Rafael Lozano"", ""primaryProfession"": ""actor"", ""birthYear"": null, ""deathYear"": null}]",,"{""timestamp"": ""2026-10-03T14:11:14.308937+00:00"", ""model"": ""gemma-4-12b-it-qat-q4_0.gguf"", ""api_version"": null}"
290,3_Percent_S01E06,scene_004_static_001_num00405_sim100.jpg,Cast,,VIVIANE PORTO,,Cast,,first_half,405,pending,1,viviane porto,,nm1099452,auto_assigned,,Viviane Porto,"{""timestamp"": ""2026-10-03T14:11:14.308937+00:00"", ""model"": ""gemma-4-12b-it-qat-q4_0.gguf"", ""api_version"": null}"
291,3_Percent_S01E06,scene_006_static_000_num00458_sim100.jpg,Cast,,MILIA FRONCKOWIAK,ATORES CONVIDADOS,Cast,,first_half,458,pending,1,milia fronckowiak,,nm3248902,auto_assigned,,Mel Fronckowiak,"{""timestamp"": ""2026-10-03T14:11:14.308937+00:00"", ""model"": ""gemma-4-12b-it-qat-q4_0.gguf"", ""api_version"": null}"
292,3_Percent_S01E06,scene_006_static_000_num00458_sim100.jpg,Cast,,SERGIO MAMBERTI,ATORES CONVIDADOS,Cast,,first_half,458,pending,1,sergio mamberti,,nm0541028,auto_assigned,,Sérgio Mamberti,"{""timestamp"": ""2026-10-03T14:11:14.308937+00:00"", ""model"": ""gemma-4-12b-it-qat-q4_0.gguf"", ""api_version"": null}"
293,3_Percent_S01E06,scene_006_static_000_num00458_sim100.jpg,Cast,,ZEZE MOTTA,ATORES CONVIDADOS,Cast,,first_half,458,pending,1,zeze motta,,nm0609507,auto_assigned,,Zezé Motta,"{""timestamp"": ""2026-10-03T14:11:14.308937+00:00"", ""model"": ""gemma-4-12b-it-qat-q4_0.gguf"", ""api_version"": null}"
294,3_Percent_S01E06,scene_006_static_000_num00458_sim100.jpg,Cast,,CELSO PRATESCHI,ATORES CONVIDADOS,Cast,,first_half,458,pending,1,celso prateschi,,nm0292329,auto_assigned,,Celso Frateschi,"{""timestamp"": ""2026-10-03T14:11:14.308937+00:00"", ""model"": ""gemma-4-12b-it-qat-q4_0.gguf"", ""api_version"": null}"
295,3_Percent_S01E06,scene_007_static_002_num00558_sim94.jpg,Art Directors,,VALDY LOPES JN,DIREÇÃO DE ARTE,Art Directors,,first_half,558,pending,1,valdy lopes jn,,nm1155729,auto_assigned,,Valdy Lopes,"{""timestamp"": ""2026-10-03T14:11:14.308937+00:00"", ""model"": ""gemma-4-12b-it-qat-q4_0.gguf"", ""api_version"": null}"
296,3_Percent_S01E06,scene_007_static_004_num00594_sim87.jpg,Composers,,ANDRÉ MEHMARI,MÚSICA,Composers,,first_half,594,pending,1,andre mehmari,,nm6503944,auto_assigned,,André Mehmari,"{""timestamp"": ""2026-10-03T14:11:14.308937+00:00"", ""model"": ""gemma-4-12b-it-qat-q4_0.gguf"", ""api_version"": null}"
297,3_Percent_S01E06,scene_008_static_003_num00667_sim100.jpg,Cinematographers,,EDUARDO PIAGGE,DIREÇÃO DE FOTOGRAFIA,Cinematographers,,first_half,667,pending,1,eduardo piagge,,nm5088703,auto_assigned,,Eduardo Piagge,"{""timestamp"": ""2026-10-03T14:11:14.308937+00:00"", ""model"": ""gemma-4-12b-it-qat-q4_0.gguf"", ""api_version"": null}"
298,3_Percent_S01E06,scene_009_static_002_num00725_sim96.jpg,Additional Crew,,BASSIO KOSHIKUMO,POTERISTAS,Additional Crew,,first_half,725,pending,1,bassio koshikumo,,gp0000075,internal_assigned,,,"{""timestamp"": ""2026-10-03T14:11:14.308937+00:00"", ""model"": ""gemma-4-12b-it-qat-q4_0.gguf"", ""api_version"": null}"
299,3_Percent_S01E06,scene_009_static_002_num00725_sim96.jpg,Additional Crew,,DENIS NIELSEN,POTERISTAS,Additional Crew,,first_half,725,pending,1,denis nielsen,,,manual_required,"[{""nconst"": ""nm3238584"", ""normalized_name"": ""denis nielsen"", ""normalized_name_with_nickname"": null, ""primaryName"": ""Denis Nielsen"", ""primaryProfession"": ""writer,director,actor"", ""birthYear"": null, ""deathYear"": null}]",,"{""timestamp"": ""2026-10-03T14:11:14.308937+00:00"", ""model"": ""gemma-4-12b-it-qat-q4_0.gguf"", ""api_version"": null}"
300,3_Percent_S01E06,scene_009_static_002_num00725_sim96.jpg,Additional Crew,,IVAN NAKAMURA,POTERISTAS,Additional Crew,,first_half,725,pending,1,ivan nakamura,,,manual_required,"[{""nconst"": ""nm1120427"", ""normalized_name"": ""ivan nakamura"", ""normalized_name_with_nickname"": null, ""primaryName"": ""Ivan Nakamura"", ""primaryProfession"": ""actor"", ""birthYear"": null, ""deathYear"": null}, {""nconst"": ""nm3120962"", ""normalized_name"": ""ivan nakamura"", ""normalized_name_with_nickname"": null, ""primaryName"": ""Ivan Nakamura"", ""primaryProfession"": ""writer,director,camera_department"", ""birthYear"": null, ""deathYear"": null}]",,"{""timestamp"": ""2026-10-03T14:11:14.308937+00:00"", ""model"": ""gemma-4-12b-it-qat-q4_0.gguf"", ""api_version"": null}"
301,3_Percent_S01E06,scene_009_static_002_num00725_sim96.jpg,Additional Crew,,JOTAGA CREMA,POTERISTAS,Additional Crew,,first_half,725,pending,1,jotaga crema,,,manual_required,"[{""nconst"": ""nm2944272"", ""normalized_name"": ""jotaga crema"", ""normalized_name_with_nickname"": null, ""primaryName"": ""Jotag\u00e1 Crema"", ""primaryProfession"": ""writer,director,editor"", ""birthYear"": null, ""deathYear"": null}]",,"{""timestamp"": ""2026-10-03T14:11:14.308937+00:00"", ""model"": ""gemma-4-12b-it-qat-q4_0.gguf"", ""api_version"": null}"
302,3_Percent_S01E06,scene_009_static_002_num00725_sim96.jpg,Additional Crew,,PEDRO AGUILERA,POTERISTAS,Additional Crew,,first_half,725,pending,1,pedro aguilera,,nm1686625,auto_assigned,,Pedro Aguilera,"{""timestamp"": ""2026-10-03T14:11:14.308937+00:00"", ""model"": ""gemma-4-12b-it-qat-q4_0.gguf"", ""api_version"": null}"
303,3_Percent_S01E06,scene_011_static_001_num00794_sim37.jpg,Producers,,ERIK BARMACK,PRODUÇÃO EXECUTIVA,Producers,,second_half,794,pending,1,erik barmack,,nm7451560,auto_assigned,,Erik Barmack,"{""timestamp"": ""2026-10-03T14:11:14.308937+00:00"", ""model"": ""gemma-4-12b-it-qat-q4_0.gguf"", ""api_version"": null}"
304,3_Percent_S01E06,scene_011_static_001_num00794_sim37.jpg,Producers,,KELLY LÜBENSBIEHL,PRODUÇÃO EXECUTIVA,Producers,,second_half,794,pending,1,kelly lubensbiehl,,nm2061454,auto_assigned,,Kelly Luegenbiehl,"{""timestamp"": ""2026-10-03T14:11:14.308937+00:00"", ""model"": ""gemma-4-12b-it-qat-q4_0.gguf"", ""api_version"": null}"
305,3_Percent_S01E06,scene_011_static_001_num00794_sim37.jpg,Producers,,DIEGO AVALOS,PRODUÇÃO EXECUTIVA,Producers,,second_half,794,pending,1,diego avalos,,,ambiguous,"[{""nconst"": ""nm3149490"", ""normalized_name"": ""diego avalos"", ""normalized_name_with_nickname"": null, ""primaryName"": ""Diego \u00c1valos"", ""primaryProfession"": ""producer"", ""birthYear"": null, ""deathYear"": null}, {""nconst"": ""nm7533675"", ""normalized_name"": ""diego avalos"", ""normalized_name_with_nickname"": null, ""primaryName"": ""Diego Avalos"", ""primaryProfession"": ""producer"", ""birthYear"": null, ""deathYear"": null}]",,"{""timestamp"": ""2026-10-03T14:11:14.308937+00:00"", ""model"": ""gemma-4-12b-it-qat-q4_0.gguf"", ""api_version"": null}"
306,3_Percent_S01E06,scene_012_static_004_num00916_sim98.jpg,Producers,,TIAGO MELLO,PRODUÇÃO EXECUTIVA,Producers,,second_half,916,pending,1,tiago mello,,nm3925123,auto_assigned,,Tiago Mello,"{""timestamp"": ""2026-10-03T14:11:14.308937+00:00"", ""model"": ""gemma-4-12b-it-qat-q4_0.gguf"", ""api_version"": null}"
307,3_Percent_S01E06,scene_012_static_007_num01012_sim100.jpg,Directors,,DAINA GIANNECHINI,DIREÇÃO,Directors,,second_half,1012,pending,1,daina giannechini,,nm3120984,auto_assigned,,Daina Giannecchini,"{""timestamp"": ""2026-10-03T14:11:14.308937+00:00"", ""model"": ""gemma-4-12b-it-qat-q4_0.gguf"", ""api_version"": null}"
308,3_Percent_S01E06,scene_012_static_007_num01012_sim100.jpg,Directors,,DANI LIBARDI,DIREÇÃO,Directors,,second_half,1012,pending,1,dani libardi,,nm4746526,auto_assigned,,Dani Libardi,"{""timestamp"": ""2026-10-03T14:11:14.308937+00:00"", ""model"": ""gemma-4-12b-it-qat-q4_0.gguf"", ""api_version"": null}"
309,3_Percent_S01E06,scene_012_static_007_num01012_sim100.jpg,Directors,,JOTAGA CREMA,DIREÇÃO,Directors,,second_half,1012,pending,1,jotaga crema,,nm2944272,auto_assigned,,Jotagá Crema,"{""timestamp"": ""2026-10-03T14:11:14.308937+00:00"", ""model"": ""gemma-4-12b-it-qat-q4_0.gguf"", ""api_version"": null}"
310,3_Percent_S01E06,scene_013_static_001_num01120_sim79.jpg,Directors,,CESAR CHARLONE,DIREÇÃO GERAL,Directors,,second_half,1120,pending,1,cesar charlone,,nm0153263,auto_assigned,,César Charlone,"{""timestamp"": ""2026-10-03T14:11:14.308937+00:00"", ""model"": ""gemma-4-12b-it-qat-q4_0.gguf"", ""api_version"": null}"
311,3_Percent_S01E06,scene_013_static_002_num01141_sim43.jpg,Writers,,PEDRO AGUILERA,CRIADO E ROTEIRO FINAL,Writers,,second_half,1141,pending,1,pedro aguilera,,,ambiguous,"[{""nconst"": ""nm1379105"", ""normalized_name"": ""pedro aguilera"", ""normalized_name_with_nickname"": null, ""primaryName"": ""Pedro Aguilera"", ""primaryProfession"": ""director,writer,editor"", ""birthYear"": 1978, ""deathYear"": null}, {""nconst"": ""nm4747123"", ""normalized_name"": ""pedro aguilera"", ""normalized_name_with_nickname"": null, ""primaryName"": ""Pedro Aguilera"", ""primaryProfession"": ""writer,production_manager,producer"", ""birthYear"": null, ""deathYear"": null}]",,"{""timestamp"": ""2026-10-03T14:11:14.308937+00:00"", ""model"": ""gemma-4-12b-it-qat-q4_0.gguf"", ""api_version"": null}"
312,Blue_Eye_Samurai_S01E01,scene_001_static_000_num00050_sim0.jpg,Writers,,Amber Noizumi,Written by,Writers,,first_half,50,pending,1,amber noizumi,,nm11994554,auto_assigned,,Amber Noizumi,"{""timestamp"": ""2026-10-03T14:13:59.867647+00:00"", ""model"": ""gemma-4-12b-it-qat-q4_0.gguf"", ""api_version"": null}"
313,Blue_Eye_Samurai_S01E01,scene_001_static_000_num00050_sim0.jpg,Writers,,Michael Green,Written by,Writers,,first_half,50,pending,1,michael green,,,ambiguous,"[{""nconst"": ""nm0338169"", ""normalized_name"": ""michael green"", ""normalized_name_with_nickname"": null, ""primaryName"": ""Michael Green"", ""primaryProfession"": ""producer,writer,miscellaneous"", ""birthYear"": 1973, ""deathYear"": null}, {""nconst"": ""nm11158402"", ""normalized_name"": ""michael green"", ""normalized_name_with_nickname"": null, ""primaryName"": ""Michael Green"", ""primaryProfession"": ""writer,producer,director"", ""birthYear"": null, ""deathYear"": null}, {""nconst"": ""nm1129312"", ""normalized_name"": ""michael green"", ""normalized_name_with_nickname"": null, ""primaryName"": ""Michael Green"", ""primaryProfession"": ""writer"", ""birthYear"": null, ""deathYear"": null}, {""nconst"": ""nm12661846"", ""normalized_name"": ""michael green"", ""normalized_name_with_nickname"": null, ""primaryName"": ""Michael Green"", ""primaryProfession"": ""actor,writer,producer"", ""birthYear"": null, ""deathYear"": null}, {""nconst"": ""nm1593173"", ""normalized_name"": ""michael green"", ""normalized_name_with_nickname"": null, ""primaryName"": ""Michael Green"", ""primaryProfession"": ""writer,actor"", ""birthYear"": 1927, ""deathYear"": 2018}, {""nconst"": ""nm3274446"", ""normalized_name"": ""michael green"", ""normalized_name_with_nickname"": null, ""primaryName"": ""Michael Green"", ""primaryProfession"": ""writer"", ""birthYear"": null, ""deathYear"": null}, {""nconst"": ""nm4359274"", ""normalized_name"": ""michael green"", ""normalized_name_with_nickname"": null, ""primaryName"": ""Michael Green"", ""primaryProfession"": ""actor,writer"", ""birthYear"": null, ""deathYear"": null}, {""nconst"": ""nm5376527"", ""normalized_name"": ""michael green"", ""normalized_name_with_nickname"": null, ""primaryName"": ""Michael Green"", ""primaryProfession"": ""writer"", ""birthYear"": null, ""deathYear"": null}]",,"{""timestamp"": ""2026-10-03T14:13:59.867647+00:00"", ""model"": ""gemma-4-12b-it-qat-q4_0.gguf"", ""api_version"": null}"
314,Blue_Eye_Samurai_S01E01,scene_001_static_001_num00146_sim22.jpg,Directors,,JANE WU,DIRECTED BY,Directors,,first_half,146,pending,1,jane wu,,nm6084498,auto_assigned,,Jane Wu,"{""timestamp"": ""2026-10-03T14:13:59.867647+00:00"", ""model"": ""gemma-4-12b-it-qat-q4_0.gguf"", ""api_version"": null}"
315,Blue_Eye_Samurai_S01E01,scene_002_static_000_num00194_sim21.jpg,Producers,,MICHAEL GREEN,EXECUTIVE PRODUCER,Producers,,first_half,194,pending,1,michael green,,,ambiguous,"[{""nconst"": ""nm0338161"", ""normalized_name"": ""michael green"", ""normalized_name_with_nickname"": null, ""primaryName"": ""Michael Green"", ""primaryProfession"": ""assistant_director,producer,actor"", ""birthYear"": 1950, ""deathYear"": null}, {""nconst"": ""nm0338169"", ""normalized_name"": ""michael green"", ""normalized_name_with_nickname"": null, ""primaryName"": ""Michael Green"", ""primaryProfession"": ""producer,writer,miscellaneous"", ""birthYear"": 1973, ""deathYear"": null}, {""nconst"": ""nm0338171"", ""normalized_name"": ""michael green"", ""normalized_name_with_nickname"": null, ""primaryName"": ""Michael Green"", ""primaryProfession"": ""producer,manager"", ""birthYear"": null, ""deathYear"": null}, {""nconst"": ""nm10173123"", ""normalized_name"": ""michael green"", ""normalized_name_with_nickname"": null, ""primaryName"": ""Michael Green"", ""primaryProfession"": ""producer"", ""birthYear"": null, ""deathYear"": null}, {""nconst"": ""nm11158402"", ""normalized_name"": ""michael green"", ""normalized_name_with_nickname"": null, ""primaryName"": ""Michael Green"", ""primaryProfession"": ""writer,producer,director"", ""birthYear"": null, ""deathYear"": null}, {""nconst"": ""nm12109096"", ""normalized_name"": ""michael green"", ""normalized_name_with_nickname"": null, ""primaryName"": ""Michael Green"", ""primaryProfession"": ""producer"", ""birthYear"": null, ""deathYear"": null}, {""nconst"": ""nm12661846"", ""normalized_name"": ""michael green"", ""normalized_name_with_nickname"": null, ""primaryName"": ""Michael Green"", ""primaryProfession"": ""actor,writer,producer"", ""birthYear"": null, ""deathYear"": null}, {""nconst"": ""nm12722524"", ""normalized_name"": ""michael green"", ""normalized_name_with_nickname"": null, ""primaryName"": ""Michael Green"", ""primaryProfession"": ""producer"", ""birthYear"": null, ""deathYear"": null}, {""nconst"": ""nm13962310"", ""normalized_name"": ""michael green"", ""normalized_name_with_nickname"": null, ""primaryName"": ""Michael Green"", ""primaryProfession"": ""producer"", ""birthYear"": null, ""deathYear"": null}, {""nconst"": ""nm14528292"", ""normalized_name"": ""michael green"", ""normalized_name_with_nickname"": null, ""primaryName"": ""Michael Green"", ""primaryProfession"": ""cinematographer,editor,producer"", ""birthYear"": null, ""deathYear"": null}, {""nconst"": ""nm14797907"", ""normalized_name"": ""michael green"", ""normalized_name_with_nickname"": null, ""primaryName"": ""Michael Green"", ""primaryProfession"": ""cinematographer,editor,producer"", ""birthYear"": null, ""deathYear"": null}, {""nconst"": ""nm15839070"", ""normalized_name"": ""michael green"", ""normalized_name_with_nickname"": null, ""primaryName"": ""Michael Green"", ""primaryProfession"": ""producer"", ""birthYear"": null, ""deathYear"": null}, {""nconst"": ""nm15901025"", ""normalized_name"": ""michael green"", ""normalized_name_with_nickname"": null, ""primaryName"": ""Michael Green"", ""primaryProfession"": ""producer"", ""birthYear"": null, ""deathYear"": null}, {""nconst"": ""nm2343015"", ""normalized_name"": ""michael green"", ""normalized_name_with_nickname"": null, ""primaryName"": ""Michael Green"", ""primaryProfession"": ""director,cinematographer,producer"", ""birthYear"": null, ""deathYear"": null}, {""nconst"": ""nm4782503"", ""normalized_name"": ""michael green"", ""normalized_name_with_nickname"": null, ""primaryName"": ""Michael Green"", ""primaryProfession"": ""miscellaneous,producer"", ""birthYear"": null, ""deathYear"": null}, {""nconst"": ""nm5646317"", ""normalized_name"": ""michael green"", ""normalized_name_with_nickname"": null, ""primaryName"": ""Michael Green"", ""primaryProfession"": ""producer"", ""birthYear"": null, ""deathYear"": null}, {""nconst"": ""nm6939509"", ""normalized_name"": ""michael green"", ""normalized_name_with_nickname"": null, ""primaryName"": ""Michael Green"", ""primaryProfession"": ""producer"", ""birthYear"": null, ""deathYear"": null}, {""nconst"": ""nm9336258"", ""normalized_name"": ""michael green"", ""normalized_name_with_nickname"": null, ""primaryName"": ""Michael Green"", ""primaryProfession"": ""director,producer,camera_department"", ""birthYear"": null, ""deathYear"": null}, {""nconst"": ""nm9404386"", ""normalized_name"": ""michael green"", ""normalized_name_with_nickname"": null, ""primaryName"": ""Michael Green"", ""primaryProfession"": ""producer"", ""birthYear"": null, ""deathYear"": null}]",,"{""timestamp"": ""2026-10-03T14:13:59.867647+00:00"", ""model"": ""gemma-4-12b-it-qat-q4_0.gguf"", ""api_version"": null}"
316,Blue_Eye_Samurai_S01E01,scene_002_static_001_num00254_sim58.jpg,Producers,,ERWIN STOFF,EXECUTIVE PRODUCER,Producers,,first_half,254,pending,1,erwin stoff,,nm0831098,auto_assigned,,Erwin Stoff,"{""timestamp"": ""2026-10-03T14:13:59.867647+00:00"", ""model"": ""gemma-4-12b-it-qat-q4_0.gguf"", ""api_version"": null}"
317,Blue_Eye_Samurai_S01E01,scene_002_static_002_num00290_sim28.jpg,Cast,,Maya Erskine,Mizu,Cast,,first_half,290,pending,1,maya erskine,,nm4224109,auto_assigned,,Maya Erskine,"{""timestamp"": ""2026-10-03T14:13:59.867647+00:00"", ""model"": ""gemma-4-12b-it-qat-q4_0.gguf"", ""api_version"": null}"
318,Blue_Eye_Samurai_S01E01,scene_003_static_000_num00308_sim55.jpg,Cast,,George Takei,AS SEKI,Cast,,first_half,308,pending,1,george takei,,nm0001786,auto_assigned,,George Takei,"{""timestamp"": ""2026-10-03T14:13:59.867647+00:00"", ""model"": ""gemma-4-12b-it-qat-q4_0.gguf"", ""api_version"": null}"
319,Blue_Eye_Samurai_S01E01,scene_003_static_001_num00332_sim43.jpg,Cast,,Masi Oka,as Ringo,Cast,,first_half,332,pending,1,masi oka,,nm1199811,auto_assigned,,Masi Oka,"{""timestamp"": ""2026-10-03T14:13:59.867647+00:00"", ""model"": ""gemma-4-12b-it-qat-q4_0.gguf"", ""api_version"": null}"
320,Blue_Eye_Samurai_S01E01,scene_003_static_002_num00356_sim39.jpg,Cast,,Cary-Hiroyuki Tagawa,AS THE SWORDMAKER,Cast,,first_half,356,pending,1,cary hiroyuki tagawa,,nm0846480,auto_assigned,,Cary-Hiroyuki Tagawa,"{""timestamp"": ""2026-10-03T14:13:59.867647+00:00"", ""model"": ""gemma-4-12b-it-qat-q4_0.gguf"", ""api_version"": null}"
321,Blue_Eye_Samurai_S01E01,scene_003_static_003_num00380_sim32.jpg,Cast,,BRENDA SONG,AS AKEMI,Cast,,first_half,380,pending,1,brenda song,,nm0814259,auto_assigned,,Brenda Song,"{""timestamp"": ""2026-10-03T14:13:59.867647+00:00"", ""model"": ""gemma-4-12b-it-qat-q4_0.gguf"", ""api_version"": null}"
322,Blue_Eye_Samurai_S01E01,scene_003_static_004_num00404_sim34.jpg,Cast,,DARREN BARNET,AS TAIGEN,Cast,,first_half,404,pending,1,darren barnet,,nm6651162,auto_assigned,,Darren Barnet,"{""timestamp"": ""2026-10-03T14:13:59.867647+00:00"", ""model"": ""gemma-4-12b-it-qat-q4_0.gguf"", ""api_version"": null}"
323,Blue_Eye_Samurai_S01E01,scene_004_static_000_num00428_sim41.jpg,Cast,,RANDALL PARK,AS HEIJI SHINDO,Cast,,first_half,428,pending,1,randall park,,,ambiguous,"[{""nconst"": ""nm1320827"", ""normalized_name"": ""randall park"", ""normalized_name_with_nickname"": null, ""primaryName"": ""Randall Park"", ""primaryProfession"": ""actor,writer,director"", ""birthYear"": null, ""deathYear"": null}, {""nconst"": ""nm13744098"", ""normalized_name"": ""randall park"", ""normalized_name_with_nickname"": null, ""primaryName"": ""Randall Park"", ""primaryProfession"": ""actor"", ""birthYear"": null, ""deathYear"": null}]",,"{""timestamp"": ""2026-10-03T14:13:59.867647+00:00"", ""model"": ""gemma-4-12b-it-qat-q4_0.gguf"", ""api_version"": null}"
324,Blue_Eye_Samurai_S01E01,scene_004_static_002_num00464_sim84.jpg,Cast,,KENNETH BRANAGH,AS ABIJAH FOWLER,Cast,,first_half,464,pending,1,kenneth branagh,,nm0000110,auto_assigned,,Kenneth Branagh,"{""timestamp"": ""2026-10-03T14:13:59.867647+00:00"", ""model"": ""gemma-4-12b-it-qat-q4_0.gguf"", ""api_version"": null}"
325,Blue_Eye_Samurai_S01E01,scene_004_static_003_num00476_sim28.jpg,Directors,,Jane Wu,Supervising Director,Directors,,first_half,476,pending,1,jane wu,,nm6084498,auto_assigned,,Jane Wu,"{""timestamp"": ""2026-10-03T14:13:59.867647+00:00"", ""model"": ""gemma-4-12b-it-qat-q4_0.gguf"", ""api_version"": null}"
326,Blue_Eye_Samurai_S01E01,scene_004_static_003_num00476_sim28.jpg,Producers,,Jane Wu,Producer,Producers,,first_half,476,pending,1,jane wu,,,ambiguous,"[{""nconst"": ""nm2926672"", ""normalized_name"": ""jane wu"", ""normalized_name_with_nickname"": null, ""primaryName"": ""Jane Wu"", ""primaryProfession"": ""art_department,animation_department,producer"", ""birthYear"": null, ""deathYear"": null}, {""nconst"": ""nm6481448"", ""normalized_name"": ""jane wu"", ""normalized_name_with_nickname"": null, ""primaryName"": ""Jane Wu"", ""primaryProfession"": ""producer,writer,actress"", ""birthYear"": null, ""deathYear"": null}, {""nconst"": ""nm9557504"", ""normalized_name"": ""jane wu"", ""normalized_name_with_nickname"": null, ""primaryName"": ""Jane Wu"", ""primaryProfession"": ""producer"", ""birthYear"": null, ""deathYear"": null}]",,"{""timestamp"": ""2026-10-03T14:13:59.867647+00:00"", ""model"": ""gemma-4-12b-it-qat-q4_0.gguf"", ""api_version"": null}"
327,Blue_Eye_Samurai_S01E01,scene_004_static_004_num00512_sim38.jpg,Producers,,Haven Alexander,Producers,Producers,,first_half,512,pending,1,haven alexander,,nm0018462,auto_assigned,,Haven Alexander,"{""timestamp"": ""2026-10-03T14:13:59.867647+00:00"", ""model"": ""gemma-4-12b-it-qat-q4_0.gguf"", ""api_version"": null}"
328,Blue_Eye_Samurai_S01E01,scene_004_static_004_num00512_sim38.jpg,Producers,,Nick Read,Producers,Producers,,first_half,512,pending,1,nick read,,,ambiguous,"[{""nconst"": ""nm0713864"", ""normalized_name"": ""nick read"", ""normalized_name_with_nickname"": null, ""primaryName"": ""Nick Read"", ""primaryProfession"": ""director,cinematographer,producer"", ""birthYear"": null, ""deathYear"": null}, {""nconst"": ""nm4987528"", ""normalized_name"": ""nick read"", ""normalized_name_with_nickname"": null, ""primaryName"": ""Nick Read"", ""primaryProfession"": ""producer,visual_effects"", ""birthYear"": null, ""deathYear"": null}, {""nconst"": ""nm5560934"", ""normalized_name"": ""nick read"", ""normalized_name_with_nickname"": null, ""primaryName"": ""Nick Read"", ""primaryProfession"": ""producer"", ""birthYear"": null, ""deathYear"": null}, {""nconst"": ""nm8797853"", ""normalized_name"": ""nick read"", ""normalized_name_with_nickname"": null, ""primaryName"": ""Nick Read"", ""primaryProfession"": ""editor,editorial_department,producer"", ""birthYear"": null, ""deathYear"": null}]",,"{""timestamp"": ""2026-10-03T14:13:59.867647+00:00"", ""model"": ""gemma-4-12b-it-qat-q4_0.gguf"", ""api_version"": null}"
329,Blue_Eye_Samurai_S01E01,scene_005_static_001_num00544_sim69.jpg,Production Designers,,Toby Wilson,PRODUCTION DESIGNER,Production Designers,,first_half,544,pending,1,toby wilson,,nm1805074,auto_assigned,,Toby Wilson,"{""timestamp"": ""2026-10-03T14:13:59.867647+00:00"", ""model"": ""gemma-4-12b-it-qat-q4_0.gguf"", ""api_version"": null}"
330,Blue_Eye_Samurai_S01E01,scene_005_static_002_num00568_sim25.jpg,Editors,,Brad Lee Zimmerman,EDITED BY,Editors,,first_half,568,pending,1,brad lee zimmerman,,nm2386316,auto_assigned,,Brad Lee Zimmerman,"{""timestamp"": ""2026-10-03T14:13:59.867647+00:00"", ""model"": ""gemma-4-12b-it-qat-q4_0.gguf"", ""api_version"": null}"
331,Blue_Eye_Samurai_S01E01,scene_005_static_003_num00592_sim33.jpg,Composers,,Amie Doherty,Music by,Composers,,first_half,592,pending,1,amie doherty,,nm4074194,auto_assigned,,Amie Doherty,"{""timestamp"": ""2026-10-03T14:13:59.867647+00:00"", ""model"": ""gemma-4-12b-it-qat-q4_0.gguf"", ""api_version"": null}"
332,Blue_Eye_Samurai_S01E01,scene_005_static_004_num00616_sim24.jpg,Sound Department,,Paul N.J. Ottosson,Sound Designer & Re-Recording Mixer,Sound Department,,first_half,616,pending,1,paul n j ottosson,,nm0653338,auto_assigned,,Paul N.J. Ottosson,"{""timestamp"": ""2026-10-03T14:13:59.867647+00:00"", ""model"": ""gemma-4-12b-it-qat-q4_0.gguf"", ""api_version"": null}"
333,Blue_Eye_Samurai_S01E01,scene_006_static_000_num00644_sim25.jpg,Production Managers,,NICHOLAS COFRANCESCO,LINE PRODUCER,Production Managers,,first_half,644,pending,1,nicholas cofrancesco,,gp0000146,internal_assigned,,,"{""timestamp"": ""2026-10-03T14:13:59.867647+00:00"", ""model"": ""gemma-4-12b-it-qat-q4_0.gguf"", ""api_version"": null}"
334,Blue_Eye_Samurai_S01E01,scene_006_static_001_num00680_sim31.jpg,Producers,,Kevin Hart,Associate Producer,Producers,,first_half,680,pending,1,kevin hart,,,ambiguous,"[{""nconst"": ""nm0366389"", ""normalized_name"": ""kevin hart"", ""normalized_name_with_nickname"": null, ""primaryName"": ""Kevin Hart"", ""primaryProfession"": ""producer,writer,actor"", ""birthYear"": 1979, ""deathYear"": null}, {""nconst"": ""nm12650593"", ""normalized_name"": ""kevin hart"", ""normalized_name_with_nickname"": null, ""primaryName"": ""Kevin Hart"", ""primaryProfession"": ""producer"", ""birthYear"": null, ""deathYear"": null}, {""nconst"": ""nm2067181"", ""normalized_name"": ""kevin hart"", ""normalized_name_with_nickname"": null, ""primaryName"": ""Kevin Hart"", ""primaryProfession"": ""actor,writer,producer"", ""birthYear"": null, ""deathYear"": null}, {""nconst"": ""nm5450991"", ""normalized_name"": ""kevin hart"", ""normalized_name_with_nickname"": null, ""primaryName"": ""Kevin Hart"", ""primaryProfession"": ""producer"", ""birthYear"": null, ""deathYear"": null}, {""nconst"": ""nm6903838"", ""normalized_name"": ""kevin hart"", ""normalized_name_with_nickname"": null, ""primaryName"": ""Kevin Hart"", ""primaryProfession"": ""camera_department,producer"", ""birthYear"": null, ""deathYear"": null}, {""nconst"": ""nm9323339"", ""normalized_name"": ""kevin hart"", ""normalized_name_with_nickname"": null, ""primaryName"": ""Kevin Hart"", ""primaryProfession"": ""producer,production_department,production_manager"", ""birthYear"": null, ""deathYear"": null}]",,"{""timestamp"": ""2026-10-03T14:13:59.867647+00:00"", ""model"": ""gemma-4-12b-it-qat-q4_0.gguf"", ""api_version"": null}"
335,Blue_Eye_Samurai_S01E01,scene_006_static_002_num00704_sim37.jpg,Casting Directors,,Margery Simkin,Casting,Casting Directors,,first_half,704,pending,1,margery simkin,,nm0799557,auto_assigned,,Margery Simkin,"{""timestamp"": ""2026-10-03T14:13:59.867647+00:00"", ""model"": ""gemma-4-12b-it-qat-q4_0.gguf"", ""api_version"": null}"
336,Blue_Eye_Samurai_S01E01,scene_006_static_002_num00704_sim37.jpg,Casting Directors,,Orly Sitowitz,Casting,Casting Directors,,first_half,704,pending,1,orly sitowitz,,nm0803260,auto_assigned,,Orly Sitowitz,"{""timestamp"": ""2026-10-03T14:13:59.867647+00:00"", ""model"": ""gemma-4-12b-it-qat-q4_0.gguf"", ""api_version"": null}"
337,Blue_Eye_Samurai_S01E01,scene_007_static_002_num00788_sim100.jpg,Cast,,Eric Bauza,"Inspector, Brawny Samurai, Naked Man",Cast,,first_half,788,pending,1,eric bauza,,nm1082823,auto_assigned,,Eric Bauza,"{""timestamp"": ""2026-10-03T14:13:59.867647+00:00"", ""model"": ""gemma-4-12b-it-qat-q4_0.gguf"", ""api_version"": null}"
338,Blue_Eye_Samurai_S01E01,scene_007_static_002_num00788_sim100.jpg,Cast,,Brittany Ishibashi,"Momo, Ragged Female Merchant",Cast,,first_half,788,pending,1,brittany ishibashi,,nm0410893,auto_assigned,,Brittany Ishibashi,"{""timestamp"": ""2026-10-03T14:13:59.867647+00:00"", ""model"": ""gemma-4-12b-it-qat-q4_0.gguf"", ""api_version"": null}"
339,Blue_Eye_Samurai_S01E01,scene_007_static_002_num00788_sim100.jpg,Cast,,Marcus Choi,"Shindo Samurai 1, Townsperson, Even Brawnier Samurai",Cast,,first_half,788,pending,1,marcus choi,,nm1989257,auto_assigned,,Marcus Choi,"{""timestamp"": ""2026-10-03T14:13:59.867647+00:00"", ""model"": ""gemma-4-12b-it-qat-q4_0.gguf"", ""api_version"": null}"
340,Blue_Eye_Samurai_S01E01,scene_007_static_002_num00788_sim100.jpg,Cast,,Matt Yang King,Brawniest Samurai,Cast,,first_half,788,pending,1,matt yang king,,,ambiguous,"[{""nconst"": ""nm4275633"", ""normalized_name"": ""matt ryan king"", ""normalized_name_with_nickname"": null, ""primaryName"": ""Matt Ryan King"", ""primaryProfession"": ""actor,director,writer"", ""birthYear"": null, ""deathYear"": null, ""fuzzy_similarity"": ""93"", ""matched_string"": ""matt ryan king""}, {""nconst"": ""nm0455058"", ""normalized_name"": ""matthew yang king"", ""normalized_name_with_nickname"": null, ""primaryName"": ""Matthew Yang King"", ""primaryProfession"": ""actor,writer,director"", ""birthYear"": null, ""deathYear"": null, ""fuzzy_similarity"": ""90"", ""matched_string"": ""matthew yang king""}]",,"{""timestamp"": ""2026-10-03T14:13:59.867647+00:00"", ""model"": ""gemma-4-12b-it-qat-q4_0.gguf"", ""api_version"": null}"
341,Blue_Eye_Samurai_S01E01,scene_007_static_002_num00788_sim100.jpg,Cast,,Holly Chou,Chiki,Cast,,first_half,788,pending,1,holly chou,,nm5303730,auto_assigned,,Holly Chou,"{""timestamp"": ""2026-10-03T14:13:59.867647+00:00"", ""model"": ""gemma-4-12b-it-qat-q4_0.gguf"", ""api_version"": null}"
342,Blue_Eye_Samurai_S01E01,scene_007_static_002_num00788_sim100.jpg,Cast,,Clyde Kusatsu,Elder Domo,Cast,,first_half,788,pending,1,clyde kusatsu,,nm0476226,auto_assigned,,Clyde Kusatsu,"{""timestamp"": ""2026-10-03T14:13:59.867647+00:00"", ""model"": ""gemma-4-12b-it-qat-q4_0.gguf"", ""api_version"": null}"
343,Blue_Eye_Samurai_S01E01,scene_007_static_002_num00788_sim100.jpg,Cast,,Mark Dacascos,"Shindo Samurai 2, Angry Cow",Cast,,first_half,788,pending,1,mark dacascos,,nm0001092,auto_assigned,,Mark Dacascos,"{""timestamp"": ""2026-10-03T14:13:59.867647+00:00"", ""model"": ""gemma-4-12b-it-qat-q4_0.gguf"", ""api_version"": null}"
344,Blue_Eye_Samurai_S01E01,scene_007_static_002_num00788_sim100.jpg,Cast,,West Liang,Hachii,Cast,,first_half,788,pending,1,west liang,,nm1081736,auto_assigned,,West Liang,"{""timestamp"": ""2026-10-03T14:13:59.867647+00:00"", ""model"": ""gemma-4-12b-it-qat-q4_0.gguf"", ""api_version"": null}"
345,Blue_Eye_Samurai_S01E01,scene_007_static_002_num00788_sim100.jpg,Cast,,Patrick Gallagher,Daichii,Cast,,first_half,788,pending,1,patrick gallagher,,,ambiguous,"[{""nconst"": ""nm0302466"", ""normalized_name"": ""patrick gallagher"", ""normalized_name_with_nickname"": null, ""primaryName"": ""Patrick Gallagher"", ""primaryProfession"": ""actor,director,soundtrack"", ""birthYear"": 1968, ""deathYear"": null}, {""nconst"": ""nm10033448"", ""normalized_name"": ""patrick gallagher"", ""normalized_name_with_nickname"": null, ""primaryName"": ""Patrick Gallagher"", ""primaryProfession"": ""actor"", ""birthYear"": null, ""deathYear"": null}, {""nconst"": ""nm10297869"", ""normalized_name"": ""patrick gallagher"", ""normalized_name_with_nickname"": null, ""primaryName"": ""Patrick Gallagher"", ""primaryProfession"": ""actor"", ""birthYear"": null, ""deathYear"": null}, {""nconst"": ""nm12232902"", ""normalized_name"": ""patrick gallagher"", ""normalized_name_with_nickname"": null, ""primaryName"": ""Patrick Gallagher"", ""primaryProfession"": ""actor"", ""birthYear"": null, ""deathYear"": null}, {""nconst"": ""nm1236752"", ""normalized_name"": ""patrick gallagher"", ""normalized_name_with_nickname"": null, ""primaryName"": ""Patrick Gallagher"", ""primaryProfession"": ""actor"", ""birthYear"": null, ""deathYear"": null}, {""nconst"": ""nm12826646"", ""normalized_name"": ""patrick gallagher"", ""normalized_name_with_nickname"": null, ""primaryName"": ""Patrick Gallagher"", ""primaryProfession"": ""actor"", ""birthYear"": null, ""deathYear"": null}, {""nconst"": ""nm15285498"", ""normalized_name"": ""patrick gallagher"", ""normalized_name_with_nickname"": null, ""primaryName"": ""Patrick Gallagher"", ""primaryProfession"": ""actor"", ""birthYear"": null, ""deathYear"": null}, {""nconst"": ""nm15733349"", ""normalized_name"": ""patrick gallagher"", ""normalized_name_with_nickname"": null, ""primaryName"": ""Patrick Gallagher"", ""primaryProfession"": ""actor"", ""birthYear"": null, ""deathYear"": null}, {""nconst"": ""nm1631532"", ""normalized_name"": ""patrick gallagher"", ""normalized_name_with_nickname"": null, ""primaryName"": ""Patrick Gallagher"", ""primaryProfession"": ""actor,producer,stunts"", ""birthYear"": null, ""deathYear"": null}, {""nconst"": ""nm1631533"", ""normalized_name"": ""patrick gallagher"", ""normalized_name_with_nickname"": null, ""primaryName"": ""Patrick Gallagher"", ""primaryProfession"": ""actor"", ""birthYear"": null, ""deathYear"": null}, {""nconst"": ""nm16529928"", ""normalized_name"": ""patrick gallagher"", ""normalized_name_with_nickname"": null, ""primaryName"": ""Patrick Gallagher"", ""primaryProfession"": ""actor"", ""birthYear"": null, ""deathYear"": null}, {""nconst"": ""nm17348510"", ""normalized_name"": ""patrick gallagher"", ""normalized_name_with_nickname"": null, ""primaryName"": ""Patrick Gallagher"", ""primaryProfession"": ""actor"", ""birthYear"": null, ""deathYear"": null}, {""nconst"": ""nm2369398"", ""normalized_name"": ""patrick gallagher"", ""normalized_name_with_nickname"": null, ""primaryName"": ""Patrick Gallagher"", ""primaryProfession"": ""actor,director,writer"", ""birthYear"": null, ""deathYear"": null}, {""nconst"": ""nm3413503"", ""normalized_name"": ""patrick gallagher"", ""normalized_name_with_nickname"": null, ""primaryName"": ""Patrick Gallagher"", ""primaryProfession"": ""actor"", ""birthYear"": null, ""deathYear"": null}, {""nconst"": ""nm5878783"", ""normalized_name"": ""patrick gallagher"", ""normalized_name_with_nickname"": null, ""primaryName"": ""Patrick Gallagher"", ""primaryProfession"": ""actor"", ""birthYear"": null, ""deathYear"": null}, {""nconst"": ""nm6813714"", ""normalized_name"": ""patrick gallagher"", ""normalized_name_with_nickname"": null, ""primaryName"": ""Patrick Gallagher"", ""primaryProfession"": ""actor,producer,editor"", ""birthYear"": null, ""deathYear"": null}, {""nconst"": ""nm8532287"", ""normalized_name"": ""patrick gallagher"", ""normalized_name_with_nickname"": null, ""primaryName"": ""Patrick Gallagher"", ""primaryProfession"": ""actor"", ""birthYear"": null, ""deathYear"": null}]",,"{""timestamp"": ""2026-10-03T14:13:59.867647+00:00"", ""model"": ""gemma-4-12b-it-qat-q4_0.gguf"", ""api_version"": null}"
346,Blue_Eye_Samurai_S01E01,scene_007_static_002_num00788_sim100.jpg,Cast,,Daisuke Suzuki,Hulking Teacher,Cast,,first_half,788,pending,1,daisuke suzuki,,,ambiguous,"[{""nconst"": ""nm0840557"", ""normalized_name"": ""daisuke suzuki"", ""normalized_name_with_nickname"": null, ""primaryName"": ""Daisuke Suzuki"", ""primaryProfession"": ""actor,miscellaneous,soundtrack"", ""birthYear"": 1972, ""deathYear"": null}, {""nconst"": ""nm13161770"", ""normalized_name"": ""daisuke suzuki"", ""normalized_name_with_nickname"": null, ""primaryName"": ""Daisuke Suzuki"", ""primaryProfession"": ""actor"", ""birthYear"": null, ""deathYear"": null}, {""nconst"": ""nm16812669"", ""normalized_name"": ""daisuke suzuki"", ""normalized_name_with_nickname"": null, ""primaryName"": ""Daisuke Suzuki"", ""primaryProfession"": ""actor"", ""birthYear"": null, ""deathYear"": null}, {""nconst"": ""nm17555928"", ""normalized_name"": ""daisuke suzuki"", ""normalized_name_with_nickname"": null, ""primaryName"": ""Daisuke Suzuki"", ""primaryProfession"": ""actor"", ""birthYear"": null, ""deathYear"": null}, {""nconst"": ""nm3297568"", ""normalized_name"": ""daisuke suzuki"", ""normalized_name_with_nickname"": null, ""primaryName"": ""Daisuke Suzuki"", ""primaryProfession"": ""actor"", ""birthYear"": null, ""deathYear"": null}, {""nconst"": ""nm3670905"", ""normalized_name"": ""daisuke suzuki"", ""normalized_name_with_nickname"": null, ""primaryName"": ""Daisuke Suzuki"", ""primaryProfession"": ""actor"", ""birthYear"": null, ""deathYear"": null}, {""nconst"": ""nm5088052"", ""normalized_name"": ""daisuke suzuki"", ""normalized_name_with_nickname"": null, ""primaryName"": ""Daisuke Suzuki"", ""primaryProfession"": ""actor"", ""birthYear"": null, ""deathYear"": null}]",,"{""timestamp"": ""2026-10-03T14:13:59.867647+00:00"", ""model"": ""gemma-4-12b-it-qat-q4_0.gguf"", ""api_version"": null}"
347,Blue_Eye_Samurai_S01E01,scene_007_static_002_num00788_sim100.jpg,Cast,,Judah Green,Young Taigen,Cast,,first_half,788,pending,1,judah green,,nm15431456,auto_assigned,,Judah Green,"{""timestamp"": ""2026-10-03T14:13:59.867647+00:00"", ""model"": ""gemma-4-12b-it-qat-q4_0.gguf"", ""api_version"": null}"
348,Blue_Eye_Samurai_S01E01,scene_007_static_002_num00788_sim100.jpg,Cast,,Genji Watanabe,"Kenzou, Sentry",Cast,,first_half,788,pending,1,genji watanabe,,,ambiguous,"[{""nconst"": ""nm0913823"", ""normalized_name"": ""kenji watanabe"", ""normalized_name_with_nickname"": null, ""primaryName"": ""Kenji Watanabe"", ""primaryProfession"": ""actor"", ""birthYear"": null, ""deathYear"": null, ""fuzzy_similarity"": ""93"", ""matched_string"": ""kenji watanabe""}, {""nconst"": ""nm2005865"", ""normalized_name"": ""kenji watanabe"", ""normalized_name_with_nickname"": null, ""primaryName"": ""Kenji Watanabe"", ""primaryProfession"": ""actor,composer,director"", ""birthYear"": null, ""deathYear"": null, ""fuzzy_similarity"": ""93"", ""matched_string"": ""kenji watanabe""}, {""nconst"": ""nm5553568"", ""normalized_name"": ""kenji watanabe"", ""normalized_name_with_nickname"": null, ""primaryName"": ""Kenji Watanabe"", ""primaryProfession"": ""actor"", ""birthYear"": null, ""deathYear"": null, ""fuzzy_similarity"": ""93"", ""matched_string"": ""kenji watanabe""}, {""nconst"": ""nm3649079"", ""normalized_name"": ""kenjie watanabe"", ""normalized_name_with_nickname"": null, ""primaryName"": ""Kenjie Watanabe"", ""primaryProfession"": ""actor"", ""birthYear"": null, ""deathYear"": null, ""fuzzy_similarity"": ""90"", ""matched_string"": ""kenjie watanabe""}, {""nconst"": ""nm5038875"", ""normalized_name"": ""glen watanabe"", ""normalized_name_with_nickname"": null, ""primaryName"": ""Glen Watanabe"", ""primaryProfession"": ""actor"", ""birthYear"": null, ""deathYear"": null, ""fuzzy_similarity"": ""89"", ""matched_string"": ""glen watanabe""}]",,"{""timestamp"": ""2026-10-03T14:13:59.867647+00:00"", ""model"": ""gemma-4-12b-it-qat-q4_0.gguf"", ""api_version"": null}"
349,Blue_Eye_Samurai_S01E01,scene_007_static_002_num00788_sim100.jpg,Cast,,Orli Mariko Green,"Young Mizu, Bully Kid",Cast,,first_half,788,pending,1,orli mariko green,,nm15431457,auto_assigned,,Orli Mariko Green,"{""timestamp"": ""2026-10-03T14:13:59.867647+00:00"", ""model"": ""gemma-4-12b-it-qat-q4_0.gguf"", ""api_version"": null}"
350,Blue_Eye_Samurai_S01E01,scene_007_static_002_num00788_sim100.jpg,Cast,,Keone Young,Dojo Master,Cast,,first_half,788,pending,1,keone young,,nm0949775,auto_assigned,,Keone Young,"{""timestamp"": ""2026-10-03T14:13:59.867647+00:00"", ""model"": ""gemma-4-12b-it-qat-q4_0.gguf"", ""api_version"": null}"
351,Blue_Eye_Samurai_S01E01,scene_007_static_002_num00788_sim100.jpg,Cast,,Takaaki Hirakawa,Tengu Crest,Cast,,first_half,788,pending,1,takaaki hirakawa,,nm7296721,auto_assigned,,Takaaki Hirakawa,"{""timestamp"": ""2026-10-03T14:13:59.867647+00:00"", ""model"": ""gemma-4-12b-it-qat-q4_0.gguf"", ""api_version"": null}"
352,Blue_Eye_Samurai_S01E01,scene_007_static_002_num00788_sim100.jpg,Cast,,Yoshi Ando,,Cast,,first_half,788,pending,1,yoshi ando,,,ambiguous,"[{""nconst"": ""nm14423112"", ""normalized_name"": ""yoshi ando"", ""normalized_name_with_nickname"": null, ""primaryName"": ""Yoshi Ando"", ""primaryProfession"": ""actor"", ""birthYear"": null, ""deathYear"": null}, {""nconst"": ""nm2090377"", ""normalized_name"": ""yoshi ando"", ""normalized_name_with_nickname"": null, ""primaryName"": ""Yoshi Ando"", ""primaryProfession"": ""miscellaneous,actor,assistant_director"", ""birthYear"": 1974, ""deathYear"": null}]",,"{""timestamp"": ""2026-10-03T14:13:59.867647+00:00"", ""model"": ""gemma-4-12b-it-qat-q4_0.gguf"", ""api_version"": null}"
353,Blue_Eye_Samurai_S01E01,scene_007_static_002_num00788_sim100.jpg,Cast,,Joe Cappelletti,,Cast,,first_half,788,pending,1,joe cappelletti,,,ambiguous,"[{""nconst"": ""nm1028496"", ""normalized_name"": ""joe cappelletti"", ""normalized_name_with_nickname"": null, ""primaryName"": ""Joe Cappelletti"", ""primaryProfession"": ""sound_department,actor,casting_department"", ""birthYear"": null, ""deathYear"": null}, {""nconst"": ""nm3628035"", ""normalized_name"": ""joe cappelletti"", ""normalized_name_with_nickname"": null, ""primaryName"": ""Joe Cappelletti"", ""primaryProfession"": ""actor,make_up_department"", ""birthYear"": null, ""deathYear"": null}]",,"{""timestamp"": ""2026-10-03T14:13:59.867647+00:00"", ""model"": ""gemma-4-12b-it-qat-q4_0.gguf"", ""api_version"": null}"
354,Blue_Eye_Samurai_S01E01,scene_007_static_002_num00788_sim100.jpg,Cast,,Junko Goda,,Cast,,first_half,788,pending,1,junko goda,,nm2318389,auto_assigned,,Junko Goda,"{""timestamp"": ""2026-10-03T14:13:59.867647+00:00"", ""model"": ""gemma-4-12b-it-qat-q4_0.gguf"", ""api_version"": null}"
355,Blue_Eye_Samurai_S01E01,scene_007_static_002_num00788_sim100.jpg,Cast,,James Taku Leung,,Cast,,first_half,788,pending,1,james taku leung,,nm1408603,auto_assigned,,James Taku Leung,"{""timestamp"": ""2026-10-03T14:13:59.867647+00:00"", ""model"": ""gemma-4-12b-it-qat-q4_0.gguf"", ""api_version"": null}"
356,Blue_Eye_Samurai_S01E01,scene_007_static_002_num00788_sim100.jpg,Cast,,Yumi Mizui,,Cast,,first_half,788,pending,1,yumi mizui,,nm1380980,auto_assigned,,Yumi Mizui,"{""timestamp"": ""2026-10-03T14:13:59.867647+00:00"", ""model"": ""gemma-4-12b-it-qat-q4_0.gguf"", ""api_version"": null}"
357,Blue_Eye_Samurai_S01E01,scene_007_static_002_num00788_sim100.jpg,Cast,,Ryan Moriarty,,Cast,,first_half,788,pending,1,ryan moriarty,,nm1409340,auto_assigned,,Ryan Moriarty,"{""timestamp"": ""2026-10-03T14:13:59.867647+00:00"", ""model"": ""gemma-4-12b-it-qat-q4_0.gguf"", ""api_version"": null}"
358,Blue_Eye_Samurai_S01E01,scene_007_static_002_num00788_sim100.jpg,Cast,,Alpha Takahashi,Additional Voices,Cast,,first_half,788,pending,1,alpha takahashi,,nm3006143,auto_assigned,,Alpha Takahashi,"{""timestamp"": ""2026-10-03T14:13:59.867647+00:00"", ""model"": ""gemma-4-12b-it-qat-q4_0.gguf"", ""api_version"": null}"
359,Blue_Eye_Samurai_S01E01,scene_008_static_000_num00800_sim32.jpg,Casting Department,,Jasmine Gutierrez,Casting Associates,Casting Department,,first_half,800,pending,1,jasmine gutierrez,,nm5503303,auto_assigned,,Jasmine Gutierrez,"{""timestamp"": ""2026-10-03T14:13:59.867647+00:00"", ""model"": ""gemma-4-12b-it-qat-q4_0.gguf"", ""api_version"": null}"
360,Blue_Eye_Samurai_S01E01,scene_008_static_000_num00800_sim32.jpg,Casting Department,,Elizabeth Vitale,Casting Associates,Casting Department,,first_half,800,pending,1,elizabeth vitale,,nm6996958,auto_assigned,,Elizabeth Vitale,"{""timestamp"": ""2026-10-03T14:13:59.867647+00:00"", ""model"": ""gemma-4-12b-it-qat-q4_0.gguf"", ""api_version"": null}"
361,Blue_Eye_Samurai_S01E01,scene_008_static_000_num00800_sim32.jpg,Additional Crew,,Carla Meyer,Vocal Consultant,Additional Crew,,first_half,800,pending,1,carla meyer,,,ambiguous,"[{""nconst"": ""nm0583051"", ""normalized_name"": ""carla meyer"", ""normalized_name_with_nickname"": null, ""primaryName"": ""Carla Meyer"", ""primaryProfession"": ""miscellaneous,actress"", ""birthYear"": null, ""deathYear"": null}, {""nconst"": ""nm17724960"", ""normalized_name"": ""carla meyer"", ""normalized_name_with_nickname"": null, ""primaryName"": ""Carla Meyer"", ""primaryProfession"": ""miscellaneous"", ""birthYear"": null, ""deathYear"": null}, {""nconst"": ""nm4616374"", ""normalized_name"": ""carla meyer"", ""normalized_name_with_nickname"": null, ""primaryName"": ""Carla Meyer"", ""primaryProfession"": ""miscellaneous"", ""birthYear"": null, ""deathYear"": null}]",,"{""timestamp"": ""2026-10-03T14:13:59.867647+00:00"", ""model"": ""gemma-4-12b-it-qat-q4_0.gguf"", ""api_version"": null}"
362,Blue_Eye_Samurai_S01E01,scene_008_static_000_num00800_sim32.jpg,Additional Crew,,Yukio Lippit,Cultural Consultants,Additional Crew,,first_half,800,pending,1,yukio lippit,,nm9067253,auto_assigned,,Yukio Lippit,"{""timestamp"": ""2026-10-03T14:13:59.867647+00:00"", ""model"": ""gemma-4-12b-it-qat-q4_0.gguf"", ""api_version"": null}"
363,Blue_Eye_Samurai_S01E01,scene_008_static_000_num00800_sim32.jpg,Additional Crew,,Eric Rath,Cultural Consultants,Additional Crew,,first_half,800,pending,1,eric rath,,,manual_required,"[{""nconst"": ""nm0711660"", ""normalized_name"": ""eric rath"", ""normalized_name_with_nickname"": null, ""primaryName"": ""Eric Rath"", ""primaryProfession"": ""actor,producer"", ""birthYear"": null, ""deathYear"": null}]",,"{""timestamp"": ""2026-10-03T14:13:59.867647+00:00"", ""model"": ""gemma-4-12b-it-qat-q4_0.gguf"", ""api_version"": null}"
364,Blue_Eye_Samurai_S01E01,scene_008_static_000_num00800_sim32.jpg,Stunts,,Sunny Sun,Stunt Director,Stunts,,first_half,800,pending,1,sunny sun,,nm3957365,auto_assigned,,Sunny Sun,"{""timestamp"": ""2026-10-03T14:13:59.867647+00:00"", ""model"": ""gemma-4-12b-it-qat-q4_0.gguf"", ""api_version"": null}"
365,Blue_Eye_Samurai_S01E01,scene_008_static_000_num00800_sim32.jpg,Art Department,,Ian Abando,Storyboards By,Art Department,,first_half,800,pending,1,ian abando,,nm2846274,auto_assigned,,Ian Abando,"{""timestamp"": ""2026-10-03T14:13:59.867647+00:00"", ""model"": ""gemma-4-12b-it-qat-q4_0.gguf"", ""api_version"": null}"
366,Blue_Eye_Samurai_S01E01,scene_008_static_000_num00800_sim32.jpg,Art Department,,Thomas Nelson,Storyboards By,Art Department,,first_half,800,pending,1,thomas nelson,,,manual_required,"[{""nconst"": ""nm12762154"", ""normalized_name"": ""thomas nelson"", ""normalized_name_with_nickname"": null, ""primaryName"": ""Thomas Nelson"", ""primaryProfession"": ""writer"", ""birthYear"": null, ""deathYear"": null}, {""nconst"": ""nm12957689"", ""normalized_name"": ""thomas nelson"", ""normalized_name_with_nickname"": null, ""primaryName"": ""Thomas Nelson"", ""primaryProfession"": ""actor"", ""birthYear"": null, ""deathYear"": null}, {""nconst"": ""nm13023705"", ""normalized_name"": ""thomas nelson"", ""normalized_name_with_nickname"": null, ""primaryName"": ""Thomas Nelson"", ""primaryProfession"": ""actor"", ""birthYear"": null, ""deathYear"": null}, {""nconst"": ""nm13247788"", ""normalized_name"": ""thomas nelson"", ""normalized_name_with_nickname"": null, ""primaryName"": ""Thomas Nelson"", ""primaryProfession"": null, ""birthYear"": null, ""deathYear"": null}, {""nconst"": ""nm16880287"", ""normalized_name"": ""thomas nelson"", ""normalized_name_with_nickname"": null, ""primaryName"": ""Thomas Nelson"", ""primaryProfession"": ""actor"", ""birthYear"": null, ""deathYear"": null}, {""nconst"": ""nm17272630"", ""normalized_name"": ""thomas nelson"", ""normalized_name_with_nickname"": null, ""primaryName"": ""Thomas Nelson"", ""primaryProfession"": ""actor,producer,writer"", ""birthYear"": null, ""deathYear"": null}, {""nconst"": ""nm17512359"", ""normalized_name"": ""thomas nelson"", ""normalized_name_with_nickname"": null, ""primaryName"": ""Thomas Nelson"", ""primaryProfession"": ""actor"", ""birthYear"": null, ""deathYear"": null}, {""nconst"": ""nm17864532"", ""normalized_name"": ""thomas nelson"", ""normalized_name_with_nickname"": null, ""primaryName"": ""Thomas Nelson"", ""primaryProfession"": ""casting_director"", ""birthYear"": null, ""deathYear"": null}, {""nconst"": ""nm1877328"", ""normalized_name"": ""thomas nelson"", ""normalized_name_with_nickname"": null, ""primaryName"": ""Thomas Nelson"", ""primaryProfession"": ""producer,production_manager,director"", ""birthYear"": null, ""deathYear"": null}, {""nconst"": ""nm3104274"", ""normalized_name"": ""thomas nelson"", ""normalized_name_with_nickname"": null, ""primaryName"": ""Thomas Nelson"", ""primaryProfession"": ""actor"", ""birthYear"": null, ""deathYear"": null}, {""nconst"": ""nm3812988"", ""normalized_name"": ""thomas nelson"", ""normalized_name_with_nickname"": null, ""primaryName"": ""Thomas Nelson"", ""primaryProfession"": ""actor,producer"", ""birthYear"": null, ""deathYear"": null}, {""nconst"": ""nm4791508"", ""normalized_name"": ""thomas nelson"", ""normalized_name_with_nickname"": null, ""primaryName"": ""Thomas Nelson"", ""primaryProfession"": ""actor"", ""birthYear"": null, ""deathYear"": null}, {""nconst"": ""nm5678225"", ""normalized_name"": ""thomas nelson"", ""normalized_name_with_nickname"": null, ""primaryName"": ""Thomas Nelson"", ""primaryProfession"": ""actor"", ""birthYear"": null, ""deathYear"": null}, {""nconst"": ""nm7048436"", ""normalized_name"": ""thomas nelson"", ""normalized_name_with_nickname"": null, ""primaryName"": ""Thomas Nelson"", ""primaryProfession"": null, ""birthYear"": null, ""deathYear"": null}, {""nconst"": ""nm9425807"", ""normalized_name"": ""thomas nelson"", ""normalized_name_with_nickname"": null, ""primaryName"": ""Thomas Nelson"", ""primaryProfession"": ""actor"", ""birthYear"": null, ""deathYear"": null}, {""nconst"": ""nm7031420"", ""normalized_name"": ""nelson thomas"", ""normalized_name_with_nickname"": null, ""primaryName"": ""Nelson Thomas"", ""primaryProfession"": ""actor,archive_footage"", ""birthYear"": null, ""deathYear"": null}]",,"{""timestamp"": ""2026-10-03T14:13:59.867647+00:00"", ""model"": ""gemma-4-12b-it-qat-q4_0.gguf"", ""api_version"": null}"
367,Blue_Eye_Samurai_S01E01,scene_008_static_000_num00800_sim32.jpg,Art Department,,Ryan O'Loughlin,Storyboards By,Art Department,,first_half,800,pending,1,ryan o loughlin,,nm0641675,auto_assigned,,Ryan O'Loughlin,"{""timestamp"": ""2026-10-03T14:13:59.867647+00:00"", ""model"": ""gemma-4-12b-it-qat-q4_0.gguf"", ""api_version"": null}"
368,Blue_Eye_Samurai_S01E01,scene_008_static_000_num00800_sim32.jpg,Art Department,,Alan Wan,Storyboards By,Art Department,,first_half,800,pending,1,alan wan,,nm1737283,auto_assigned,,Alan Wan,"{""timestamp"": ""2026-10-03T14:13:59.867647+00:00"", ""model"": ""gemma-4-12b-it-qat-q4_0.gguf"", ""api_version"": null}"
369,Blue_Eye_Samurai_S01E01,scene_008_static_001_num00836_sim42.jpg,Art Department,,BRIAN KESINGER,CHARACTER DESIGN LEAD,Art Department,,first_half,836,pending,1,brian kesinger,,nm1293044,auto_assigned,,Brian Kesinger,"{""timestamp"": ""2026-10-03T14:13:59.867647+00:00"", ""model"": ""gemma-4-12b-it-qat-q4_0.gguf"", ""api_version"": null}"
370,Blue_Eye_Samurai_S01E01,scene_008_static_001_num00836_sim42.jpg,Art Department,,NAOMI BAKER,CHARACTER DESIGNERS,Art Department,,first_half,836,pending,1,naomi baker,,nm3003700,auto_assigned,,Naomi Baker,"{""timestamp"": ""2026-10-03T14:13:59.867647+00:00"", ""model"": ""gemma-4-12b-it-qat-q4_0.gguf"", ""api_version"": null}"
371,Blue_Eye_Samurai_S01E01,scene_008_static_001_num00836_sim42.jpg,Art Department,,ABIGAIL LARSON,CHARACTER DESIGNERS,Art Department,,first_half,836,pending,1,abigail larson,,nm6254412,auto_assigned,,Abigail Larson,"{""timestamp"": ""2026-10-03T14:13:59.867647+00:00"", ""model"": ""gemma-4-12b-it-qat-q4_0.gguf"", ""api_version"": null}"
372,Blue_Eye_Samurai_S01E01,scene_008_static_001_num00836_sim42.jpg,Art Department,,JULIA SREDNICKI,CHARACTER DESIGNERS,Art Department,,first_half,836,pending,1,julia srednicki,,nm5964231,auto_assigned,,Julia Srednicki,"{""timestamp"": ""2026-10-03T14:13:59.867647+00:00"", ""model"": ""gemma-4-12b-it-qat-q4_0.gguf"", ""api_version"": null}"
373,Blue_Eye_Samurai_S01E01,scene_008_static_001_num00836_sim42.jpg,Art Department,,MALCOLM WOPÉ,CHARACTER DESIGNERS,Art Department,,first_half,836,pending,1,malcolm wope,,nm12108215,auto_assigned,,Malcolm Wope,"{""timestamp"": ""2026-10-03T14:13:59.867647+00:00"", ""model"": ""gemma-4-12b-it-qat-q4_0.gguf"", ""api_version"": null}"
374,Blue_Eye_Samurai_S01E01,scene_008_static_001_num00836_sim42.jpg,Art Department,,PALOMA ALPERA,ADDITIONAL CHARACTER DESIGN,Art Department,,first_half,836,pending,1,paloma alpera,,nm16404752,auto_assigned,,Paloma Alperi,"{""timestamp"": ""2026-10-03T14:13:59.867647+00:00"", ""model"": ""gemma-4-12b-it-qat-q4_0.gguf"", ""api_version"": null}"
375,Blue_Eye_Samurai_S01E01,scene_008_static_001_num00836_sim42.jpg,Art Department,,DAMON BARD,ADDITIONAL CHARACTER DESIGN,Art Department,,first_half,836,pending,1,damon bard,,nm2692415,auto_assigned,,Damon Bard,"{""timestamp"": ""2026-10-03T14:13:59.867647+00:00"", ""model"": ""gemma-4-12b-it-qat-q4_0.gguf"", ""api_version"": null}"
376,Blue_Eye_Samurai_S01E01,scene_008_static_001_num00836_sim42.jpg,Art Department,,WAYNE JOHNSON,ADDITIONAL CHARACTER DESIGN,Art Department,,first_half,836,pending,1,wayne johnson,,,manual_required,"[{""nconst"": ""nm0426426"", ""normalized_name"": ""wayne johnson"", ""normalized_name_with_nickname"": null, ""primaryName"": ""Wayne Johnson"", ""primaryProfession"": ""actor"", ""birthYear"": null, ""deathYear"": null}, {""nconst"": ""nm0426427"", ""normalized_name"": ""wayne johnson"", ""normalized_name_with_nickname"": null, ""primaryName"": ""Wayne Johnson"", ""primaryProfession"": ""miscellaneous,music_department"", ""birthYear"": null, ""deathYear"": null}, {""nconst"": ""nm0426428"", ""normalized_name"": ""wayne johnson"", ""normalized_name_with_nickname"": null, ""primaryName"": ""Wayne Johnson"", ""primaryProfession"": ""transportation_department"", ""birthYear"": null, ""deathYear"": null}, {""nconst"": ""nm10686635"", ""normalized_name"": ""wayne johnson"", ""normalized_name_with_nickname"": null, ""primaryName"": ""Wayne Johnson"", ""primaryProfession"": ""actor"", ""birthYear"": null, ""deathYear"": null}, {""nconst"": ""nm1208673"", ""normalized_name"": ""wayne johnson"", ""normalized_name_with_nickname"": null, ""primaryName"": ""Wayne Johnson"", ""primaryProfession"": ""camera_department"", ""birthYear"": null, ""deathYear"": null}, {""nconst"": ""nm13461701"", ""normalized_name"": ""wayne johnson"", ""normalized_name_with_nickname"": null, ""primaryName"": ""Wayne Johnson"", ""primaryProfession"": null, ""birthYear"": null, ""deathYear"": null}, {""nconst"": ""nm13958039"", ""normalized_name"": ""wayne johnson"", ""normalized_name_with_nickname"": null, ""primaryName"": ""Wayne Johnson"", ""primaryProfession"": ""writer,actor"", ""birthYear"": null, ""deathYear"": null}, {""nconst"": ""nm14012282"", ""normalized_name"": ""wayne johnson"", ""normalized_name_with_nickname"": null, ""primaryName"": ""Wayne Johnson"", ""primaryProfession"": ""archive_footage"", ""birthYear"": null, ""deathYear"": null}, {""nconst"": ""nm14042396"", ""normalized_name"": ""wayne johnson"", ""normalized_name_with_nickname"": null, ""primaryName"": ""Wayne Johnson"", ""primaryProfession"": ""miscellaneous"", ""birthYear"": null, ""deathYear"": null}, {""nconst"": ""nm14078442"", ""normalized_name"": ""wayne johnson"", ""normalized_name_with_nickname"": null, ""primaryName"": ""Wayne Johnson"", ""primaryProfession"": ""miscellaneous"", ""birthYear"": null, ""deathYear"": null}, {""nconst"": ""nm14965927"", ""normalized_name"": ""wayne johnson"", ""normalized_name_with_nickname"": null, ""primaryName"": ""Wayne Johnson"", ""primaryProfession"": null, ""birthYear"": null, ""deathYear"": null}, {""nconst"": ""nm15620388"", ""normalized_name"": ""wayne johnson"", ""normalized_name_with_nickname"": null, ""primaryName"": ""Wayne Johnson"", ""primaryProfession"": ""animation_department"", ""birthYear"": null, ""deathYear"": null}, {""nconst"": ""nm17037003"", ""normalized_name"": ""wayne johnson"", ""normalized_name_with_nickname"": null, ""primaryName"": ""Wayne Johnson"", ""primaryProfession"": null, ""birthYear"": null, ""deathYear"": null}, {""nconst"": ""nm17046012"", ""normalized_name"": ""wayne johnson"", ""normalized_name_with_nickname"": null, ""primaryName"": ""Wayne Johnson"", ""primaryProfession"": ""camera_department"", ""birthYear"": null, ""deathYear"": null}, {""nconst"": ""nm17077525"", ""normalized_name"": ""wayne johnson"", ""normalized_name_with_nickname"": null, ""primaryName"": ""Wayne Johnson"", ""primaryProfession"": null, ""birthYear"": null, ""deathYear"": null}, {""nconst"": ""nm3270101"", ""normalized_name"": ""wayne johnson"", ""normalized_name_with_nickname"": null, ""primaryName"": ""Wayne Johnson"", ""primaryProfession"": ""actor"", ""birthYear"": null, ""deathYear"": null}, {""nconst"": ""nm3363512"", ""normalized_name"": ""wayne johnson"", ""normalized_name_with_nickname"": null, ""primaryName"": ""Wayne Johnson"", ""primaryProfession"": ""cinematographer,sound_department,camera_department"", ""birthYear"": null, ""deathYear"": null}, {""nconst"": ""nm3439206"", ""normalized_name"": ""wayne johnson"", ""normalized_name_with_nickname"": null, ""primaryName"": ""Wayne Johnson"", ""primaryProfession"": ""special_effects"", ""birthYear"": null, ""deathYear"": null}, {""nconst"": ""nm3565036"", ""normalized_name"": ""wayne johnson"", ""normalized_name_with_nickname"": null, ""primaryName"": ""Wayne Johnson"", ""primaryProfession"": null, ""birthYear"": null, ""deathYear"": null}, {""nconst"": ""nm3634316"", ""normalized_name"": ""wayne johnson"", ""normalized_name_with_nickname"": null, ""primaryName"": ""Wayne Johnson"", ""primaryProfession"": ""producer,writer,director"", ""birthYear"": 1976, ""deathYear"": null}, {""nconst"": ""nm4881150"", ""normalized_name"": ""wayne johnson"", ""normalized_name_with_nickname"": null, ""primaryName"": ""Wayne Johnson"", ""primaryProfession"": null, ""birthYear"": null, ""deathYear"": null}, {""nconst"": ""nm5178687"", ""normalized_name"": ""wayne johnson"", ""normalized_name_with_nickname"": null, ""primaryName"": ""Wayne Johnson"", ""primaryProfession"": ""special_effects,make_up_department"", ""birthYear"": null, ""deathYear"": null}, {""nconst"": ""nm5569616"", ""normalized_name"": ""wayne johnson"", ""normalized_name_with_nickname"": null, ""primaryName"": ""Wayne Johnson"", ""primaryProfession"": ""director,cinematographer,camera_department"", ""birthYear"": null, ""deathYear"": null}, {""nconst"": ""nm5869661"", ""normalized_name"": ""wayne johnson"", ""normalized_name_with_nickname"": null, ""primaryName"": ""Wayne Johnson"", ""primaryProfession"": ""director,cinematographer,camera_department"", ""birthYear"": null, ""deathYear"": null}, {""nconst"": ""nm5967419"", ""normalized_name"": ""wayne johnson"", ""normalized_name_with_nickname"": null, ""primaryName"": ""Wayne Johnson"", ""primaryProfession"": ""casting_director"", ""birthYear"": null, ""deathYear"": null}, {""nconst"": ""nm6579532"", ""normalized_name"": ""wayne johnson"", ""normalized_name_with_nickname"": null, ""primaryName"": ""Wayne Johnson"", ""primaryProfession"": null, ""birthYear"": null, ""deathYear"": null}, {""nconst"": ""nm6693750"", ""normalized_name"": ""wayne johnson"", ""normalized_name_with_nickname"": null, ""primaryName"": ""Wayne Johnson"", ""primaryProfession"": ""actor"", ""birthYear"": null, ""deathYear"": null}, {""nconst"": ""nm6802230"", ""normalized_name"": ""wayne johnson"", ""normalized_name_with_nickname"": null, ""primaryName"": ""Wayne Johnson"", ""primaryProfession"": null, ""birthYear"": null, ""deathYear"": null}, {""nconst"": ""nm7020095"", ""normalized_name"": ""wayne johnson"", ""normalized_name_with_nickname"": null, ""primaryName"": ""Wayne Johnson"", ""primaryProfession"": ""archive_footage"", ""birthYear"": null, ""deathYear"": null}, {""nconst"": ""nm7077536"", ""normalized_name"": ""wayne johnson"", ""normalized_name_with_nickname"": null, ""primaryName"": ""Wayne Johnson"", ""primaryProfession"": null, ""birthYear"": null, ""deathYear"": null}, {""nconst"": ""nm7643879"", ""normalized_name"": ""wayne johnson"", ""normalized_name_with_nickname"": null, ""primaryName"": ""Wayne Johnson"", ""primaryProfession"": null, ""birthYear"": null, ""deathYear"": null}, {""nconst"": ""nm7796023"", ""normalized_name"": ""wayne johnson"", ""normalized_name_with_nickname"": null, ""primaryName"": ""Wayne Johnson"", ""primaryProfession"": ""actor"", ""birthYear"": null, ""deathYear"": null}, {""nconst"": ""nm7911642"", ""normalized_name"": ""wayne johnson"", ""normalized_name_with_nickname"": null, ""primaryName"": ""Wayne Johnson"", ""primaryProfession"": ""actor"", ""birthYear"": null, ""deathYear"": null}, {""nconst"": ""nm8309474"", ""normalized_name"": ""wayne johnson"", ""normalized_name_with_nickname"": null, ""primaryName"": ""Wayne Johnson"", ""primaryProfession"": ""miscellaneous"", ""birthYear"": null, ""deathYear"": null}, {""nconst"": ""nm8441843"", ""normalized_name"": ""wayne johnson"", ""normalized_name_with_nickname"": null, ""primaryName"": ""Wayne Johnson"", ""primaryProfession"": null, ""birthYear"": null, ""deathYear"": null}, {""nconst"": ""nm8666201"", ""normalized_name"": ""wayne johnson"", ""normalized_name_with_nickname"": null, ""primaryName"": ""Wayne Johnson"", ""primaryProfession"": ""actor"", ""birthYear"": null, ""deathYear"": null}, {""nconst"": ""nm8731132"", ""normalized_name"": ""wayne johnson"", ""normalized_name_with_nickname"": null, ""primaryName"": ""Wayne Johnson"", ""primaryProfession"": null, ""birthYear"": null, ""deathYear"": null}, {""nconst"": ""nm8822575"", ""normalized_name"": ""wayne johnson"", ""normalized_name_with_nickname"": null, ""primaryName"": ""Wayne Johnson"", ""primaryProfession"": ""writer,producer"", ""birthYear"": null, ""deathYear"": null}, {""nconst"": ""nm9042459"", ""normalized_name"": ""wayne johnson"", ""normalized_name_with_nickname"": null, ""primaryName"": ""Wayne Johnson"", ""primaryProfession"": ""writer"", ""birthYear"": null, ""deathYear"": null}, {""nconst"": ""nm9326544"", ""normalized_name"": ""wayne johnson"", ""normalized_name_with_nickname"": null, ""primaryName"": ""Wayne Johnson"", ""primaryProfession"": ""actor"", ""birthYear"": null, ""deathYear"": null}]",,"{""timestamp"": ""2026-10-03T14:13:59.867647+00:00"", ""model"": ""gemma-4-12b-it-qat-q4_0.gguf"", ""api_version"": null}"
377,Blue_Eye_Samurai_S01E01,scene_008_static_001_num00836_sim42.jpg,Costume Designers,,SUTTIRAT LARLARB,COSTUME DESIGNER,Costume Designers,,first_half,836,pending,1,suttirat larlarb,,gp0000155,internal_assigned,,,"{""timestamp"": ""2026-10-03T14:13:59.867647+00:00"", ""model"": ""gemma-4-12b-it-qat-q4_0.gguf"", ""api_version"": null}"
378,Blue_Eye_Samurai_S01E01,scene_008_static_001_num00836_sim42.jpg,Costume and Wardrobe Department,,MICHAEL MOONEY,ASSOCIATE COSTUME DESIGNER,Costume and Wardrobe Department,,first_half,836,pending,1,michael mooney,,nm0600759,auto_assigned,,Michael Mooney,"{""timestamp"": ""2026-10-03T14:13:59.867647+00:00"", ""model"": ""gemma-4-12b-it-qat-q4_0.gguf"", ""api_version"": null}"
379,Blue_Eye_Samurai_S01E01,scene_008_static_001_num00836_sim42.jpg,Costume and Wardrobe Department,,LIZZIE DONELAN,ASSISTANT COSTUME DESIGNER,Costume and Wardrobe Department,,first_half,836,pending,1,lizzie donelan,,nm9878600,auto_assigned,,Lizzie Donelan,"{""timestamp"": ""2026-10-03T14:13:59.867647+00:00"", ""model"": ""gemma-4-12b-it-qat-q4_0.gguf"", ""api_version"": null}"
380,Blue_Eye_Samurai_S01E01,scene_009_static_002_num00880_sim88.jpg,Production Designers,,Jason William Scheer,Additional Production Design,Production Designers,,first_half,880,pending,1,jason william scheer,,nm3133780,auto_assigned,,Jason William Scheier,"{""timestamp"": ""2026-10-03T14:13:59.867647+00:00"", ""model"": ""gemma-4-12b-it-qat-q4_0.gguf"", ""api_version"": null}"
381,Blue_Eye_Samurai_S01E01,scene_009_static_002_num00880_sim88.jpg,Art Directors,,Gerald de Jesus,Additional Art Direction,Art Directors,,first_half,880,pending,1,gerald de jesus,,nm3031592,auto_assigned,,Gerald de Jesus,"{""timestamp"": ""2026-10-03T14:13:59.867647+00:00"", ""model"": ""gemma-4-12b-it-qat-q4_0.gguf"", ""api_version"": null}"
382,Blue_Eye_Samurai_S01E01,scene_009_static_002_num00880_sim88.jpg,Art Directors,,Emil Mitev,Additional Art Direction,Art Directors,,first_half,880,pending,1,emil mitev,,nm0593861,auto_assigned,,Emil Mitev,"{""timestamp"": ""2026-10-03T14:13:59.867647+00:00"", ""model"": ""gemma-4-12b-it-qat-q4_0.gguf"", ""api_version"": null}"
383,Blue_Eye_Samurai_S01E01,scene_009_static_002_num00880_sim88.jpg,Art Directors,,James Wood Wilson,Additional Art Direction,Art Directors,,first_half,880,pending,1,james wood wilson,,nm1659747,auto_assigned,,James Wood Wilson,"{""timestamp"": ""2026-10-03T14:13:59.867647+00:00"", ""model"": ""gemma-4-12b-it-qat-q4_0.gguf"", ""api_version"": null}"
384,Blue_Eye_Samurai_S01E01,scene_009_static_002_num00880_sim88.jpg,Visual Effects,Art Department,Damon Bard,Visual Development Artists,Visual Effects,,first_half,880,pending,1,damon bard,,nm2692415,auto_assigned,,Damon Bard,"{""timestamp"": ""2026-10-03T14:13:59.867647+00:00"", ""model"": ""gemma-4-12b-it-qat-q4_0.gguf"", ""api_version"": null}"
385,Blue_Eye_Samurai_S01E01,scene_009_static_002_num00880_sim88.jpg,Visual Effects,Art Department,Jonathan Ryder,Visual Development Artists,Visual Effects,,first_half,880,pending,1,jonathan ryder,,,manual_required,"[{""nconst"": ""nm13158092"", ""normalized_name"": ""jonathan ryder"", ""normalized_name_with_nickname"": null, ""primaryName"": ""Jonathan Ryder"", ""primaryProfession"": ""actor"", ""birthYear"": null, ""deathYear"": null}, {""nconst"": ""nm13196427"", ""normalized_name"": ""jonathan ryder"", ""normalized_name_with_nickname"": null, ""primaryName"": ""Jonathan Ryder"", ""primaryProfession"": ""producer"", ""birthYear"": null, ""deathYear"": null}, {""nconst"": ""nm13224467"", ""normalized_name"": ""jonathan ryder"", ""normalized_name_with_nickname"": null, ""primaryName"": ""Jonathan Ryder"", ""primaryProfession"": ""production_manager"", ""birthYear"": null, ""deathYear"": null}, {""nconst"": ""nm13822358"", ""normalized_name"": ""jonathan ryder"", ""normalized_name_with_nickname"": null, ""primaryName"": ""Jonathan Ryder"", ""primaryProfession"": ""actor"", ""birthYear"": null, ""deathYear"": null}, {""nconst"": ""nm1682979"", ""normalized_name"": ""jonathan ryder"", ""normalized_name_with_nickname"": null, ""primaryName"": ""Jonathan Ryder"", ""primaryProfession"": ""actor"", ""birthYear"": null, ""deathYear"": null}, {""nconst"": ""nm17807623"", ""normalized_name"": ""jonathan ryder"", ""normalized_name_with_nickname"": null, ""primaryName"": ""Jonathan Ryder"", ""primaryProfession"": ""actor"", ""birthYear"": null, ""deathYear"": null}, {""nconst"": ""nm2241854"", ""normalized_name"": ""jonathan ryder"", ""normalized_name_with_nickname"": null, ""primaryName"": ""Jonathan Ryder"", ""primaryProfession"": ""miscellaneous"", ""birthYear"": null, ""deathYear"": null}, {""nconst"": ""nm6652398"", ""normalized_name"": ""jonathan ryder"", ""normalized_name_with_nickname"": null, ""primaryName"": ""Jonathan Ryder"", ""primaryProfession"": ""actor,director,writer"", ""birthYear"": null, ""deathYear"": null}]",,"{""timestamp"": ""2026-10-03T14:13:59.867647+00:00"", ""model"": ""gemma-4-12b-it-qat-q4_0.gguf"", ""api_version"": null}"
386,Blue_Eye_Samurai_S01E01,scene_009_static_002_num00880_sim88.jpg,Visual Effects,Art Department,Wayne Johnson,Visual Development Artists,Visual Effects,,first_half,880,pending,1,wayne johnson,,,manual_required,"[{""nconst"": ""nm0426426"", ""normalized_name"": ""wayne johnson"", ""normalized_name_with_nickname"": null, ""primaryName"": ""Wayne Johnson"", ""primaryProfession"": ""actor"", ""birthYear"": null, ""deathYear"": null}, {""nconst"": ""nm0426427"", ""normalized_name"": ""wayne johnson"", ""normalized_name_with_nickname"": null, ""primaryName"": ""Wayne Johnson"", ""primaryProfession"": ""miscellaneous,music_department"", ""birthYear"": null, ""deathYear"": null}, {""nconst"": ""nm0426428"", ""normalized_name"": ""wayne johnson"", ""normalized_name_with_nickname"": null, ""primaryName"": ""Wayne Johnson"", ""primaryProfession"": ""transportation_department"", ""birthYear"": null, ""deathYear"": null}, {""nconst"": ""nm10686635"", ""normalized_name"": ""wayne johnson"", ""normalized_name_with_nickname"": null, ""primaryName"": ""Wayne Johnson"", ""primaryProfession"": ""actor"", ""birthYear"": null, ""deathYear"": null}, {""nconst"": ""nm1208673"", ""normalized_name"": ""wayne johnson"", ""normalized_name_with_nickname"": null, ""primaryName"": ""Wayne Johnson"", ""primaryProfession"": ""camera_department"", ""birthYear"": null, ""deathYear"": null}, {""nconst"": ""nm13461701"", ""normalized_name"": ""wayne johnson"", ""normalized_name_with_nickname"": null, ""primaryName"": ""Wayne Johnson"", ""primaryProfession"": null, ""birthYear"": null, ""deathYear"": null}, {""nconst"": ""nm13958039"", ""normalized_name"": ""wayne johnson"", ""normalized_name_with_nickname"": null, ""primaryName"": ""Wayne Johnson"", ""primaryProfession"": ""writer,actor"", ""birthYear"": null, ""deathYear"": null}, {""nconst"": ""nm14012282"", ""normalized_name"": ""wayne johnson"", ""normalized_name_with_nickname"": null, ""primaryName"": ""Wayne Johnson"", ""primaryProfession"": ""archive_footage"", ""birthYear"": null, ""deathYear"": null}, {""nconst"": ""nm14042396"", ""normalized_name"": ""wayne johnson"", ""normalized_name_with_nickname"": null, ""primaryName"": ""Wayne Johnson"", ""primaryProfession"": ""miscellaneous"", ""birthYear"": null, ""deathYear"": null}, {""nconst"": ""nm14078442"", ""normalized_name"": ""wayne johnson"", ""normalized_name_with_nickname"": null, ""primaryName"": ""Wayne Johnson"", ""primaryProfession"": ""miscellaneous"", ""birthYear"": null, ""deathYear"": null}, {""nconst"": ""nm14965927"", ""normalized_name"": ""wayne johnson"", ""normalized_name_with_nickname"": null, ""primaryName"": ""Wayne Johnson"", ""primaryProfession"": null, ""birthYear"": null, ""deathYear"": null}, {""nconst"": ""nm15620388"", ""normalized_name"": ""wayne johnson"", ""normalized_name_with_nickname"": null, ""primaryName"": ""Wayne Johnson"", ""primaryProfession"": ""animation_department"", ""birthYear"": null, ""deathYear"": null}, {""nconst"": ""nm17037003"", ""normalized_name"": ""wayne johnson"", ""normalized_name_with_nickname"": null, ""primaryName"": ""Wayne Johnson"", ""primaryProfession"": null, ""birthYear"": null, ""deathYear"": null}, {""nconst"": ""nm17046012"", ""normalized_name"": ""wayne johnson"", ""normalized_name_with_nickname"": null, ""primaryName"": ""Wayne Johnson"", ""primaryProfession"": ""camera_department"", ""birthYear"": null, ""deathYear"": null}, {""nconst"": ""nm17077525"", ""normalized_name"": ""wayne johnson"", ""normalized_name_with_nickname"": null, ""primaryName"": ""Wayne Johnson"", ""primaryProfession"": null, ""birthYear"": null, ""deathYear"": null}, {""nconst"": ""nm3270101"", ""normalized_name"": ""wayne johnson"", ""normalized_name_with_nickname"": null, ""primaryName"": ""Wayne Johnson"", ""primaryProfession"": ""actor"", ""birthYear"": null, ""deathYear"": null}, {""nconst"": ""nm3363512"", ""normalized_name"": ""wayne johnson"", ""normalized_name_with_nickname"": null, ""primaryName"": ""Wayne Johnson"", ""primaryProfession"": ""cinematographer,sound_department,camera_department"", ""birthYear"": null, ""deathYear"": null}, {""nconst"": ""nm3439206"", ""normalized_name"": ""wayne johnson"", ""normalized_name_with_nickname"": null, ""primaryName"": ""Wayne Johnson"", ""primaryProfession"": ""special_effects"", ""birthYear"": null, ""deathYear"": null}, {""nconst"": ""nm3565036"", ""normalized_name"": ""wayne johnson"", ""normalized_name_with_nickname"": null, ""primaryName"": ""Wayne Johnson"", ""primaryProfession"": null, ""birthYear"": null, ""deathYear"": null}, {""nconst"": ""nm3634316"", ""normalized_name"": ""wayne johnson"", ""normalized_name_with_nickname"": null, ""primaryName"": ""Wayne Johnson"", ""primaryProfession"": ""producer,writer,director"", ""birthYear"": 1976, ""deathYear"": null}, {""nconst"": ""nm4881150"", ""normalized_name"": ""wayne johnson"", ""normalized_name_with_nickname"": null, ""primaryName"": ""Wayne Johnson"", ""primaryProfession"": null, ""birthYear"": null, ""deathYear"": null}, {""nconst"": ""nm5178687"", ""normalized_name"": ""wayne johnson"", ""normalized_name_with_nickname"": null, ""primaryName"": ""Wayne Johnson"", ""primaryProfession"": ""special_effects,make_up_department"", ""birthYear"": null, ""deathYear"": null}, {""nconst"": ""nm5569616"", ""normalized_name"": ""wayne johnson"", ""normalized_name_with_nickname"": null, ""primaryName"": ""Wayne Johnson"", ""primaryProfession"": ""director,cinematographer,camera_department"", ""birthYear"": null, ""deathYear"": null}, {""nconst"": ""nm5869661"", ""normalized_name"": ""wayne johnson"", ""normalized_name_with_nickname"": null, ""primaryName"": ""Wayne Johnson"", ""primaryProfession"": ""director,cinematographer,camera_department"", ""birthYear"": null, ""deathYear"": null}, {""nconst"": ""nm5967419"", ""normalized_name"": ""wayne johnson"", ""normalized_name_with_nickname"": null, ""primaryName"": ""Wayne Johnson"", ""primaryProfession"": ""casting_director"", ""birthYear"": null, ""deathYear"": null}, {""nconst"": ""nm6579532"", ""normalized_name"": ""wayne johnson"", ""normalized_name_with_nickname"": null, ""primaryName"": ""Wayne Johnson"", ""primaryProfession"": null, ""birthYear"": null, ""deathYear"": null}, {""nconst"": ""nm6693750"", ""normalized_name"": ""wayne johnson"", ""normalized_name_with_nickname"": null, ""primaryName"": ""Wayne Johnson"", ""primaryProfession"": ""actor"", ""birthYear"": null, ""deathYear"": null}, {""nconst"": ""nm6802230"", ""normalized_name"": ""wayne johnson"", ""normalized_name_with_nickname"": null, ""primaryName"": ""Wayne Johnson"", ""primaryProfession"": null, ""birthYear"": null, ""deathYear"": null}, {""nconst"": ""nm7020095"", ""normalized_name"": ""wayne johnson"", ""normalized_name_with_nickname"": null, ""primaryName"": ""Wayne Johnson"", ""primaryProfession"": ""archive_footage"", ""birthYear"": null, ""deathYear"": null}, {""nconst"": ""nm7077536"", ""normalized_name"": ""wayne johnson"", ""normalized_name_with_nickname"": null, ""primaryName"": ""Wayne Johnson"", ""primaryProfession"": null, ""birthYear"": null, ""deathYear"": null}, {""nconst"": ""nm7643879"", ""normalized_name"": ""wayne johnson"", ""normalized_name_with_nickname"": null, ""primaryName"": ""Wayne Johnson"", ""primaryProfession"": null, ""birthYear"": null, ""deathYear"": null}, {""nconst"": ""nm7796023"", ""normalized_name"": ""wayne johnson"", ""normalized_name_with_nickname"": null, ""primaryName"": ""Wayne Johnson"", ""primaryProfession"": ""actor"", ""birthYear"": null, ""deathYear"": null}, {""nconst"": ""nm7911642"", ""normalized_name"": ""wayne johnson"", ""normalized_name_with_nickname"": null, ""primaryName"": ""Wayne Johnson"", ""primaryProfession"": ""actor"", ""birthYear"": null, ""deathYear"": null}, {""nconst"": ""nm8309474"", ""normalized_name"": ""wayne johnson"", ""normalized_name_with_nickname"": null, ""primaryName"": ""Wayne Johnson"", ""primaryProfession"": ""miscellaneous"", ""birthYear"": null, ""deathYear"": null}, {""nconst"": ""nm8441843"", ""normalized_name"": ""wayne johnson"", ""normalized_name_with_nickname"": null, ""primaryName"": ""Wayne Johnson"", ""primaryProfession"": null, ""birthYear"": null, ""deathYear"": null}, {""nconst"": ""nm8666201"", ""normalized_name"": ""wayne johnson"", ""normalized_name_with_nickname"": null, ""primaryName"": ""Wayne Johnson"", ""primaryProfession"": ""actor"", ""birthYear"": null, ""deathYear"": null}, {""nconst"": ""nm8731132"", ""normalized_name"": ""wayne johnson"", ""normalized_name_with_nickname"": null, ""primaryName"": ""Wayne Johnson"", ""primaryProfession"": null, ""birthYear"": null, ""deathYear"": null}, {""nconst"": ""nm8822575"", ""normalized_name"": ""wayne johnson"", ""normalized_name_with_nickname"": null, ""primaryName"": ""Wayne Johnson"", ""primaryProfession"": ""writer,producer"", ""birthYear"": null, ""deathYear"": null}, {""nconst"": ""nm9042459"", ""normalized_name"": ""wayne johnson"", ""normalized_name_with_nickname"": null, ""primaryName"": ""Wayne Johnson"", ""primaryProfession"": ""writer"", ""birthYear"": null, ""deathYear"": null}, {""nconst"": ""nm9326544"", ""normalized_name"": ""wayne johnson"", ""normalized_name_with_nickname"": null, ""primaryName"": ""Wayne Johnson"", ""primaryProfession"": ""actor"", ""birthYear"": null, ""deathYear"": null}]",,"{""timestamp"": ""2026-10-03T14:13:59.867647+00:00"", ""model"": ""gemma-4-12b-it-qat-q4_0.gguf"", ""api_version"": null}"
387,Blue_Eye_Samurai_S01E01,scene_009_static_002_num00880_sim88.jpg,Visual Effects,Art Department,Miho Tomimasu,Visual Development Artists,Visual Effects,,first_half,880,pending,1,miho tomimasu,,,manual_required,"[{""nconst"": ""nm5380871"", ""normalized_name"": ""miho tomimasu"", ""normalized_name_with_nickname"": null, ""primaryName"": ""Miho Tomimasu"", ""primaryProfession"": ""animation_department,art_department,miscellaneous"", ""birthYear"": null, ""deathYear"": null}]",,"{""timestamp"": ""2026-10-03T14:13:59.867647+00:00"", ""model"": ""gemma-4-12b-it-qat-q4_0.gguf"", ""api_version"": null}"
388,Blue_Eye_Samurai_S01E01,scene_009_static_002_num00880_sim88.jpg,Visual Effects,Art Department,Grace Kum,Visual Development Artists,Visual Effects,,first_half,880,pending,1,grace kum,,,manual_required,"[{""nconst"": ""nm17348990"", ""normalized_name"": ""grace kum"", ""normalized_name_with_nickname"": null, ""primaryName"": ""Grace Kum"", ""primaryProfession"": ""art_department"", ""birthYear"": null, ""deathYear"": null}, {""nconst"": ""nm8316317"", ""normalized_name"": ""grace kum"", ""normalized_name_with_nickname"": null, ""primaryName"": ""Grace Kum"", ""primaryProfession"": ""art_department,animation_department"", ""birthYear"": null, ""deathYear"": null}]",,"{""timestamp"": ""2026-10-03T14:13:59.867647+00:00"", ""model"": ""gemma-4-12b-it-qat-q4_0.gguf"", ""api_version"": null}"
389,Blue_Eye_Samurai_S01E01,scene_009_static_002_num00880_sim88.jpg,Visual Effects,Art Department,Vaneda Vireak,Visual Development Artists,Visual Effects,,first_half,880,pending,1,vaneda vireak,,,manual_required,"[{""nconst"": ""nm11260806"", ""normalized_name"": ""vaneda vireak"", ""normalized_name_with_nickname"": null, ""primaryName"": ""Vaneda Vireak"", ""primaryProfession"": ""animation_department,art_department"", ""birthYear"": null, ""deathYear"": null}]",,"{""timestamp"": ""2026-10-03T14:13:59.867647+00:00"", ""model"": ""gemma-4-12b-it-qat-q4_0.gguf"", ""api_version"": null}"
390,Blue_Eye_Samurai_S01E01,scene_009_static_002_num00880_sim88.jpg,Visual Effects,Art Department,Yun Ling,Visual Development Artists,Visual Effects,,first_half,880,pending,1,yun ling,,,manual_required,"[{""nconst"": ""nm16152754"", ""normalized_name"": ""ling yun"", ""normalized_name_with_nickname"": null, ""primaryName"": ""Ling Yun"", ""primaryProfession"": ""miscellaneous"", ""birthYear"": null, ""deathYear"": null}, {""nconst"": ""nm0512754"", ""normalized_name"": ""yun ling"", ""normalized_name_with_nickname"": null, ""primaryName"": ""Yun Ling"", ""primaryProfession"": ""director,writer,actor"", ""birthYear"": null, ""deathYear"": null}, {""nconst"": ""nm10328218"", ""normalized_name"": ""yun ling"", ""normalized_name_with_nickname"": null, ""primaryName"": ""Yun Ling"", ""primaryProfession"": ""art_department,animation_department,art_director"", ""birthYear"": null, ""deathYear"": null}, {""nconst"": ""nm11716132"", ""normalized_name"": ""yun ling"", ""normalized_name_with_nickname"": null, ""primaryName"": ""Yun Ling"", ""primaryProfession"": ""art_department"", ""birthYear"": null, ""deathYear"": null}, {""nconst"": ""nm1493417"", ""normalized_name"": ""yun ling"", ""normalized_name_with_nickname"": null, ""primaryName"": ""Yun Ling"", ""primaryProfession"": ""actor,director,writer"", ""birthYear"": 1941, ""deathYear"": null}, {""nconst"": ""nm3379354"", ""normalized_name"": ""yun ling"", ""normalized_name_with_nickname"": null, ""primaryName"": ""Yun Ling"", ""primaryProfession"": ""actress"", ""birthYear"": null, ""deathYear"": null}, {""nconst"": ""nm5525611"", ""normalized_name"": ""yun ling"", ""normalized_name_with_nickname"": null, ""primaryName"": ""Yun Ling"", ""primaryProfession"": ""producer,art_department,assistant_director"", ""birthYear"": null, ""deathYear"": null}, {""nconst"": ""nm6920207"", ""normalized_name"": ""yun ling"", ""normalized_name_with_nickname"": null, ""primaryName"": ""Yun Ling"", ""primaryProfession"": ""sound_department"", ""birthYear"": null, ""deathYear"": null}, {""nconst"": ""nm8814573"", ""normalized_name"": ""yun ling"", ""normalized_name_with_nickname"": null, ""primaryName"": ""Yun Ling"", ""primaryProfession"": ""actor"", ""birthYear"": null, ""deathYear"": null}]",,"{""timestamp"": ""2026-10-03T14:13:59.867647+00:00"", ""model"": ""gemma-4-12b-it-qat-q4_0.gguf"", ""api_version"": null}"
391,Blue_Eye_Samurai_S01E01,scene_009_static_002_num00880_sim88.jpg,Visual Effects,Art Department,Kenny Vo,Visual Development Artists,Visual Effects,,first_half,880,pending,1,kenny vo,,,manual_required,"[{""nconst"": ""nm17289398"", ""normalized_name"": ""kenny vo"", ""normalized_name_with_nickname"": null, ""primaryName"": ""Kenny Vo"", ""primaryProfession"": null, ""birthYear"": null, ""deathYear"": null}]",,"{""timestamp"": ""2026-10-03T14:13:59.867647+00:00"", ""model"": ""gemma-4-12b-it-qat-q4_0.gguf"", ""api_version"": null}"
392,Blue_Eye_Samurai_S01E01,scene_009_static_002_num00880_sim88.jpg,Visual Effects,Art Department,Mike McCain,Visual Development Artists,Visual Effects,,first_half,880,pending,1,mike mccain,,nm3231624,auto_assigned,,Mike McCain,"{""timestamp"": ""2026-10-03T14:13:59.867647+00:00"", ""model"": ""gemma-4-12b-it-qat-q4_0.gguf"", ""api_version"": null}"
393,Blue_Eye_Samurai_S01E01,scene_009_static_002_num00880_sim88.jpg,Visual Effects,Art Department,Esther Wu,Visual Development Artists,Visual Effects,,first_half,880,pending,1,esther wu,,,manual_required,"[{""nconst"": ""nm15375432"", ""normalized_name"": ""esther wu"", ""normalized_name_with_nickname"": null, ""primaryName"": ""Esther Wu"", ""primaryProfession"": ""art_department,animation_department"", ""birthYear"": null, ""deathYear"": null}, {""nconst"": ""nm7840942"", ""normalized_name"": ""esther wu"", ""normalized_name_with_nickname"": null, ""primaryName"": ""Esther Wu"", ""primaryProfession"": ""actress,soundtrack"", ""birthYear"": 1992, ""deathYear"": null}]",,"{""timestamp"": ""2026-10-03T14:13:59.867647+00:00"", ""model"": ""gemma-4-12b-it-qat-q4_0.gguf"", ""api_version"": null}"
394,Blue_Eye_Samurai_S01E01,scene_009_static_002_num00880_sim88.jpg,Visual Effects,Art Department,Tim Kallok,Environment Modeler,Visual Effects,,first_half,880,pending,1,tim kallok,,,manual_required,"[{""nconst"": ""nm5843980"", ""normalized_name"": ""tim kallok"", ""normalized_name_with_nickname"": null, ""primaryName"": ""Tim Kallok"", ""primaryProfession"": ""animation_department,art_department"", ""birthYear"": null, ""deathYear"": null}]",,"{""timestamp"": ""2026-10-03T14:13:59.867647+00:00"", ""model"": ""gemma-4-12b-it-qat-q4_0.gguf"", ""api_version"": null}"
395,Blue_Eye_Samurai_S01E01,scene_009_static_002_num00880_sim88.jpg,Visual Effects,Art Department,Bill Perkins,Additional Visual Development,Visual Effects,,first_half,880,pending,1,bill perkins,,nm10244093,auto_assigned,,Bill Perkins,"{""timestamp"": ""2026-10-03T14:13:59.867647+00:00"", ""model"": ""gemma-4-12b-it-qat-q4_0.gguf"", ""api_version"": null}"
396,Blue_Eye_Samurai_S01E01,scene_009_static_003_num00892_sim44.jpg,Directors,,MICHAEL GREENHOLT,Animation Director,Directors,,first_half,892,pending,1,michael greenholt,,,manual_required,"[{""nconst"": ""nm2488890"", ""normalized_name"": ""michael greenholt"", ""normalized_name_with_nickname"": null, ""primaryName"": ""Michael Greenholt"", ""primaryProfession"": ""animation_department,actor"", ""birthYear"": null, ""deathYear"": null}]",,"{""timestamp"": ""2026-10-03T14:13:59.867647+00:00"", ""model"": ""gemma-4-12b-it-qat-q4_0.gguf"", ""api_version"": null}"
397,Blue_Eye_Samurai_S01E01,scene_009_static_003_num00892_sim44.jpg,Second Unit Directors or Assistant Directors,,BORIS MARAS,Assistant Animation Director,Second Unit Directors or Assistant Directors,,first_half,892,pending,1,boris maras,,,manual_required,"[{""nconst"": ""nm2856924"", ""normalized_name"": ""boris maras"", ""normalized_name_with_nickname"": null, ""primaryName"": ""Boris Maras"", ""primaryProfession"": ""animation_department,art_department"", ""birthYear"": null, ""deathYear"": null}]",,"{""timestamp"": ""2026-10-03T14:13:59.867647+00:00"", ""model"": ""gemma-4-12b-it-qat-q4_0.gguf"", ""api_version"": null}"
398,Blue_Eye_Samurai_S01E01,scene_009_static_003_num00892_sim44.jpg,Additional Crew,,JUSTIN SCHULTZ,Animation Checker,Additional Crew,,first_half,892,pending,1,justin schultz,,,manual_required,"[{""nconst"": ""nm0776279"", ""normalized_name"": ""justin schultz"", ""normalized_name_with_nickname"": null, ""primaryName"": ""Justin Schultz"", ""primaryProfession"": ""animation_department,editorial_department,editor"", ""birthYear"": null, ""deathYear"": null}, {""nconst"": ""nm1012663"", ""normalized_name"": ""justin schultz"", ""normalized_name_with_nickname"": null, ""primaryName"": ""Justin Schultz"", ""primaryProfession"": ""editor,actor,editorial_department"", ""birthYear"": null, ""deathYear"": null}, {""nconst"": ""nm17658570"", ""normalized_name"": ""justin schultz"", ""normalized_name_with_nickname"": null, ""primaryName"": ""Justin Schultz"", ""primaryProfession"": null, ""birthYear"": null, ""deathYear"": null}, {""nconst"": ""nm17669751"", ""normalized_name"": ""justin schultz"", ""normalized_name_with_nickname"": null, ""primaryName"": ""Justin Schultz"", ""primaryProfession"": null, ""birthYear"": null, ""deathYear"": null}, {""nconst"": ""nm2936623"", ""normalized_name"": ""justin schultz"", ""normalized_name_with_nickname"": null, ""primaryName"": ""Justin Schultz"", ""primaryProfession"": ""music_department"", ""birthYear"": null, ""deathYear"": null}, {""nconst"": ""nm9833773"", ""normalized_name"": ""justin schultz"", ""normalized_name_with_nickname"": null, ""primaryName"": ""Justin Schultz"", ""primaryProfession"": ""assistant_director"", ""birthYear"": null, ""deathYear"": null}]",,"{""timestamp"": ""2026-10-03T14:13:59.867647+00:00"", ""model"": ""gemma-4-12b-it-qat-q4_0.gguf"", ""api_version"": null}"
399,Blue_Eye_Samurai_S01E01,scene_009_static_003_num00892_sim44.jpg,Production Department,,EARL A. HIBBERT,Head of Previs,Production Department,,first_half,892,pending,1,earl a hibbert,,,manual_required,"[{""nconst"": ""nm0382502"", ""normalized_name"": ""earl a hibbert"", ""normalized_name_with_nickname"": null, ""primaryName"": ""Earl A. Hibbert"", ""primaryProfession"": ""visual_effects,director,special_effects"", ""birthYear"": null, ""deathYear"": null}]",,"{""timestamp"": ""2026-10-03T14:13:59.867647+00:00"", ""model"": ""gemma-4-12b-it-qat-q4_0.gguf"", ""api_version"": null}"
400,Blue_Eye_Samurai_S01E01,scene_009_static_003_num00892_sim44.jpg,Visual Effects,Art Department,BENNY VARGAS,Previs Modeler,Visual Effects,,first_half,892,pending,1,benny vargas,,gp0000088,internal_assigned,,,"{""timestamp"": ""2026-10-03T14:13:59.867647+00:00"", ""model"": ""gemma-4-12b-it-qat-q4_0.gguf"", ""api_version"": null}"
401,Blue_Eye_Samurai_S01E01,scene_009_static_003_num00892_sim44.jpg,Visual Effects,Art Department,ROCKY CURBY,Previs Artists,Visual Effects,,first_half,892,pending,1,rocky curby,,nm1096014,auto_assigned,,Rocky Curby,"{""timestamp"": ""2026-10-03T14:13:59.867647+00:00"", ""model"": ""gemma-4-12b-it-qat-q4_0.gguf"", ""api_version"": null}"
402,Blue_Eye_Samurai_S01E01,scene_009_static_003_num00892_sim44.jpg,Visual Effects,Art Department,NICOLE HERR,Previs Artists,Visual Effects,,first_half,892,pending,1,nicole herr,,nm0380287,auto_assigned,,Nicole Herr,"{""timestamp"": ""2026-10-03T14:13:59.867647+00:00"", ""model"": ""gemma-4-12b-it-qat-q4_0.gguf"", ""api_version"": null}"
403,Blue_Eye_Samurai_S01E01,scene_009_static_003_num00892_sim44.jpg,Visual Effects,Art Department,JOANN KANG,Previs Artists,Visual Effects,,first_half,892,pending,1,joann kang,,,manual_required,"[{""nconst"": ""nm7380918"", ""normalized_name"": ""joann kang"", ""normalized_name_with_nickname"": null, ""primaryName"": ""JoAnn Kang"", ""primaryProfession"": ""director,writer,producer"", ""birthYear"": null, ""deathYear"": null}]",,"{""timestamp"": ""2026-10-03T14:13:59.867647+00:00"", ""model"": ""gemma-4-12b-it-qat-q4_0.gguf"", ""api_version"": null}"
404,Blue_Eye_Samurai_S01E01,scene_010_static_001_num00924_sim92.jpg,Production Managers,,Paige Coblentz,Production Manager,Production Managers,,second_half,924,pending,1,paige coblentz,,nm10730984,auto_assigned,,Paige Coblentz,"{""timestamp"": ""2026-10-03T14:13:59.867647+00:00"", ""model"": ""gemma-4-12b-it-qat-q4_0.gguf"", ""api_version"": null}"
405,Blue_Eye_Samurai_S01E01,scene_010_static_001_num00924_sim92.jpg,Production Managers,,Brooke Rudisil,Production Supervisors,Production Managers,,second_half,924,pending,1,brooke rudisil,,nm13570039,auto_assigned,,Brooke Rudisill,"{""timestamp"": ""2026-10-03T14:13:59.867647+00:00"", ""model"": ""gemma-4-12b-it-qat-q4_0.gguf"", ""api_version"": null}"
406,Blue_Eye_Samurai_S01E01,scene_010_static_001_num00924_sim92.jpg,Production Managers,,Kimberly Siapno,Production Supervisors,Production Managers,,second_half,924,pending,1,kimberly siapno,,nm4891991,auto_assigned,,Kimberly Siapno,"{""timestamp"": ""2026-10-03T14:13:59.867647+00:00"", ""model"": ""gemma-4-12b-it-qat-q4_0.gguf"", ""api_version"": null}"
407,Blue_Eye_Samurai_S01E01,scene_010_static_001_num00924_sim92.jpg,Production Department,,Darla Chavez,Production Coordinators,Production Department,,second_half,924,pending,1,darla chavez,,nm9570066,auto_assigned,,Darla Chavez,"{""timestamp"": ""2026-10-03T14:13:59.867647+00:00"", ""model"": ""gemma-4-12b-it-qat-q4_0.gguf"", ""api_version"": null}"
408,Blue_Eye_Samurai_S01E01,scene_010_static_001_num00924_sim92.jpg,Production Department,,Manuel Jesse Nieto Jr.,Production Coordinators,Production Department,,second_half,924,pending,1,manuel jesse nieto jr,,nm4427702,auto_assigned,,Manuel Jesse Nieto Jr.,"{""timestamp"": ""2026-10-03T14:13:59.867647+00:00"", ""model"": ""gemma-4-12b-it-qat-q4_0.gguf"", ""api_version"": null}"
409,Blue_Eye_Samurai_S01E01,scene_010_static_001_num00924_sim92.jpg,Production Department,,Tiffany Chiu,Production Coordinators,Production Department,,second_half,924,pending,1,tiffany chiu,,nm3425837,auto_assigned,,Tiffany Chiu,"{""timestamp"": ""2026-10-03T14:13:59.867647+00:00"", ""model"": ""gemma-4-12b-it-qat-q4_0.gguf"", ""api_version"": null}"
410,Blue_Eye_Samurai_S01E01,scene_010_static_001_num00924_sim92.jpg,Production Department,,Olivia Powers-Li,Production Coordinators,Production Department,,second_half,924,pending,1,olivia powers li,,nm13575405,auto_assigned,,Olivia Powers-Li,"{""timestamp"": ""2026-10-03T14:13:59.867647+00:00"", ""model"": ""gemma-4-12b-it-qat-q4_0.gguf"", ""api_version"": null}"
411,Blue_Eye_Samurai_S01E01,scene_010_static_001_num00924_sim92.jpg,Production Department,,Jinny Chung,Production Coordinators,Production Department,,second_half,924,pending,1,jinny chung,,nm2137962,auto_assigned,,Jinny Chung,"{""timestamp"": ""2026-10-03T14:13:59.867647+00:00"", ""model"": ""gemma-4-12b-it-qat-q4_0.gguf"", ""api_version"": null}"
412,Blue_Eye_Samurai_S01E01,scene_010_static_001_num00924_sim92.jpg,Production Department,,Samuel Taylor,Production Coordinators,Production Department,,second_half,924,pending,1,samuel taylor,,nm12695749,auto_assigned,,Samuel Taylor,"{""timestamp"": ""2026-10-03T14:13:59.867647+00:00"", ""model"": ""gemma-4-12b-it-qat-q4_0.gguf"", ""api_version"": null}"
413,Blue_Eye_Samurai_S01E01,scene_010_static_001_num00924_sim92.jpg,Production Department,,Sara Cook,Production Coordinators,Production Department,,second_half,924,pending,1,sara cook,,nm9038105,auto_assigned,,Sara Cook,"{""timestamp"": ""2026-10-03T14:13:59.867647+00:00"", ""model"": ""gemma-4-12b-it-qat-q4_0.gguf"", ""api_version"": null}"
414,Blue_Eye_Samurai_S01E01,scene_010_static_001_num00924_sim92.jpg,Production Department,,Diana Tran,Production Coordinators,Production Department,,second_half,924,pending,1,diana tran,,nm9815208,auto_assigned,,Diana Tran,"{""timestamp"": ""2026-10-03T14:13:59.867647+00:00"", ""model"": ""gemma-4-12b-it-qat-q4_0.gguf"", ""api_version"": null}"
415,Blue_Eye_Samurai_S01E01,scene_010_static_001_num00924_sim92.jpg,Production Department,,Andrea Flores,Production Coordinators,Production Department,,second_half,924,pending,1,andrea flores,,,ambiguous,"[{""nconst"": ""nm0282757"", ""normalized_name"": ""andrea flores"", ""normalized_name_with_nickname"": null, ""primaryName"": ""Andrea Flores"", ""primaryProfession"": ""miscellaneous"", ""birthYear"": null, ""deathYear"": null}, {""nconst"": ""nm3820086"", ""normalized_name"": ""andrea flores"", ""normalized_name_with_nickname"": null, ""primaryName"": ""Andrea Flores"", ""primaryProfession"": ""miscellaneous"", ""birthYear"": null, ""deathYear"": null}, {""nconst"": ""nm6619620"", ""normalized_name"": ""andrea flores"", ""normalized_name_with_nickname"": null, ""primaryName"": ""Andrea Flores"", ""primaryProfession"": ""production_department"", ""birthYear"": null, ""deathYear"": null}]",,"{""timestamp"": ""2026-10-03T14:13:59.867647+00:00"", ""model"": ""gemma-4-12b-it-qat-q4_0.gguf"", ""api_version"": null}"
416,Blue_Eye_Samurai_S01E01,scene_010_static_001_num00924_sim92.jpg,Production Department,,Kimble West,Production Coordinators,Production Department,,second_half,924,pending,1,kimble west,,nm11193298,auto_assigned,,Kimble West,"{""timestamp"": ""2026-10-03T14:13:59.867647+00:00"", ""model"": ""gemma-4-12b-it-qat-q4_0.gguf"", ""api_version"": null}"
417,Blue_Eye_Samurai_S01E01,scene_010_static_001_num00924_sim92.jpg,Production Department,,Billie Rose Newby,Production Coordinators,Production Department,,second_half,924,pending,1,billie rose newby,,nm15252823,auto_assigned,,Billie Rose Newby,"{""timestamp"": ""2026-10-03T14:13:59.867647+00:00"", ""model"": ""gemma-4-12b-it-qat-q4_0.gguf"", ""api_version"": null}"
418,Blue_Eye_Samurai_S01E01,scene_010_static_001_num00924_sim92.jpg,Production Department,,Leah Williams,Production Coordinators,Production Department,,second_half,924,pending,1,leah williams,,,ambiguous,"[{""nconst"": ""nm13986208"", ""normalized_name"": ""leah williams"", ""normalized_name_with_nickname"": null, ""primaryName"": ""Leah Williams"", ""primaryProfession"": ""miscellaneous"", ""birthYear"": null, ""deathYear"": null}, {""nconst"": ""nm15729699"", ""normalized_name"": ""leah williams"", ""normalized_name_with_nickname"": null, ""primaryName"": ""Leah Williams"", ""primaryProfession"": ""camera_department,miscellaneous"", ""birthYear"": null, ""deathYear"": null}, {""nconst"": ""nm3814031"", ""normalized_name"": ""leah williams"", ""normalized_name_with_nickname"": null, ""primaryName"": ""Leah Williams"", ""primaryProfession"": ""miscellaneous"", ""birthYear"": null, ""deathYear"": null}, {""nconst"": ""nm4021542"", ""normalized_name"": ""leah williams"", ""normalized_name_with_nickname"": null, ""primaryName"": ""Leah Williams"", ""primaryProfession"": ""art_department,production_department,production_manager"", ""birthYear"": null, ""deathYear"": null}, {""nconst"": ""nm4581569"", ""normalized_name"": ""leah williams"", ""normalized_name_with_nickname"": null, ""primaryName"": ""Leah Williams"", ""primaryProfession"": ""production_department"", ""birthYear"": null, ""deathYear"": null}]",,"{""timestamp"": ""2026-10-03T14:13:59.867647+00:00"", ""model"": ""gemma-4-12b-it-qat-q4_0.gguf"", ""api_version"": null}"
419,Blue_Eye_Samurai_S01E01,scene_010_static_002_num00948_sim43.jpg,Production Department,,Yasmeen Abedifard,Production Assistants,Production Department,,second_half,948,pending,1,yasmeen abedifard,,,manual_required,"[{""nconst"": ""nm13329078"", ""normalized_name"": ""yasmeen abedifard"", ""normalized_name_with_nickname"": null, ""primaryName"": ""Yasmeen Abedifard"", ""primaryProfession"": ""production_manager,animation_department"", ""birthYear"": null, ""deathYear"": null}]",,"{""timestamp"": ""2026-10-03T14:13:59.867647+00:00"", ""model"": ""gemma-4-12b-it-qat-q4_0.gguf"", ""api_version"": null}"
420,Blue_Eye_Samurai_S01E01,scene_010_static_002_num00948_sim43.jpg,Production Department,,Matthew Chong,Production Assistants,Production Department,,second_half,948,pending,1,matthew chong,,nm10193175,auto_assigned,,Matthew Chong,"{""timestamp"": ""2026-10-03T14:13:59.867647+00:00"", ""model"": ""gemma-4-12b-it-qat-q4_0.gguf"", ""api_version"": null}"
421,Blue_Eye_Samurai_S01E01,scene_010_static_002_num00948_sim43.jpg,Production Department,,Aaron Farr,Production Assistants,Production Department,,second_half,948,pending,1,aaron farr,,,ambiguous,"[{""nconst"": ""nm6227468"", ""normalized_name"": ""aaron farr"", ""normalized_name_with_nickname"": null, ""primaryName"": ""Aaron Farr"", ""primaryProfession"": ""production_department"", ""birthYear"": null, ""deathYear"": null}, {""nconst"": ""nm9590969"", ""normalized_name"": ""aaron farr"", ""normalized_name_with_nickname"": null, ""primaryName"": ""Aaron Farr"", ""primaryProfession"": ""production_department,actor,camera_department"", ""birthYear"": 1997, ""deathYear"": null}]",,"{""timestamp"": ""2026-10-03T14:13:59.867647+00:00"", ""model"": ""gemma-4-12b-it-qat-q4_0.gguf"", ""api_version"": null}"
422,Blue_Eye_Samurai_S01E01,scene_010_static_002_num00948_sim43.jpg,Production Department,,Devon Ste Marie Rubin,Production Assistants,Production Department,,second_half,948,pending,1,devon ste marie rubin,,nm15509438,auto_assigned,,Devon Ste Marie Rubin,"{""timestamp"": ""2026-10-03T14:13:59.867647+00:00"", ""model"": ""gemma-4-12b-it-qat-q4_0.gguf"", ""api_version"": null}"
423,Blue_Eye_Samurai_S01E01,scene_010_static_002_num00948_sim43.jpg,Production Department,,Jennifer Coates,Assistants to Michael Green and Amber Noizumi,Production Department,,second_half,948,pending,1,jennifer coates,,,manual_required,"[{""nconst"": ""nm17141653"", ""normalized_name"": ""jennifer coates"", ""normalized_name_with_nickname"": null, ""primaryName"": ""Jennifer Coates"", ""primaryProfession"": null, ""birthYear"": null, ""deathYear"": null}, {""nconst"": ""nm4604972"", ""normalized_name"": ""jennifer coates"", ""normalized_name_with_nickname"": null, ""primaryName"": ""Jennifer Coates"", ""primaryProfession"": ""cinematographer"", ""birthYear"": null, ""deathYear"": null}]",,"{""timestamp"": ""2026-10-03T14:13:59.867647+00:00"", ""model"": ""gemma-4-12b-it-qat-q4_0.gguf"", ""api_version"": null}"
424,Blue_Eye_Samurai_S01E01,scene_010_static_002_num00948_sim43.jpg,Production Department,,Becca Noble,Assistants to Michael Green and Amber Noizumi,Production Department,,second_half,948,pending,1,becca noble,,,manual_required,"[{""nconst"": ""nm7635833"", ""normalized_name"": ""becca noble"", ""normalized_name_with_nickname"": null, ""primaryName"": ""Becca Noble"", ""primaryProfession"": ""writer,script_department"", ""birthYear"": null, ""deathYear"": null}]",,"{""timestamp"": ""2026-10-03T14:13:59.867647+00:00"", ""model"": ""gemma-4-12b-it-qat-q4_0.gguf"", ""api_version"": null}"
425,Blue_Eye_Samurai_S01E01,scene_010_static_002_num00948_sim43.jpg,Production Department,,Khaela Correa,Assistants to Erwin Stoff,Production Department,,second_half,948,pending,1,khaela correa,,nm8805504,auto_assigned,,Khaela Correa,"{""timestamp"": ""2026-10-03T14:13:59.867647+00:00"", ""model"": ""gemma-4-12b-it-qat-q4_0.gguf"", ""api_version"": null}"
426,Blue_Eye_Samurai_S01E01,scene_010_static_002_num00948_sim43.jpg,Production Department,,Olivia Mayron,Assistants to Erwin Stoff,Production Department,,second_half,948,pending,1,olivia mayron,,,manual_required,"[{""nconst"": ""nm16935597"", ""normalized_name"": ""olivia mayron"", ""normalized_name_with_nickname"": null, ""primaryName"": ""Olivia Mayron"", ""primaryProfession"": null, ""birthYear"": null, ""deathYear"": null}]",,"{""timestamp"": ""2026-10-03T14:13:59.867647+00:00"", ""model"": ""gemma-4-12b-it-qat-q4_0.gguf"", ""api_version"": null}"
427,Blue_Eye_Samurai_S01E01,scene_010_static_002_num00948_sim43.jpg,Production Department,,Jonathan Rosenthal,Assistants to Erwin Stoff,Production Department,,second_half,948,pending,1,jonathan rosenthal,,nm14117486,auto_assigned,,Jonathan Rosenthal,"{""timestamp"": ""2026-10-03T14:13:59.867647+00:00"", ""model"": ""gemma-4-12b-it-qat-q4_0.gguf"", ""api_version"": null}"
428,Blue_Eye_Samurai_S01E01,scene_010_static_003_num00972_sim46.jpg,Visual Effects,,Tomer Rousso,Lead Compositing Visual Development,Visual Effects,,second_half,972,pending,1,tomer rousso,,nm7082779,auto_assigned,,Tomer Rousso,"{""timestamp"": ""2026-10-03T14:13:59.867647+00:00"", ""model"": ""gemma-4-12b-it-qat-q4_0.gguf"", ""api_version"": null}"
429,Blue_Eye_Samurai_S01E01,scene_010_static_003_num00972_sim46.jpg,Visual Effects,,Remi Larroque,Compositors,Visual Effects,,second_half,972,pending,1,remi larroque,,nm4374340,auto_assigned,,Remi Larroque,"{""timestamp"": ""2026-10-03T14:13:59.867647+00:00"", ""model"": ""gemma-4-12b-it-qat-q4_0.gguf"", ""api_version"": null}"
430,Blue_Eye_Samurai_S01E01,scene_010_static_003_num00972_sim46.jpg,Visual Effects,,Cameron Scott,Compositors,Visual Effects,,second_half,972,pending,1,cameron scott,,,ambiguous,"[{""nconst"": ""nm16489290"", ""normalized_name"": ""cameron scott"", ""normalized_name_with_nickname"": null, ""primaryName"": ""Cameron Scott"", ""primaryProfession"": ""visual_effects"", ""birthYear"": null, ""deathYear"": null}, {""nconst"": ""nm1734582"", ""normalized_name"": ""cameron scott"", ""normalized_name_with_nickname"": null, ""primaryName"": ""Cameron Scott"", ""primaryProfession"": ""visual_effects,animation_department"", ""birthYear"": null, ""deathYear"": null}, {""nconst"": ""nm17435003"", ""normalized_name"": ""cameron scott"", ""normalized_name_with_nickname"": null, ""primaryName"": ""Cameron Scott"", ""primaryProfession"": ""visual_effects"", ""birthYear"": null, ""deathYear"": null}, {""nconst"": ""nm15598547"", ""normalized_name"": ""scott cameron"", ""normalized_name_with_nickname"": null, ""primaryName"": ""Scott Cameron"", ""primaryProfession"": ""visual_effects"", ""birthYear"": null, ""deathYear"": null}, {""nconst"": ""nm3811144"", ""normalized_name"": ""scott cameron"", ""normalized_name_with_nickname"": null, ""primaryName"": ""Scott Cameron"", ""primaryProfession"": ""actor,editorial_department,visual_effects"", ""birthYear"": null, ""deathYear"": null}]",,"{""timestamp"": ""2026-10-03T14:13:59.867647+00:00"", ""model"": ""gemma-4-12b-it-qat-q4_0.gguf"", ""api_version"": null}"
431,Blue_Eye_Samurai_S01E01,scene_010_static_003_num00972_sim46.jpg,Visual Effects,,Kasy Stein,Compositors,Visual Effects,,second_half,972,pending,1,kasy stein,,nm4166261,auto_assigned,,Kasy Stein,"{""timestamp"": ""2026-10-03T14:13:59.867647+00:00"", ""model"": ""gemma-4-12b-it-qat-q4_0.gguf"", ""api_version"": null}"
432,Blue_Eye_Samurai_S01E01,scene_010_static_003_num00972_sim46.jpg,Production Finance and Accounting,,Andrea Biklian,Production Accountant,Production Finance and Accounting,,second_half,972,pending,1,andrea biklian,,nm0082073,auto_assigned,,Andrea Biklian,"{""timestamp"": ""2026-10-03T14:13:59.867647+00:00"", ""model"": ""gemma-4-12b-it-qat-q4_0.gguf"", ""api_version"": null}"
433,Blue_Eye_Samurai_S01E01,scene_010_static_003_num00972_sim46.jpg,Production Finance and Accounting,,Mathew Hutton,Production Accountant,Production Finance and Accounting,,second_half,972,pending,1,mathew hutton,,nm16488671,auto_assigned,,Mathew Hutton,"{""timestamp"": ""2026-10-03T14:13:59.867647+00:00"", ""model"": ""gemma-4-12b-it-qat-q4_0.gguf"", ""api_version"": null}"
434,Blue_Eye_Samurai_S01E01,scene_010_static_003_num00972_sim46.jpg,Production Finance and Accounting,,Meri Adamyan,Assistant Accountant,Production Finance and Accounting,,second_half,972,pending,1,meri adamyan,,nm16432102,auto_assigned,,Meri Adamyan,"{""timestamp"": ""2026-10-03T14:13:59.867647+00:00"", ""model"": ""gemma-4-12b-it-qat-q4_0.gguf"", ""api_version"": null}"
435,Blue_Eye_Samurai_S01E01,scene_011_static_001_num01008_sim97.jpg,Editorial Department,,George Soto,Assistant Editor,Editorial Department,,second_half,1008,pending,1,george soto,,,ambiguous,"[{""nconst"": ""nm4302001"", ""normalized_name"": ""george soto"", ""normalized_name_with_nickname"": null, ""primaryName"": ""George Soto"", ""primaryProfession"": ""editorial_department"", ""birthYear"": null, ""deathYear"": null}, {""nconst"": ""nm5969494"", ""normalized_name"": ""george soto"", ""normalized_name_with_nickname"": null, ""primaryName"": ""George Soto"", ""primaryProfession"": ""editorial_department,sound_department,editor"", ""birthYear"": null, ""deathYear"": null}]",,"{""timestamp"": ""2026-10-03T14:13:59.867647+00:00"", ""model"": ""gemma-4-12b-it-qat-q4_0.gguf"", ""api_version"": null}"
436,Blue_Eye_Samurai_S01E01,scene_011_static_001_num01008_sim97.jpg,Editorial Department,,Elizabeth Dee Edwards,Post Production Supervisor,Editorial Department,,second_half,1008,pending,1,elizabeth dee edwards,,nm3013275,auto_assigned,,Elizabeth Dee Edwards,"{""timestamp"": ""2026-10-03T14:13:59.867647+00:00"", ""model"": ""gemma-4-12b-it-qat-q4_0.gguf"", ""api_version"": null}"
437,Blue_Eye_Samurai_S01E01,scene_011_static_001_num01008_sim97.jpg,Editorial Department,,Yasmeen Abedifard,Post Production Coordinator,Editorial Department,,second_half,1008,pending,1,yasmeen abedifard,,,manual_required,"[{""nconst"": ""nm13329078"", ""normalized_name"": ""yasmeen abedifard"", ""normalized_name_with_nickname"": null, ""primaryName"": ""Yasmeen Abedifard"", ""primaryProfession"": ""production_manager,animation_department"", ""birthYear"": null, ""deathYear"": null}]",,"{""timestamp"": ""2026-10-03T14:13:59.867647+00:00"", ""model"": ""gemma-4-12b-it-qat-q4_0.gguf"", ""api_version"": null}"
438,Blue_Eye_Samurai_S01E01,scene_011_static_001_num01008_sim97.jpg,Sound Department,,Shawn Kennedy,Foley Mixer / Foley Editor,Sound Department,,second_half,1008,pending,1,shawn kennedy,,,manual_required,"[{""nconst"": ""nm11051490"", ""normalized_name"": ""shawn kennedy"", ""normalized_name_with_nickname"": null, ""primaryName"": ""Shawn Kennedy"", ""primaryProfession"": ""camera_department"", ""birthYear"": null, ""deathYear"": null}, {""nconst"": ""nm11338456"", ""normalized_name"": ""shawn kennedy"", ""normalized_name_with_nickname"": null, ""primaryName"": ""Shawn Kennedy"", ""primaryProfession"": ""actress"", ""birthYear"": null, ""deathYear"": null}, {""nconst"": ""nm11484499"", ""normalized_name"": ""shawn kennedy"", ""normalized_name_with_nickname"": null, ""primaryName"": ""Shawn Kennedy"", ""primaryProfession"": ""actor,writer"", ""birthYear"": null, ""deathYear"": null}, {""nconst"": ""nm11842746"", ""normalized_name"": ""shawn kennedy"", ""normalized_name_with_nickname"": null, ""primaryName"": ""Shawn Kennedy"", ""primaryProfession"": ""production_department"", ""birthYear"": null, ""deathYear"": null}, {""nconst"": ""nm15762057"", ""normalized_name"": ""shawn kennedy"", ""normalized_name_with_nickname"": null, ""primaryName"": ""Shawn Kennedy"", ""primaryProfession"": null, ""birthYear"": null, ""deathYear"": null}, {""nconst"": ""nm2338815"", ""normalized_name"": ""shawn kennedy"", ""normalized_name_with_nickname"": null, ""primaryName"": ""Shawn Kennedy"", ""primaryProfession"": ""producer,writer,miscellaneous"", ""birthYear"": null, ""deathYear"": null}, {""nconst"": ""nm8560499"", ""normalized_name"": ""shawn kennedy"", ""normalized_name_with_nickname"": null, ""primaryName"": ""Shawn Kennedy"", ""primaryProfession"": ""actor"", ""birthYear"": null, ""deathYear"": null}]",,"{""timestamp"": ""2026-10-03T14:13:59.867647+00:00"", ""model"": ""gemma-4-12b-it-qat-q4_0.gguf"", ""api_version"": null}"
439,Blue_Eye_Samurai_S01E01,scene_011_static_001_num01008_sim97.jpg,Sound Department,,Melissa Kennedy,Foley Artists,Sound Department,,second_half,1008,pending,1,melissa kennedy,,,manual_required,"[{""nconst"": ""nm15126099"", ""normalized_name"": ""melissa kennedy"", ""normalized_name_with_nickname"": null, ""primaryName"": ""Melissa Kennedy"", ""primaryProfession"": null, ""birthYear"": null, ""deathYear"": null}, {""nconst"": ""nm17601769"", ""normalized_name"": ""melissa kennedy"", ""normalized_name_with_nickname"": null, ""primaryName"": ""Melissa Kennedy"", ""primaryProfession"": ""writer,producer"", ""birthYear"": null, ""deathYear"": null}, {""nconst"": ""nm2554888"", ""normalized_name"": ""melissa kennedy"", ""normalized_name_with_nickname"": null, ""primaryName"": ""Melissa Kennedy"", ""primaryProfession"": ""producer,director,writer"", ""birthYear"": null, ""deathYear"": null}, {""nconst"": ""nm2991630"", ""normalized_name"": ""melissa kennedy"", ""normalized_name_with_nickname"": null, ""primaryName"": ""Melissa Kennedy"", ""primaryProfession"": null, ""birthYear"": 1982, ""deathYear"": null}, {""nconst"": ""nm3957276"", ""normalized_name"": ""melissa kennedy"", ""normalized_name_with_nickname"": null, ""primaryName"": ""Melissa Kennedy"", ""primaryProfession"": ""producer"", ""birthYear"": null, ""deathYear"": null}, {""nconst"": ""nm5537193"", ""normalized_name"": ""melissa kennedy"", ""normalized_name_with_nickname"": null, ""primaryName"": ""Melissa Kennedy"", ""primaryProfession"": ""art_department"", ""birthYear"": null, ""deathYear"": null}, {""nconst"": ""nm6002842"", ""normalized_name"": ""melissa kennedy"", ""normalized_name_with_nickname"": null, ""primaryName"": ""Melissa Kennedy"", ""primaryProfession"": ""actress"", ""birthYear"": null, ""deathYear"": null}, {""nconst"": ""nm6126229"", ""normalized_name"": ""melissa kennedy"", ""normalized_name_with_nickname"": null, ""primaryName"": ""Melissa Kennedy"", ""primaryProfession"": ""actress"", ""birthYear"": null, ""deathYear"": null}, {""nconst"": ""nm8972767"", ""normalized_name"": ""melissa kennedy"", ""normalized_name_with_nickname"": null, ""primaryName"": ""Melissa Kennedy"", ""primaryProfession"": null, ""birthYear"": null, ""deathYear"": null}, {""nconst"": ""nm9697334"", ""normalized_name"": ""melissa kennedy"", ""normalized_name_with_nickname"": null, ""primaryName"": ""Melissa Kennedy"", ""primaryProfession"": null, ""birthYear"": null, ""deathYear"": null}]",,"{""timestamp"": ""2026-10-03T14:13:59.867647+00:00"", ""model"": ""gemma-4-12b-it-qat-q4_0.gguf"", ""api_version"": null}"
440,Blue_Eye_Samurai_S01E01,scene_011_static_001_num01008_sim97.jpg,Sound Department,,Vincent Nicastro,Foley Artists,Sound Department,,second_half,1008,pending,1,vincent nicastro,,,manual_required,"[{""nconst"": ""nm6860740"", ""normalized_name"": ""vincent nicastro"", ""normalized_name_with_nickname"": null, ""primaryName"": ""Vincent Nicastro"", ""primaryProfession"": ""camera_department"", ""birthYear"": null, ""deathYear"": null}]",,"{""timestamp"": ""2026-10-03T14:13:59.867647+00:00"", ""model"": ""gemma-4-12b-it-qat-q4_0.gguf"", ""api_version"": null}"
441,Blue_Eye_Samurai_S01E01,scene_011_static_001_num01008_sim97.jpg,Sound Department,,Leo Marchi,SFX Editor,Sound Department,,second_half,1008,pending,1,leo marchi,,,manual_required,"[{""nconst"": ""nm17846383"", ""normalized_name"": ""leo marchi"", ""normalized_name_with_nickname"": null, ""primaryName"": ""L\u00e9o Marchi"", ""primaryProfession"": ""actor"", ""birthYear"": null, ""deathYear"": null}]",,"{""timestamp"": ""2026-10-03T14:13:59.867647+00:00"", ""model"": ""gemma-4-12b-it-qat-q4_0.gguf"", ""api_version"": null}"
442,Blue_Eye_Samurai_S01E01,scene_011_static_001_num01008_sim97.jpg,Sound Department,,Matt Wallace,Foley Recordist,Sound Department,,second_half,1008,pending,1,matt wallace,,,ambiguous,"[{""nconst"": ""nm1839057"", ""normalized_name"": ""matt wallace"", ""normalized_name_with_nickname"": null, ""primaryName"": ""Matt Wallace"", ""primaryProfession"": ""music_department,sound_department,soundtrack"", ""birthYear"": null, ""deathYear"": null}, {""nconst"": ""nm8062926"", ""normalized_name"": ""matt wallace"", ""normalized_name_with_nickname"": null, ""primaryName"": ""Matt Wallace"", ""primaryProfession"": ""sound_department"", ""birthYear"": null, ""deathYear"": null}]",,"{""timestamp"": ""2026-10-03T14:13:59.867647+00:00"", ""model"": ""gemma-4-12b-it-qat-q4_0.gguf"", ""api_version"": null}"
443,Blue_Eye_Samurai_S01E01,scene_011_static_001_num01008_sim97.jpg,Sound Department,,Joe Cappelletti,Loop Group Director,Sound Department,,second_half,1008,pending,1,joe cappelletti,,nm1028496,auto_assigned,,Joe Cappelletti,"{""timestamp"": ""2026-10-03T14:13:59.867647+00:00"", ""model"": ""gemma-4-12b-it-qat-q4_0.gguf"", ""api_version"": null}"
444,Blue_Eye_Samurai_S01E01,scene_011_static_001_num01008_sim97.jpg,Sound Department,,Daniel Saxlid,Dialogue Editor,Sound Department,,second_half,1008,pending,1,daniel saxlid,,nm1044367,auto_assigned,,Daniel Saxlid,"{""timestamp"": ""2026-10-03T14:13:59.867647+00:00"", ""model"": ""gemma-4-12b-it-qat-q4_0.gguf"", ""api_version"": null}"
445,Blue_Eye_Samurai_S01E01,scene_011_static_001_num01008_sim97.jpg,Music Department,,Iko Kagasoﬀ,Music Editor,Music Department,,second_half,1008,pending,1,iko kagasoﬀ,,gp0000117,internal_assigned,,,"{""timestamp"": ""2026-10-03T14:13:59.867647+00:00"", ""model"": ""gemma-4-12b-it-qat-q4_0.gguf"", ""api_version"": null}"
446,Blue_Eye_Samurai_S01E01,scene_011_static_001_num01008_sim97.jpg,Music Department,,Ellie Cumming,Orchestrator / Additional Music,Music Department,,second_half,1008,pending,1,ellie cumming,,nm4169677,auto_assigned,,Ellie Cumming,"{""timestamp"": ""2026-10-03T14:13:59.867647+00:00"", ""model"": ""gemma-4-12b-it-qat-q4_0.gguf"", ""api_version"": null}"
447,Blue_Eye_Samurai_S01E01,scene_011_static_001_num01008_sim97.jpg,Music Department,,Alvin Wee,Scoring Mixer,Music Department,,second_half,1008,pending,1,alvin wee,,nm6176066,auto_assigned,,Alvin Wee,"{""timestamp"": ""2026-10-03T14:13:59.867647+00:00"", ""model"": ""gemma-4-12b-it-qat-q4_0.gguf"", ""api_version"": null}"
448,Blue_Eye_Samurai_S01E01,scene_011_static_001_num01008_sim97.jpg,Music Department,,The Budapest Art Orchestra,Orchestra,Music Department,,second_half,1008,pending,0,the budapest art orchestra,,cm0000046,internal_assigned,,,"{""timestamp"": ""2026-10-03T14:13:59.867647+00:00"", ""model"": ""gemma-4-12b-it-qat-q4_0.gguf"", ""api_version"": null}"
449,Blue_Eye_Samurai_S01E01,scene_011_static_001_num01008_sim97.jpg,Music Department,,Gabe Hiler,Music Consultant,Music Department,,second_half,1008,pending,1,gabe hiler,,nm2506422,auto_assigned,,Gabe Hilfer,"{""timestamp"": ""2026-10-03T14:13:59.867647+00:00"", ""model"": ""gemma-4-12b-it-qat-q4_0.gguf"", ""api_version"": null}"
450,Blue_Eye_Samurai_S01E01,scene_012_static_000_num01024_sim51.jpg,Production Managers,,Eric Jacquot,Chairman,Production Managers,,second_half,1024,pending,1,eric jacquot,,,manual_required,"[{""nconst"": ""nm1572145"", ""normalized_name"": ""eric jacquot"", ""normalized_name_with_nickname"": null, ""primaryName"": ""Eric Jacquot"", ""primaryProfession"": ""producer,animation_department,production_department"", ""birthYear"": null, ""deathYear"": null}]",,"{""timestamp"": ""2026-10-03T14:13:59.867647+00:00"", ""model"": ""gemma-4-12b-it-qat-q4_0.gguf"", ""api_version"": null}"
451,Blue_Eye_Samurai_S01E01,scene_012_static_000_num01024_sim51.jpg,Production Finance and Accounting,,Olivier Lelardoux,CFO,Production Finance and Accounting,,second_half,1024,pending,1,olivier lelardoux,,,manual_required,"[{""nconst"": ""nm6060335"", ""normalized_name"": ""olivier lelardoux"", ""normalized_name_with_nickname"": null, ""primaryName"": ""Olivier Lelardoux"", ""primaryProfession"": ""director,producer,writer"", ""birthYear"": null, ""deathYear"": null}]",,"{""timestamp"": ""2026-10-03T14:13:59.867647+00:00"", ""model"": ""gemma-4-12b-it-qat-q4_0.gguf"", ""api_version"": null}"
452,Blue_Eye_Samurai_S01E01,scene_012_static_000_num01024_sim51.jpg,Production Managers,,Gaëlle Banet,Head of Production,Production Managers,,second_half,1024,pending,1,gaelle banet,,gp0000109,internal_assigned,,,"{""timestamp"": ""2026-10-03T14:13:59.867647+00:00"", ""model"": ""gemma-4-12b-it-qat-q4_0.gguf"", ""api_version"": null}"
453,Blue_Eye_Samurai_S01E01,scene_012_static_000_num01024_sim51.jpg,Production Managers,,Camille Gérard,General Head of Studios,Production Managers,,second_half,1024,pending,1,camille gerard,,nm4741988,auto_assigned,,Camille Gérard,"{""timestamp"": ""2026-10-03T14:13:59.867647+00:00"", ""model"": ""gemma-4-12b-it-qat-q4_0.gguf"", ""api_version"": null}"
454,Blue_Eye_Samurai_S01E01,scene_012_static_000_num01024_sim51.jpg,Production Managers,,Didier Henry,Head of Studio,Production Managers,,second_half,1024,pending,1,didier henry,,nm3999969,auto_assigned,,Didier Henry,"{""timestamp"": ""2026-10-03T14:13:59.867647+00:00"", ""model"": ""gemma-4-12b-it-qat-q4_0.gguf"", ""api_version"": null}"
455,Blue_Eye_Samurai_S01E01,scene_012_static_000_num01024_sim51.jpg,Production Managers,,Clément Boisseau,Production Supervisors,Production Managers,,second_half,1024,pending,1,clement boisseau,,nm17320882,auto_assigned,,Clément Boisseau,"{""timestamp"": ""2026-10-03T14:13:59.867647+00:00"", ""model"": ""gemma-4-12b-it-qat-q4_0.gguf"", ""api_version"": null}"
456,Blue_Eye_Samurai_S01E01,scene_012_static_000_num01024_sim51.jpg,Production Managers,,Josselin Ta,Production Supervisors,Production Managers,,second_half,1024,pending,1,josselin ta,,gp0000124,internal_assigned,,,"{""timestamp"": ""2026-10-03T14:13:59.867647+00:00"", ""model"": ""gemma-4-12b-it-qat-q4_0.gguf"", ""api_version"": null}"
457,Blue_Eye_Samurai_S01E01,scene_012_static_000_num01024_sim51.jpg,Production Managers,,Emilie Gaurier,Heads of Studio Montreal,Production Managers,,second_half,1024,pending,1,emilie gaurier,,nm7831297,auto_assigned,,Emilie Gaurier,"{""timestamp"": ""2026-10-03T14:13:59.867647+00:00"", ""model"": ""gemma-4-12b-it-qat-q4_0.gguf"", ""api_version"": null}"
458,Blue_Eye_Samurai_S01E01,scene_012_static_000_num01024_sim51.jpg,Production Managers,,Eléonore Moreau,Heads of Studio Montreal,Production Managers,,second_half,1024,pending,1,eleonore moreau,,,manual_required,"[{""nconst"": ""nm8439511"", ""normalized_name"": ""eleonore moreau"", ""normalized_name_with_nickname"": null, ""primaryName"": ""Eleonore Moreau"", ""primaryProfession"": ""production_department"", ""birthYear"": null, ""deathYear"": null}]",,"{""timestamp"": ""2026-10-03T14:13:59.867647+00:00"", ""model"": ""gemma-4-12b-it-qat-q4_0.gguf"", ""api_version"": null}"
459,Blue_Eye_Samurai_S01E01,scene_012_static_000_num01024_sim51.jpg,Production Finance and Accounting,,Marc Bizet,Financial Controller,Production Finance and Accounting,,second_half,1024,pending,1,marc bizet,,nm1939433,auto_assigned,,Marc Bizet,"{""timestamp"": ""2026-10-03T14:13:59.867647+00:00"", ""model"": ""gemma-4-12b-it-qat-q4_0.gguf"", ""api_version"": null}"
460,Blue_Eye_Samurai_S01E01,scene_012_static_000_num01024_sim51.jpg,Production Managers,,Virginie Machala,Production Managers,Production Managers,,second_half,1024,pending,1,virginie machala,,gp0000167,internal_assigned,,,"{""timestamp"": ""2026-10-03T14:13:59.867647+00:00"", ""model"": ""gemma-4-12b-it-qat-q4_0.gguf"", ""api_version"": null}"
461,Blue_Eye_Samurai_S01E01,scene_012_static_000_num01024_sim51.jpg,Production Managers,,Yassir Sadikou,Production Managers,Production Managers,,second_half,1024,pending,1,yassir sadikou,,nm16584075,auto_assigned,,Yassir Sadikou,"{""timestamp"": ""2026-10-03T14:13:59.867647+00:00"", ""model"": ""gemma-4-12b-it-qat-q4_0.gguf"", ""api_version"": null}"
462,Blue_Eye_Samurai_S01E01,scene_012_static_000_num01024_sim51.jpg,Production Department,,Maître Besson,Pipeline and R&D Manager,Production Department,,second_half,1024,pending,1,maitre besson,,nm14542717,auto_assigned,,Maité Besson,"{""timestamp"": ""2026-10-03T14:13:59.867647+00:00"", ""model"": ""gemma-4-12b-it-qat-q4_0.gguf"", ""api_version"": null}"
463,Blue_Eye_Samurai_S01E01,scene_012_static_000_num01024_sim51.jpg,Production Finance and Accounting,,Sandrine Vellieux,Administration/Financial Director,Production Finance and Accounting,,second_half,1024,pending,1,sandrine vellieux,,gp0000156,internal_assigned,,,"{""timestamp"": ""2026-10-03T14:13:59.867647+00:00"", ""model"": ""gemma-4-12b-it-qat-q4_0.gguf"", ""api_version"": null}"
464,Blue_Eye_Samurai_S01E01,scene_012_static_000_num01024_sim51.jpg,Production Department,,Caroline Pines,Production Assistant,Production Department,,second_half,1024,pending,1,caroline pines,,,ambiguous,"[{""nconst"": ""nm0897069"", ""normalized_name"": ""caroline vignes"", ""normalized_name_with_nickname"": null, ""primaryName"": ""Caroline Vignes"", ""primaryProfession"": ""miscellaneous,actress"", ""birthYear"": null, ""deathYear"": null, ""fuzzy_similarity"": ""90"", ""matched_string"": ""caroline vignes""}, {""nconst"": ""nm13078167"", ""normalized_name"": ""caroline pineda"", ""normalized_name_with_nickname"": null, ""primaryName"": ""Caroline Pineda"", ""primaryProfession"": ""miscellaneous"", ""birthYear"": null, ""deathYear"": null, ""fuzzy_similarity"": ""90"", ""matched_string"": ""caroline pineda""}, {""nconst"": ""nm7332592"", ""normalized_name"": ""caroline ives"", ""normalized_name_with_nickname"": null, ""primaryName"": ""Caroline Ives"", ""primaryProfession"": ""production_department"", ""birthYear"": null, ""deathYear"": null, ""fuzzy_similarity"": ""89"", ""matched_string"": ""caroline ives""}]",,"{""timestamp"": ""2026-10-03T14:13:59.867647+00:00"", ""model"": ""gemma-4-12b-it-qat-q4_0.gguf"", ""api_version"": null}"
465,Blue_Eye_Samurai_S01E01,scene_012_static_000_num01024_sim51.jpg,Production Department,,Laetitia Bernard,Production Progress Manager,Production Department,,second_half,1024,pending,1,laetitia bernard,,,manual_required,"[{""nconst"": ""nm12726499"", ""normalized_name"": ""laetitia bernard"", ""normalized_name_with_nickname"": null, ""primaryName"": ""Laetitia Bernard"", ""primaryProfession"": ""art_department"", ""birthYear"": null, ""deathYear"": null}]",,"{""timestamp"": ""2026-10-03T14:13:59.867647+00:00"", ""model"": ""gemma-4-12b-it-qat-q4_0.gguf"", ""api_version"": null}"
466,Blue_Eye_Samurai_S01E01,scene_012_static_000_num01024_sim51.jpg,Production Finance and Accounting,,Hélène Menanteau,Administration/Finance Officer,Production Finance and Accounting,,second_half,1024,pending,1,helene menanteau,,gp0000115,internal_assigned,,,"{""timestamp"": ""2026-10-03T14:13:59.867647+00:00"", ""model"": ""gemma-4-12b-it-qat-q4_0.gguf"", ""api_version"": null}"
467,Blue_Eye_Samurai_S01E01,scene_012_static_000_num01024_sim51.jpg,Production Finance and Accounting,,Marie Fam,Production Accountants,Production Finance and Accounting,,second_half,1024,pending,1,marie fam,,nm14611099,auto_assigned,,Marie Fam,"{""timestamp"": ""2026-10-03T14:13:59.867647+00:00"", ""model"": ""gemma-4-12b-it-qat-q4_0.gguf"", ""api_version"": null}"
468,Blue_Eye_Samurai_S01E01,scene_012_static_000_num01024_sim51.jpg,Production Finance and Accounting,,Laetitia Godec,Production Accountants,Production Finance and Accounting,,second_half,1024,pending,1,laetitia godec,,nm11910180,auto_assigned,,Laëtitia Godès,"{""timestamp"": ""2026-10-03T14:13:59.867647+00:00"", ""model"": ""gemma-4-12b-it-qat-q4_0.gguf"", ""api_version"": null}"
469,Blue_Eye_Samurai_S01E01,scene_012_static_000_num01024_sim51.jpg,Production Finance and Accounting,,David Munoz,Production Accountants,Production Finance and Accounting,,second_half,1024,pending,1,david munoz,,,ambiguous,"[{""nconst"": ""nm15518964"", ""normalized_name"": ""david munoz"", ""normalized_name_with_nickname"": null, ""primaryName"": ""David Mu\u00f1oz"", ""primaryProfession"": ""miscellaneous"", ""birthYear"": null, ""deathYear"": null}, {""nconst"": ""nm1614383"", ""normalized_name"": ""david munoz"", ""normalized_name_with_nickname"": null, ""primaryName"": ""David Mu\u00f1oz"", ""primaryProfession"": ""miscellaneous,art_department"", ""birthYear"": null, ""deathYear"": null}]",,"{""timestamp"": ""2026-10-03T14:13:59.867647+00:00"", ""model"": ""gemma-4-12b-it-qat-q4_0.gguf"", ""api_version"": null}"
470,Blue_Eye_Samurai_S01E01,scene_012_static_000_num01024_sim51.jpg,Production Department,,Marine Breau,Studio Assistant,Production Department,,second_half,1024,pending,1,marine breau,,gp0000140,internal_assigned,,,"{""timestamp"": ""2026-10-03T14:13:59.867647+00:00"", ""model"": ""gemma-4-12b-it-qat-q4_0.gguf"", ""api_version"": null}"
471,Blue_Eye_Samurai_S01E01,scene_012_static_000_num01024_sim51.jpg,Production Department,,Eve Chancellé,Studio Coordinator,Production Department,,second_half,1024,pending,1,eve chancelle,,,manual_required,"[{""nconst"": ""nm10442852"", ""normalized_name"": ""eve chancelle"", ""normalized_name_with_nickname"": null, ""primaryName"": ""Eve Chancelle"", ""primaryProfession"": ""visual_effects"", ""birthYear"": null, ""deathYear"": null}]",,"{""timestamp"": ""2026-10-03T14:13:59.867647+00:00"", ""model"": ""gemma-4-12b-it-qat-q4_0.gguf"", ""api_version"": null}"
472,Blue_Eye_Samurai_S01E01,"scene_012_static_000_num01024_sim51.jpg,scene_012_static_002_num01084_sim47.jpg",Production Companies,,BLUE SPIRIT PRODUCTIONS,BLUE SPIRIT PRODUCTIONS,Production Companies,,second_half,"1024,1084",pending,0,blue spirit productions,,cm0000037,internal_assigned,,,"{""timestamp"": ""2026-10-03T14:13:59.867647+00:00"", ""model"": ""gemma-4-12b-it-qat-q4_0.gguf"", ""api_version"": null}"
473,Blue_Eye_Samurai_S01E01,scene_012_static_001_num01060_sim42.jpg,Art Department,,MAXIME CASTEJON,BACKGROUND SUPERVISOR,Art Department,,second_half,1060,pending,1,maxime castejon,,,manual_required,"[{""nconst"": ""nm14449535"", ""normalized_name"": ""maxime castejon"", ""normalized_name_with_nickname"": null, ""primaryName"": ""Maxime Castejon"", ""primaryProfession"": null, ""birthYear"": null, ""deathYear"": null}]",,"{""timestamp"": ""2026-10-03T14:13:59.867647+00:00"", ""model"": ""gemma-4-12b-it-qat-q4_0.gguf"", ""api_version"": null}"
474,Blue_Eye_Samurai_S01E01,scene_012_static_001_num01060_sim42.jpg,Art Department,,GUILLAUME RONTEIX,Head of Props/Environments,Art Department,,second_half,1060,pending,1,guillaume ronteix,,gp0000106,internal_assigned,,,"{""timestamp"": ""2026-10-03T14:13:59.867647+00:00"", ""model"": ""gemma-4-12b-it-qat-q4_0.gguf"", ""api_version"": null}"
475,Blue_Eye_Samurai_S01E01,scene_012_static_001_num01060_sim42.jpg,Art Department,,MANON BAILLY,BACKGROUND ARTISTS,Art Department,,second_half,1060,pending,1,manon bailly,,gp0000137,internal_assigned,,,"{""timestamp"": ""2026-10-03T14:13:59.867647+00:00"", ""model"": ""gemma-4-12b-it-qat-q4_0.gguf"", ""api_version"": null}"
476,Blue_Eye_Samurai_S01E01,scene_012_static_001_num01060_sim42.jpg,Art Department,,CHLOÉ BARQUIN,BACKGROUND ARTISTS,Art Department,,second_half,1060,pending,1,chloe barquin,,gp0000092,internal_assigned,,,"{""timestamp"": ""2026-10-03T14:13:59.867647+00:00"", ""model"": ""gemma-4-12b-it-qat-q4_0.gguf"", ""api_version"": null}"
477,Blue_Eye_Samurai_S01E01,scene_012_static_001_num01060_sim42.jpg,Art Department,,Loline BONGIRAUD,BACKGROUND ARTISTS,Art Department,,second_half,1060,pending,1,loline bongiraud,,gp0000133,internal_assigned,,,"{""timestamp"": ""2026-10-03T14:13:59.867647+00:00"", ""model"": ""gemma-4-12b-it-qat-q4_0.gguf"", ""api_version"": null}"
478,Blue_Eye_Samurai_S01E01,scene_012_static_001_num01060_sim42.jpg,Art Department,,CHRISTELLE DHOMÉ,BACKGROUND ARTISTS,Art Department,,second_half,1060,pending,1,christelle dhome,,nm7222250,auto_assigned,,Christelle Dhomé,"{""timestamp"": ""2026-10-03T14:13:59.867647+00:00"", ""model"": ""gemma-4-12b-it-qat-q4_0.gguf"", ""api_version"": null}"
479,Blue_Eye_Samurai_S01E01,scene_012_static_001_num01060_sim42.jpg,Art Department,,OLIVIER JAMET,BACKGROUND ARTISTS,Art Department,,second_half,1060,pending,1,olivier jamet,,nm7455881,auto_assigned,,Olivier Jamet,"{""timestamp"": ""2026-10-03T14:13:59.867647+00:00"", ""model"": ""gemma-4-12b-it-qat-q4_0.gguf"", ""api_version"": null}"
480,Blue_Eye_Samurai_S01E01,scene_012_static_001_num01060_sim42.jpg,Art Department,,ALEXANDRE LARCHER,BACKGROUND ARTISTS,Art Department,,second_half,1060,pending,1,alexandre larcher,,nm15752693,auto_assigned,,Alexandre Larcher,"{""timestamp"": ""2026-10-03T14:13:59.867647+00:00"", ""model"": ""gemma-4-12b-it-qat-q4_0.gguf"", ""api_version"": null}"
481,Blue_Eye_Samurai_S01E01,scene_012_static_001_num01060_sim42.jpg,Art Department,,JULIANA MACKOWIAK,BACKGROUND ARTISTS,Art Department,,second_half,1060,pending,1,juliana mackowiak,,gp0000121,internal_assigned,,,"{""timestamp"": ""2026-10-03T14:13:59.867647+00:00"", ""model"": ""gemma-4-12b-it-qat-q4_0.gguf"", ""api_version"": null}"
482,Blue_Eye_Samurai_S01E01,scene_012_static_001_num01060_sim42.jpg,Art Department,,CASSANDRA MARTINEAU,BACKGROUND ARTISTS,Art Department,,second_half,1060,pending,1,cassandra martineau,,,manual_required,"[{""nconst"": ""nm11736934"", ""normalized_name"": ""cassandra martineau"", ""normalized_name_with_nickname"": null, ""primaryName"": ""Cassandra Martineau"", ""primaryProfession"": ""director"", ""birthYear"": null, ""deathYear"": null}]",,"{""timestamp"": ""2026-10-03T14:13:59.867647+00:00"", ""model"": ""gemma-4-12b-it-qat-q4_0.gguf"", ""api_version"": null}"
483,Blue_Eye_Samurai_S01E01,scene_012_static_001_num01060_sim42.jpg,Art Department,,TRISTAN REYNE,BACKGROUND ARTISTS,Art Department,,second_half,1060,pending,1,tristan reyne,,gp0000159,internal_assigned,,,"{""timestamp"": ""2026-10-03T14:13:59.867647+00:00"", ""model"": ""gemma-4-12b-it-qat-q4_0.gguf"", ""api_version"": null}"
484,Blue_Eye_Samurai_S01E01,scene_012_static_001_num01060_sim42.jpg,Art Department,,CONSTANCE VERMARE,BACKGROUND ARTISTS,Art Department,,second_half,1060,pending,1,constance vermare,,gp0000093,internal_assigned,,,"{""timestamp"": ""2026-10-03T14:13:59.867647+00:00"", ""model"": ""gemma-4-12b-it-qat-q4_0.gguf"", ""api_version"": null}"
485,Blue_Eye_Samurai_S01E01,scene_012_static_001_num01060_sim42.jpg,Art Department,,ALESSANDRO MASTANDREA,Props/Environments SUPERVISOR,Art Department,,second_half,1060,pending,1,alessandro mastandrea,,,manual_required,"[{""nconst"": ""nm10392821"", ""normalized_name"": ""alessandro mastandrea"", ""normalized_name_with_nickname"": null, ""primaryName"": ""Alessandro Mastandrea"", ""primaryProfession"": ""visual_effects"", ""birthYear"": null, ""deathYear"": null}]",,"{""timestamp"": ""2026-10-03T14:13:59.867647+00:00"", ""model"": ""gemma-4-12b-it-qat-q4_0.gguf"", ""api_version"": null}"
486,Blue_Eye_Samurai_S01E01,scene_012_static_001_num01060_sim42.jpg,Visual Effects,,AMELIA ARSLANE,MODELING/TEXTURING,Visual Effects,,second_half,1060,pending,1,amelia arslane,,nm15176897,auto_assigned,,Amélia Arslane,"{""timestamp"": ""2026-10-03T14:13:59.867647+00:00"", ""model"": ""gemma-4-12b-it-qat-q4_0.gguf"", ""api_version"": null}"
487,Blue_Eye_Samurai_S01E01,scene_012_static_001_num01060_sim42.jpg,Visual Effects,,WILLIAM BRAGINETZ,MODELING/TEXTURING,Visual Effects,,second_half,1060,pending,1,william braginetz,,gp0000168,internal_assigned,,,"{""timestamp"": ""2026-10-03T14:13:59.867647+00:00"", ""model"": ""gemma-4-12b-it-qat-q4_0.gguf"", ""api_version"": null}"
488,Blue_Eye_Samurai_S01E01,scene_012_static_001_num01060_sim42.jpg,Visual Effects,,QIAOFU DUAN,MODELING/TEXTURING,Visual Effects,,second_half,1060,pending,1,qiaofu duan,,gp0000152,internal_assigned,,,"{""timestamp"": ""2026-10-03T14:13:59.867647+00:00"", ""model"": ""gemma-4-12b-it-qat-q4_0.gguf"", ""api_version"": null}"
489,Blue_Eye_Samurai_S01E01,scene_012_static_001_num01060_sim42.jpg,Visual Effects,,NAMI LEMAL,MODELING/TEXTURING,Visual Effects,,second_half,1060,pending,1,nami lemal,,gp0000145,internal_assigned,,,"{""timestamp"": ""2026-10-03T14:13:59.867647+00:00"", ""model"": ""gemma-4-12b-it-qat-q4_0.gguf"", ""api_version"": null}"
490,Blue_Eye_Samurai_S01E01,scene_012_static_001_num01060_sim42.jpg,Visual Effects,,RAPHAEL LOWE,MODELING/TEXTURING,Visual Effects,,second_half,1060,pending,1,raphael lowe,,gp0000153,internal_assigned,,,"{""timestamp"": ""2026-10-03T14:13:59.867647+00:00"", ""model"": ""gemma-4-12b-it-qat-q4_0.gguf"", ""api_version"": null}"
491,Blue_Eye_Samurai_S01E01,scene_012_static_001_num01060_sim42.jpg,Visual Effects,,ARMEL PE,MODELING/TEXTURING,Visual Effects,,second_half,1060,pending,1,armel pe,,gp0000079,internal_assigned,,,"{""timestamp"": ""2026-10-03T14:13:59.867647+00:00"", ""model"": ""gemma-4-12b-it-qat-q4_0.gguf"", ""api_version"": null}"
492,Blue_Eye_Samurai_S01E01,scene_012_static_001_num01060_sim42.jpg,Visual Effects,,KEVIN ST-AMANT,MODELING/TEXTURING,Visual Effects,,second_half,1060,pending,1,kevin st amant,,gp0000125,internal_assigned,,,"{""timestamp"": ""2026-10-03T14:13:59.867647+00:00"", ""model"": ""gemma-4-12b-it-qat-q4_0.gguf"", ""api_version"": null}"
493,Blue_Eye_Samurai_S01E01,scene_012_static_002_num01084_sim47.jpg,Visual Effects,,Amélie Moussu,Head of Layout,Visual Effects,,second_half,1084,pending,1,amelie moussu,,gp0000084,internal_assigned,,,"{""timestamp"": ""2026-10-03T14:13:59.867647+00:00"", ""model"": ""gemma-4-12b-it-qat-q4_0.gguf"", ""api_version"": null}"
494,Blue_Eye_Samurai_S01E01,scene_012_static_002_num01084_sim47.jpg,Visual Effects,,Simon Pollet,Head of Rigging,Visual Effects,,second_half,1084,pending,1,simon pollet,,,manual_required,"[{""nconst"": ""nm12362254"", ""normalized_name"": ""simon pollet"", ""normalized_name_with_nickname"": null, ""primaryName"": ""Simon Pollet"", ""primaryProfession"": ""animation_department"", ""birthYear"": null, ""deathYear"": null}]",,"{""timestamp"": ""2026-10-03T14:13:59.867647+00:00"", ""model"": ""gemma-4-12b-it-qat-q4_0.gguf"", ""api_version"": null}"
495,Blue_Eye_Samurai_S01E01,scene_012_static_002_num01084_sim47.jpg,Visual Effects,,Michaël Dreno,Layout Supervisors,Visual Effects,,second_half,1084,pending,1,michael dreno,,,ambiguous,"[{""nconst"": ""nm11306178"", ""normalized_name"": ""michael drew"", ""normalized_name_with_nickname"": null, ""primaryName"": ""Michael Drew"", ""primaryProfession"": ""visual_effects"", ""birthYear"": null, ""deathYear"": null, ""fuzzy_similarity"": ""88"", ""matched_string"": ""michael drew""}, {""nconst"": ""nm4638408"", ""normalized_name"": ""michael dean"", ""normalized_name_with_nickname"": null, ""primaryName"": ""Michael Dean"", ""primaryProfession"": ""visual_effects,camera_department,editor"", ""birthYear"": null, ""deathYear"": null, ""fuzzy_similarity"": ""88"", ""matched_string"": ""michael dean""}, {""nconst"": ""nm7381526"", ""normalized_name"": ""michael dean"", ""normalized_name_with_nickname"": null, ""primaryName"": ""Michael Dean"", ""primaryProfession"": ""visual_effects,actor,special_effects"", ""birthYear"": null, ""deathYear"": null, ""fuzzy_similarity"": ""88"", ""matched_string"": ""michael dean""}]",,"{""timestamp"": ""2026-10-03T14:13:59.867647+00:00"", ""model"": ""gemma-4-12b-it-qat-q4_0.gguf"", ""api_version"": null}"
496,Blue_Eye_Samurai_S01E01,scene_012_static_002_num01084_sim47.jpg,Visual Effects,,Benjamin Séville,Layout Supervisors,Visual Effects,,second_half,1084,pending,1,benjamin seville,,gp0000091,internal_assigned,,,"{""timestamp"": ""2026-10-03T14:13:59.867647+00:00"", ""model"": ""gemma-4-12b-it-qat-q4_0.gguf"", ""api_version"": null}"
497,Blue_Eye_Samurai_S01E01,scene_012_static_002_num01084_sim47.jpg,Visual Effects,,Clémence Ridon,Rigging Supervisors,Visual Effects,,second_half,1084,pending,1,clemence ridon,,,manual_required,"[{""nconst"": ""nm14609716"", ""normalized_name"": ""clemence ridon"", ""normalized_name_with_nickname"": null, ""primaryName"": ""Cl\u00e9mence Ridon"", ""primaryProfession"": ""animation_department"", ""birthYear"": null, ""deathYear"": null}]",,"{""timestamp"": ""2026-10-03T14:13:59.867647+00:00"", ""model"": ""gemma-4-12b-it-qat-q4_0.gguf"", ""api_version"": null}"
498,Blue_Eye_Samurai_S01E01,scene_012_static_002_num01084_sim47.jpg,Visual Effects,,Camilla Debaix-Martin,Rigging Supervisors,Visual Effects,,second_half,1084,pending,1,camilla debaix martin,,gp0000094,internal_assigned,,,"{""timestamp"": ""2026-10-03T14:13:59.867647+00:00"", ""model"": ""gemma-4-12b-it-qat-q4_0.gguf"", ""api_version"": null}"
499,Blue_Eye_Samurai_S01E01,scene_012_static_002_num01084_sim47.jpg,Visual Effects,,Laurent Chauvet-Campert,Layout Artists,Visual Effects,,second_half,1084,pending,1,laurent chauvet campert,,gp0000132,internal_assigned,,,"{""timestamp"": ""2026-10-03T14:13:59.867647+00:00"", ""model"": ""gemma-4-12b-it-qat-q4_0.gguf"", ""api_version"": null}"
500,Blue_Eye_Samurai_S01E01,scene_012_static_002_num01084_sim47.jpg,Visual Effects,,Laure Drevet,Layout Artists,Visual Effects,,second_half,1084,pending,1,laure drevet,,gp0000130,internal_assigned,,,"{""timestamp"": ""2026-10-03T14:13:59.867647+00:00"", ""model"": ""gemma-4-12b-it-qat-q4_0.gguf"", ""api_version"": null}"
501,Blue_Eye_Samurai_S01E01,scene_012_static_002_num01084_sim47.jpg,Visual Effects,,Tanguy Girard,Layout Artists,Visual Effects,,second_half,1084,pending,1,tanguy girard,,,manual_required,"[{""nconst"": ""nm11918324"", ""normalized_name"": ""tanguy girard"", ""normalized_name_with_nickname"": null, ""primaryName"": ""Tanguy Girard"", ""primaryProfession"": ""director,writer"", ""birthYear"": null, ""deathYear"": null}]",,"{""timestamp"": ""2026-10-03T14:13:59.867647+00:00"", ""model"": ""gemma-4-12b-it-qat-q4_0.gguf"", ""api_version"": null}"
502,Blue_Eye_Samurai_S01E01,scene_012_static_002_num01084_sim47.jpg,Visual Effects,,Timothée Kowalyk,Layout Artists,Visual Effects,,second_half,1084,pending,1,timothee kowalyk,,gp0000161,internal_assigned,,,"{""timestamp"": ""2026-10-03T14:13:59.867647+00:00"", ""model"": ""gemma-4-12b-it-qat-q4_0.gguf"", ""api_version"": null}"
503,Blue_Eye_Samurai_S01E01,scene_012_static_002_num01084_sim47.jpg,Visual Effects,,Nadia Leblanc,Layout Artists,Visual Effects,,second_half,1084,pending,1,nadia leblanc,,nm7641129,auto_assigned,,Nadja Leblanc,"{""timestamp"": ""2026-10-03T14:13:59.867647+00:00"", ""model"": ""gemma-4-12b-it-qat-q4_0.gguf"", ""api_version"": null}"
504,Blue_Eye_Samurai_S01E01,scene_012_static_002_num01084_sim47.jpg,Visual Effects,,Lorenzo Perronnaud,Layout Artists,Visual Effects,,second_half,1084,pending,1,lorenzo perronnaud,,nm11269154,auto_assigned,,Lorenzo Perronnaud,"{""timestamp"": ""2026-10-03T14:13:59.867647+00:00"", ""model"": ""gemma-4-12b-it-qat-q4_0.gguf"", ""api_version"": null}"
505,Blue_Eye_Samurai_S01E01,scene_012_static_002_num01084_sim47.jpg,Visual Effects,,Guillaume Alaphilippe,Riggers,Visual Effects,,second_half,1084,pending,1,guillaume alaphilippe,,gp0000110,internal_assigned,,,"{""timestamp"": ""2026-10-03T14:13:59.867647+00:00"", ""model"": ""gemma-4-12b-it-qat-q4_0.gguf"", ""api_version"": null}"
506,Blue_Eye_Samurai_S01E01,scene_012_static_002_num01084_sim47.jpg,Visual Effects,,Husna Atchia,Riggers,Visual Effects,,second_half,1084,pending,1,husna atchia,,gp0000114,internal_assigned,,,"{""timestamp"": ""2026-10-03T14:13:59.867647+00:00"", ""model"": ""gemma-4-12b-it-qat-q4_0.gguf"", ""api_version"": null}"
507,Blue_Eye_Samurai_S01E01,scene_012_static_002_num01084_sim47.jpg,Visual Effects,,Titian Cocault,Riggers,Visual Effects,,second_half,1084,pending,1,titian cocault,,gp0000162,internal_assigned,,,"{""timestamp"": ""2026-10-03T14:13:59.867647+00:00"", ""model"": ""gemma-4-12b-it-qat-q4_0.gguf"", ""api_version"": null}"
508,Blue_Eye_Samurai_S01E01,scene_012_static_002_num01084_sim47.jpg,Visual Effects,,Matthieu Dehaies,Riggers,Visual Effects,,second_half,1084,pending,1,matthieu dehaies,,gp0000143,internal_assigned,,,"{""timestamp"": ""2026-10-03T14:13:59.867647+00:00"", ""model"": ""gemma-4-12b-it-qat-q4_0.gguf"", ""api_version"": null}"
509,Blue_Eye_Samurai_S01E01,scene_012_static_002_num01084_sim47.jpg,Visual Effects,,Dorian Forget,Riggers,Visual Effects,,second_half,1084,pending,1,dorian forget,,nm14512148,auto_assigned,,Dorian Forget,"{""timestamp"": ""2026-10-03T14:13:59.867647+00:00"", ""model"": ""gemma-4-12b-it-qat-q4_0.gguf"", ""api_version"": null}"
510,Blue_Eye_Samurai_S01E01,scene_012_static_002_num01084_sim47.jpg,Visual Effects,,Denis Gantet,Riggers,Visual Effects,,second_half,1084,pending,1,denis gantet,,,manual_required,"[{""nconst"": ""nm13296305"", ""normalized_name"": ""denis gantet"", ""normalized_name_with_nickname"": null, ""primaryName"": ""Denis Gantet"", ""primaryProfession"": ""animation_department"", ""birthYear"": null, ""deathYear"": null}]",,"{""timestamp"": ""2026-10-03T14:13:59.867647+00:00"", ""model"": ""gemma-4-12b-it-qat-q4_0.gguf"", ""api_version"": null}"
511,Blue_Eye_Samurai_S01E01,"scene_012_static_002_num01084_sim47.jpg,scene_014_static_000_num01164_sim40.jpg",Visual Effects,,Tristan Hélaine,Riggers,Visual Effects,,second_half,"1084,1164",pending,1,tristan helaine,,nm7335964,auto_assigned,,Tristan Hélaine,"{""timestamp"": ""2026-10-03T14:13:59.867647+00:00"", ""model"": ""gemma-4-12b-it-qat-q4_0.gguf"", ""api_version"": null}"
512,Blue_Eye_Samurai_S01E01,scene_012_static_002_num01084_sim47.jpg,Visual Effects,,Louise Robin,Riggers,Visual Effects,,second_half,1084,pending,1,louise robin,,gp0000135,internal_assigned,,,"{""timestamp"": ""2026-10-03T14:13:59.867647+00:00"", ""model"": ""gemma-4-12b-it-qat-q4_0.gguf"", ""api_version"": null}"
513,Blue_Eye_Samurai_S01E01,scene_012_static_002_num01084_sim47.jpg,Visual Effects,,Nicolas Seigneur,Riggers,Visual Effects,,second_half,1084,pending,1,nicolas seigneur,,nm17321650,auto_assigned,,Nicolas Seigneur,"{""timestamp"": ""2026-10-03T14:13:59.867647+00:00"", ""model"": ""gemma-4-12b-it-qat-q4_0.gguf"", ""api_version"": null}"
514,Blue_Eye_Samurai_S01E01,scene_012_static_002_num01084_sim47.jpg,Visual Effects,,Baptiste Sénégas,Riggers,Visual Effects,,second_half,1084,pending,1,baptiste senegas,,nm14512146,auto_assigned,,Baptiste Senegas,"{""timestamp"": ""2026-10-03T14:13:59.867647+00:00"", ""model"": ""gemma-4-12b-it-qat-q4_0.gguf"", ""api_version"": null}"
515,Blue_Eye_Samurai_S01E01,scene_012_static_005_num01132_sim100.jpg,Visual Effects,,Maxime Baron,Head of Character,Visual Effects,,second_half,1132,pending,1,maxime baron,,,ambiguous,"[{""nconst"": ""nm6119479"", ""normalized_name"": ""maxime caron"", ""normalized_name_with_nickname"": null, ""primaryName"": ""Maxime Caron"", ""primaryProfession"": ""visual_effects,writer,miscellaneous"", ""birthYear"": null, ""deathYear"": null, ""fuzzy_similarity"": ""92"", ""matched_string"": ""maxime caron""}, {""nconst"": ""nm7186927"", ""normalized_name"": ""maxime barou"", ""normalized_name_with_nickname"": null, ""primaryName"": ""Maxime Barou"", ""primaryProfession"": ""visual_effects"", ""birthYear"": null, ""deathYear"": null, ""fuzzy_similarity"": ""92"", ""matched_string"": ""maxime barou""}]",,"{""timestamp"": ""2026-10-03T14:13:59.867647+00:00"", ""model"": ""gemma-4-12b-it-qat-q4_0.gguf"", ""api_version"": null}"
516,Blue_Eye_Samurai_S01E01,scene_012_static_005_num01132_sim100.jpg,Visual Effects,,Agnès Chevreau,Head of Animation,Visual Effects,,second_half,1132,pending,1,agnes chevreau,,,manual_required,"[{""nconst"": ""nm4742281"", ""normalized_name"": ""agnes chevreau"", ""normalized_name_with_nickname"": null, ""primaryName"": ""Agn\u00e8s Chevreau"", ""primaryProfession"": ""animation_department"", ""birthYear"": null, ""deathYear"": null}]",,"{""timestamp"": ""2026-10-03T14:13:59.867647+00:00"", ""model"": ""gemma-4-12b-it-qat-q4_0.gguf"", ""api_version"": null}"
517,Blue_Eye_Samurai_S01E01,scene_012_static_005_num01132_sim100.jpg,Visual Effects,,Arnaud Caussanel,Character Supervisors,Visual Effects,,second_half,1132,pending,1,arnaud caussanel,,nm14541367,auto_assigned,,Arnaud Caussanel,"{""timestamp"": ""2026-10-03T14:13:59.867647+00:00"", ""model"": ""gemma-4-12b-it-qat-q4_0.gguf"", ""api_version"": null}"
518,Blue_Eye_Samurai_S01E01,scene_012_static_005_num01132_sim100.jpg,Visual Effects,,Laura Peyrou,Character Supervisors,Visual Effects,,second_half,1132,pending,1,laura peyrou,,gp0000129,internal_assigned,,,"{""timestamp"": ""2026-10-03T14:13:59.867647+00:00"", ""model"": ""gemma-4-12b-it-qat-q4_0.gguf"", ""api_version"": null}"
519,Blue_Eye_Samurai_S01E01,scene_012_static_005_num01132_sim100.jpg,Visual Effects,,Guillaume Ribera,Character Supervisors,Visual Effects,,second_half,1132,pending,1,guillaume ribera,,,ambiguous,"[{""nconst"": ""nm13789025"", ""normalized_name"": ""guillaume robert"", ""normalized_name_with_nickname"": null, ""primaryName"": ""Guillaume Robert"", ""primaryProfession"": ""visual_effects,animation_department"", ""birthYear"": null, ""deathYear"": null, ""fuzzy_similarity"": ""88"", ""matched_string"": ""guillaume robert""}, {""nconst"": ""nm6667893"", ""normalized_name"": ""guillaume renier"", ""normalized_name_with_nickname"": null, ""primaryName"": ""Guillaume Renier"", ""primaryProfession"": ""visual_effects,director,animation_department"", ""birthYear"": null, ""deathYear"": null, ""fuzzy_similarity"": ""88"", ""matched_string"": ""guillaume renier""}]",,"{""timestamp"": ""2026-10-03T14:13:59.867647+00:00"", ""model"": ""gemma-4-12b-it-qat-q4_0.gguf"", ""api_version"": null}"
520,Blue_Eye_Samurai_S01E01,scene_012_static_005_num01132_sim100.jpg,Visual Effects,,Matthieu Barnier,Animation Supervisors,Visual Effects,,second_half,1132,pending,1,matthieu barnier,,,ambiguous,"[{""nconst"": ""nm7994778"", ""normalized_name"": ""matthieu baranger"", ""normalized_name_with_nickname"": null, ""primaryName"": ""Matthieu Baranger"", ""primaryProfession"": ""art_department,animation_department,visual_effects"", ""birthYear"": null, ""deathYear"": null, ""fuzzy_similarity"": ""91"", ""matched_string"": ""matthieu baranger""}, {""nconst"": ""nm4556178"", ""normalized_name"": ""matthieu barbie"", ""normalized_name_with_nickname"": null, ""primaryName"": ""Matthieu Barbi\u00e9"", ""primaryProfession"": ""visual_effects,miscellaneous,animation_department"", ""birthYear"": null, ""deathYear"": null, ""fuzzy_similarity"": ""90"", ""matched_string"": ""matthieu barbie""}, {""nconst"": ""nm4649787"", ""normalized_name"": ""matthieu bonnier"", ""normalized_name_with_nickname"": null, ""primaryName"": ""Matthieu Bonnier"", ""primaryProfession"": ""visual_effects,editor,animation_department"", ""birthYear"": null, ""deathYear"": null, ""fuzzy_similarity"": ""88"", ""matched_string"": ""matthieu bonnier""}]",,"{""timestamp"": ""2026-10-03T14:13:59.867647+00:00"", ""model"": ""gemma-4-12b-it-qat-q4_0.gguf"", ""api_version"": null}"
521,Blue_Eye_Samurai_S01E01,scene_012_static_005_num01132_sim100.jpg,Visual Effects,,Christophe Menchior,Animation Supervisors,Visual Effects,,second_half,1132,pending,1,christophe menchior,,,manual_required,"[{""nconst"": ""nm6270531"", ""normalized_name"": ""christophe menchior"", ""normalized_name_with_nickname"": null, ""primaryName"": ""Christophe Menchior"", ""primaryProfession"": ""animation_department"", ""birthYear"": null, ""deathYear"": null}]",,"{""timestamp"": ""2026-10-03T14:13:59.867647+00:00"", ""model"": ""gemma-4-12b-it-qat-q4_0.gguf"", ""api_version"": null}"
522,Blue_Eye_Samurai_S01E01,scene_012_static_005_num01132_sim100.jpg,Visual Effects,,Anna Beneton-Boisson,Modeling / Texturing,Visual Effects,,second_half,1132,pending,1,anna beneton boisson,,gp0000086,internal_assigned,,,"{""timestamp"": ""2026-10-03T14:13:59.867647+00:00"", ""model"": ""gemma-4-12b-it-qat-q4_0.gguf"", ""api_version"": null}"
523,Blue_Eye_Samurai_S01E01,scene_012_static_005_num01132_sim100.jpg,Visual Effects,,Alexis Capitant,Modeling / Texturing,Visual Effects,,second_half,1132,pending,1,alexis capitant,,nm14609725,auto_assigned,,Alexis Capitaine,"{""timestamp"": ""2026-10-03T14:13:59.867647+00:00"", ""model"": ""gemma-4-12b-it-qat-q4_0.gguf"", ""api_version"": null}"
524,Blue_Eye_Samurai_S01E01,scene_012_static_005_num01132_sim100.jpg,Visual Effects,,Bastien Carte,Modeling / Texturing,Visual Effects,,second_half,1132,pending,1,bastien carte,,gp0000089,internal_assigned,,,"{""timestamp"": ""2026-10-03T14:13:59.867647+00:00"", ""model"": ""gemma-4-12b-it-qat-q4_0.gguf"", ""api_version"": null}"
525,Blue_Eye_Samurai_S01E01,scene_012_static_005_num01132_sim100.jpg,Visual Effects,,Keziah Chambertin,Modeling / Texturing,Visual Effects,,second_half,1132,pending,1,keziah chambertin,,gp0000127,internal_assigned,,,"{""timestamp"": ""2026-10-03T14:13:59.867647+00:00"", ""model"": ""gemma-4-12b-it-qat-q4_0.gguf"", ""api_version"": null}"
526,Blue_Eye_Samurai_S01E01,scene_012_static_005_num01132_sim100.jpg,Visual Effects,,Clement Dubois,Modeling / Texturing,Visual Effects,,second_half,1132,pending,1,clement dubois,,nm14547226,auto_assigned,,Clement Dubois,"{""timestamp"": ""2026-10-03T14:13:59.867647+00:00"", ""model"": ""gemma-4-12b-it-qat-q4_0.gguf"", ""api_version"": null}"
527,Blue_Eye_Samurai_S01E01,scene_012_static_005_num01132_sim100.jpg,Visual Effects,,Elie Dutrieux,Modeling / Texturing,Visual Effects,,second_half,1132,pending,1,elie dutrieux,,gp0000101,internal_assigned,,,"{""timestamp"": ""2026-10-03T14:13:59.867647+00:00"", ""model"": ""gemma-4-12b-it-qat-q4_0.gguf"", ""api_version"": null}"
528,Blue_Eye_Samurai_S01E01,scene_012_static_005_num01132_sim100.jpg,Visual Effects,,Dan Tam Ho-Monteiro,Modeling / Texturing,Visual Effects,,second_half,1132,pending,1,dan tam ho monteiro,,gp0000099,internal_assigned,,,"{""timestamp"": ""2026-10-03T14:13:59.867647+00:00"", ""model"": ""gemma-4-12b-it-qat-q4_0.gguf"", ""api_version"": null}"
529,Blue_Eye_Samurai_S01E01,scene_012_static_005_num01132_sim100.jpg,Visual Effects,,Laetitia Jalabert,Modeling / Texturing,Visual Effects,,second_half,1132,pending,1,laetitia jalabert,,gp0000128,internal_assigned,,,"{""timestamp"": ""2026-10-03T14:13:59.867647+00:00"", ""model"": ""gemma-4-12b-it-qat-q4_0.gguf"", ""api_version"": null}"
530,Blue_Eye_Samurai_S01E01,scene_012_static_005_num01132_sim100.jpg,Visual Effects,,Margaux Latapie,Modeling / Texturing,Visual Effects,,second_half,1132,pending,1,margaux latapie,,,manual_required,"[{""nconst"": ""nm14203253"", ""normalized_name"": ""margaux latapie"", ""normalized_name_with_nickname"": null, ""primaryName"": ""Margaux Latapie"", ""primaryProfession"": ""director"", ""birthYear"": null, ""deathYear"": null}]",,"{""timestamp"": ""2026-10-03T14:13:59.867647+00:00"", ""model"": ""gemma-4-12b-it-qat-q4_0.gguf"", ""api_version"": null}"
531,Blue_Eye_Samurai_S01E01,scene_012_static_005_num01132_sim100.jpg,Visual Effects,,Thibaud Garrigos,Modeling / Texturing,Visual Effects,,second_half,1132,pending,1,thibaud garrigos,,nm11483798,auto_assigned,,Thibaud Garrigos,"{""timestamp"": ""2026-10-03T14:13:59.867647+00:00"", ""model"": ""gemma-4-12b-it-qat-q4_0.gguf"", ""api_version"": null}"
532,Blue_Eye_Samurai_S01E01,scene_012_static_005_num01132_sim100.jpg,Visual Effects,,Damien Guretelly,Modeling / Texturing,Visual Effects,,second_half,1132,pending,1,damien guretelly,,gp0000098,internal_assigned,,,"{""timestamp"": ""2026-10-03T14:13:59.867647+00:00"", ""model"": ""gemma-4-12b-it-qat-q4_0.gguf"", ""api_version"": null}"
533,Blue_Eye_Samurai_S01E01,"scene_012_static_005_num01132_sim100.jpg,scene_014_static_002_num01212_sim98.jpg",Visual Effects,,Florian Guilbault,Modeling / Texturing,Visual Effects,,second_half,"1132,1212",pending,1,florian guilbault,,gp0000104,internal_assigned,,,"{""timestamp"": ""2026-10-03T14:13:59.867647+00:00"", ""model"": ""gemma-4-12b-it-qat-q4_0.gguf"", ""api_version"": null}"
534,Blue_Eye_Samurai_S01E01,scene_012_static_005_num01132_sim100.jpg,Visual Effects,,Valerial Le Brun,Modeling / Texturing,Visual Effects,,second_half,1132,pending,1,valerial le brun,,gp0000164,internal_assigned,,,"{""timestamp"": ""2026-10-03T14:13:59.867647+00:00"", ""model"": ""gemma-4-12b-it-qat-q4_0.gguf"", ""api_version"": null}"
535,Blue_Eye_Samurai_S01E01,scene_012_static_005_num01132_sim100.jpg,Visual Effects,,Marion Philippe,Modeling / Texturing,Visual Effects,,second_half,1132,pending,1,marion philippe,,,manual_required,"[{""nconst"": ""nm13173321"", ""normalized_name"": ""marion philippe"", ""normalized_name_with_nickname"": null, ""primaryName"": ""Marion Philippe"", ""primaryProfession"": ""writer"", ""birthYear"": null, ""deathYear"": null}, {""nconst"": ""nm14593684"", ""normalized_name"": ""marion philippe"", ""normalized_name_with_nickname"": null, ""primaryName"": ""Marion Philippe"", ""primaryProfession"": null, ""birthYear"": null, ""deathYear"": null}, {""nconst"": ""nm13544935"", ""normalized_name"": ""philippe marion"", ""normalized_name_with_nickname"": null, ""primaryName"": ""Philippe Marion"", ""primaryProfession"": ""actor"", ""birthYear"": null, ""deathYear"": null}, {""nconst"": ""nm16237598"", ""normalized_name"": ""philippe marion"", ""normalized_name_with_nickname"": null, ""primaryName"": ""Philippe Marion"", ""primaryProfession"": ""composer"", ""birthYear"": null, ""deathYear"": null}, {""nconst"": ""nm2074570"", ""normalized_name"": ""philippe marion"", ""normalized_name_with_nickname"": null, ""primaryName"": ""Philippe Marion"", ""primaryProfession"": ""composer"", ""birthYear"": null, ""deathYear"": null}]",,"{""timestamp"": ""2026-10-03T14:13:59.867647+00:00"", ""model"": ""gemma-4-12b-it-qat-q4_0.gguf"", ""api_version"": null}"
536,Blue_Eye_Samurai_S01E01,scene_012_static_005_num01132_sim100.jpg,Visual Effects,,Thibault Lemaire,Modeling / Texturing,Visual Effects,,second_half,1132,pending,1,thibault lemaire,,gp0000160,internal_assigned,,,"{""timestamp"": ""2026-10-03T14:13:59.867647+00:00"", ""model"": ""gemma-4-12b-it-qat-q4_0.gguf"", ""api_version"": null}"
537,Blue_Eye_Samurai_S01E01,scene_012_static_005_num01132_sim100.jpg,Visual Effects,,Varbina Stoyanoya,Modeling / Texturing,Visual Effects,,second_half,1132,pending,1,varbina stoyanoya,,gp0000165,internal_assigned,,,"{""timestamp"": ""2026-10-03T14:13:59.867647+00:00"", ""model"": ""gemma-4-12b-it-qat-q4_0.gguf"", ""api_version"": null}"
538,Blue_Eye_Samurai_S01E01,scene_012_static_005_num01132_sim100.jpg,Visual Effects,,Alessandro Turi,Modeling / Texturing,Visual Effects,,second_half,1132,pending,1,alessandro turi,,gp0000081,internal_assigned,,,"{""timestamp"": ""2026-10-03T14:13:59.867647+00:00"", ""model"": ""gemma-4-12b-it-qat-q4_0.gguf"", ""api_version"": null}"
539,Blue_Eye_Samurai_S01E01,scene_012_static_005_num01132_sim100.jpg,Visual Effects,,Alex Bard,Animators,Visual Effects,,second_half,1132,pending,1,alex bard,,,manual_required,"[{""nconst"": ""nm15718051"", ""normalized_name"": ""alex bard"", ""normalized_name_with_nickname"": null, ""primaryName"": ""Alex Bard"", ""primaryProfession"": ""animation_department"", ""birthYear"": null, ""deathYear"": null}]",,"{""timestamp"": ""2026-10-03T14:13:59.867647+00:00"", ""model"": ""gemma-4-12b-it-qat-q4_0.gguf"", ""api_version"": null}"
540,Blue_Eye_Samurai_S01E01,scene_012_static_005_num01132_sim100.jpg,Visual Effects,,Valentin Bescon,Animators,Visual Effects,,second_half,1132,pending,1,valentin bescon,,gp0000163,internal_assigned,,,"{""timestamp"": ""2026-10-03T14:13:59.867647+00:00"", ""model"": ""gemma-4-12b-it-qat-q4_0.gguf"", ""api_version"": null}"
541,Blue_Eye_Samurai_S01E01,scene_012_static_005_num01132_sim100.jpg,Visual Effects,,Sonia Bukin,Animators,Visual Effects,,second_half,1132,pending,1,sonia bukin,,gp0000157,internal_assigned,,,"{""timestamp"": ""2026-10-03T14:13:59.867647+00:00"", ""model"": ""gemma-4-12b-it-qat-q4_0.gguf"", ""api_version"": null}"
542,Blue_Eye_Samurai_S01E01,scene_012_static_005_num01132_sim100.jpg,Visual Effects,,Vincent Carrettex,Animators,Visual Effects,,second_half,1132,pending,1,vincent carrettex,,gp0000166,internal_assigned,,,"{""timestamp"": ""2026-10-03T14:13:59.867647+00:00"", ""model"": ""gemma-4-12b-it-qat-q4_0.gguf"", ""api_version"": null}"
543,Blue_Eye_Samurai_S01E01,scene_012_static_005_num01132_sim100.jpg,Visual Effects,,Claire De La Roma,Animators,Visual Effects,,second_half,1132,pending,1,claire de la roma,,gp0000095,internal_assigned,,,"{""timestamp"": ""2026-10-03T14:13:59.867647+00:00"", ""model"": ""gemma-4-12b-it-qat-q4_0.gguf"", ""api_version"": null}"
544,Blue_Eye_Samurai_S01E01,scene_012_static_005_num01132_sim100.jpg,Visual Effects,,Cyrille Devan,Animators,Visual Effects,,second_half,1132,pending,1,cyrille devan,,gp0000097,internal_assigned,,,"{""timestamp"": ""2026-10-03T14:13:59.867647+00:00"", ""model"": ""gemma-4-12b-it-qat-q4_0.gguf"", ""api_version"": null}"
545,Blue_Eye_Samurai_S01E01,scene_012_static_005_num01132_sim100.jpg,Visual Effects,,Benoît Garnier,Animators,Visual Effects,,second_half,1132,pending,1,benoit garnier,,,manual_required,"[{""nconst"": ""nm4741385"", ""normalized_name"": ""benoit garnier"", ""normalized_name_with_nickname"": null, ""primaryName"": ""Benoit Garnier"", ""primaryProfession"": ""animation_department"", ""birthYear"": null, ""deathYear"": null}]",,"{""timestamp"": ""2026-10-03T14:13:59.867647+00:00"", ""model"": ""gemma-4-12b-it-qat-q4_0.gguf"", ""api_version"": null}"
546,Blue_Eye_Samurai_S01E01,scene_012_static_005_num01132_sim100.jpg,Visual Effects,,Alexandre Herault,Animators,Visual Effects,,second_half,1132,pending,1,alexandre herault,,,manual_required,"[{""nconst"": ""nm11369951"", ""normalized_name"": ""alexandre herault"", ""normalized_name_with_nickname"": null, ""primaryName"": ""Alexandre Herault"", ""primaryProfession"": ""animation_department"", ""birthYear"": null, ""deathYear"": null}, {""nconst"": ""nm8507833"", ""normalized_name"": ""alexandre herault"", ""normalized_name_with_nickname"": null, ""primaryName"": ""Alexandre H\u00e9rault"", ""primaryProfession"": ""actor"", ""birthYear"": null, ""deathYear"": null}]",,"{""timestamp"": ""2026-10-03T14:13:59.867647+00:00"", ""model"": ""gemma-4-12b-it-qat-q4_0.gguf"", ""api_version"": null}"
547,Blue_Eye_Samurai_S01E01,scene_012_static_005_num01132_sim100.jpg,Visual Effects,,Gabriel Jaulin,Animators,Visual Effects,,second_half,1132,pending,1,gabriel jaulin,,gp0000107,internal_assigned,,,"{""timestamp"": ""2026-10-03T14:13:59.867647+00:00"", ""model"": ""gemma-4-12b-it-qat-q4_0.gguf"", ""api_version"": null}"
548,Blue_Eye_Samurai_S01E01,scene_012_static_005_num01132_sim100.jpg,Visual Effects,,Fabrice Léger,Animators,Visual Effects,,second_half,1132,pending,1,fabrice leger,,,manual_required,"[{""nconst"": ""nm11921173"", ""normalized_name"": ""fabrice leger"", ""normalized_name_with_nickname"": null, ""primaryName"": ""Fabrice Leger"", ""primaryProfession"": ""director,actor,producer"", ""birthYear"": null, ""deathYear"": null}]",,"{""timestamp"": ""2026-10-03T14:13:59.867647+00:00"", ""model"": ""gemma-4-12b-it-qat-q4_0.gguf"", ""api_version"": null}"
549,Blue_Eye_Samurai_S01E01,scene_012_static_005_num01132_sim100.jpg,Visual Effects,,Marine Lebasce,Animators,Visual Effects,,second_half,1132,pending,1,marine lebasce,,gp0000141,internal_assigned,,,"{""timestamp"": ""2026-10-03T14:13:59.867647+00:00"", ""model"": ""gemma-4-12b-it-qat-q4_0.gguf"", ""api_version"": null}"
550,Blue_Eye_Samurai_S01E01,scene_012_static_005_num01132_sim100.jpg,Visual Effects,,Adrien Mahieu,Animators,Visual Effects,,second_half,1132,pending,1,adrien mahieu,,,manual_required,"[{""nconst"": ""nm14547251"", ""normalized_name"": ""adrien mahieu"", ""normalized_name_with_nickname"": null, ""primaryName"": ""Adrien Mahieu"", ""primaryProfession"": ""animation_department"", ""birthYear"": null, ""deathYear"": null}]",,"{""timestamp"": ""2026-10-03T14:13:59.867647+00:00"", ""model"": ""gemma-4-12b-it-qat-q4_0.gguf"", ""api_version"": null}"
551,Blue_Eye_Samurai_S01E01,scene_012_static_005_num01132_sim100.jpg,Visual Effects,,Pierre Navarre,Animators,Visual Effects,,second_half,1132,pending,1,pierre navarre,,nm3148312,auto_assigned,,Pierre Navarre,"{""timestamp"": ""2026-10-03T14:13:59.867647+00:00"", ""model"": ""gemma-4-12b-it-qat-q4_0.gguf"", ""api_version"": null}"
552,Blue_Eye_Samurai_S01E01,scene_012_static_005_num01132_sim100.jpg,Visual Effects,,Philippe Oliver,Animators,Visual Effects,,second_half,1132,pending,1,philippe oliver,,,manual_required,"[{""nconst"": ""nm8162198"", ""normalized_name"": ""philippe oliver"", ""normalized_name_with_nickname"": null, ""primaryName"": ""Philippe Oliver"", ""primaryProfession"": ""animation_department,director,actor"", ""birthYear"": null, ""deathYear"": null}]",,"{""timestamp"": ""2026-10-03T14:13:59.867647+00:00"", ""model"": ""gemma-4-12b-it-qat-q4_0.gguf"", ""api_version"": null}"
553,Blue_Eye_Samurai_S01E01,scene_012_static_005_num01132_sim100.jpg,Visual Effects,,Marina Roger,Animators,Visual Effects,,second_half,1132,pending,1,marina roger,,,manual_required,"[{""nconst"": ""nm9126513"", ""normalized_name"": ""marina roger"", ""normalized_name_with_nickname"": null, ""primaryName"": ""Marina Roger"", ""primaryProfession"": ""animation_department"", ""birthYear"": null, ""deathYear"": null}]",,"{""timestamp"": ""2026-10-03T14:13:59.867647+00:00"", ""model"": ""gemma-4-12b-it-qat-q4_0.gguf"", ""api_version"": null}"
554,Blue_Eye_Samurai_S01E01,scene_012_static_005_num01132_sim100.jpg,Visual Effects,,Marck Tanguy,Animators,Visual Effects,,second_half,1132,pending,1,marck tanguy,,,manual_required,"[{""nconst"": ""nm11369953"", ""normalized_name"": ""marck tanguy"", ""normalized_name_with_nickname"": null, ""primaryName"": ""Marck Tanguy"", ""primaryProfession"": ""animation_department"", ""birthYear"": null, ""deathYear"": null}]",,"{""timestamp"": ""2026-10-03T14:13:59.867647+00:00"", ""model"": ""gemma-4-12b-it-qat-q4_0.gguf"", ""api_version"": null}"
555,Blue_Eye_Samurai_S01E01,scene_013_static_001_num01148_sim96.jpg,Visual Effects,,Pawnee Defize,Rendering Supervisor,Visual Effects,,second_half,1148,pending,1,pawnee defize,,gp0000150,internal_assigned,,,"{""timestamp"": ""2026-10-03T14:13:59.867647+00:00"", ""model"": ""gemma-4-12b-it-qat-q4_0.gguf"", ""api_version"": null}"
556,Blue_Eye_Samurai_S01E01,scene_013_static_001_num01148_sim96.jpg,Visual Effects,,Karl Burtin,Head of FX,Visual Effects,,second_half,1148,pending,1,karl burtin,,nm12362258,auto_assigned,,Karl Burtin,"{""timestamp"": ""2026-10-03T14:13:59.867647+00:00"", ""model"": ""gemma-4-12b-it-qat-q4_0.gguf"", ""api_version"": null}"
557,Blue_Eye_Samurai_S01E01,scene_013_static_001_num01148_sim96.jpg,Visual Effects,,Antoine Maillé,Rendering,Visual Effects,,second_half,1148,pending,1,antoine maille,,,manual_required,"[{""nconst"": ""nm4777646"", ""normalized_name"": ""antoine maille"", ""normalized_name_with_nickname"": null, ""primaryName"": ""Antoine Maill\u00e9"", ""primaryProfession"": ""set_decorator"", ""birthYear"": null, ""deathYear"": null}]",,"{""timestamp"": ""2026-10-03T14:13:59.867647+00:00"", ""model"": ""gemma-4-12b-it-qat-q4_0.gguf"", ""api_version"": null}"
558,Blue_Eye_Samurai_S01E01,scene_013_static_001_num01148_sim96.jpg,Visual Effects,,Aurore Miroslaw,Rendering,Visual Effects,,second_half,1148,pending,1,aurore miroslaw,,gp0000087,internal_assigned,,,"{""timestamp"": ""2026-10-03T14:13:59.867647+00:00"", ""model"": ""gemma-4-12b-it-qat-q4_0.gguf"", ""api_version"": null}"
559,Blue_Eye_Samurai_S01E01,scene_013_static_001_num01148_sim96.jpg,Visual Effects,,Laurent Bretonnière,3D FX Supervisor,Visual Effects,,second_half,1148,pending,1,laurent bretonniere,,,manual_required,"[{""nconst"": ""nm2500019"", ""normalized_name"": ""laurent bretonniere"", ""normalized_name_with_nickname"": null, ""primaryName"": ""Laurent Bretonni\u00e8re"", ""primaryProfession"": ""animation_department,art_department,writer"", ""birthYear"": null, ""deathYear"": null}]",,"{""timestamp"": ""2026-10-03T14:13:59.867647+00:00"", ""model"": ""gemma-4-12b-it-qat-q4_0.gguf"", ""api_version"": null}"
560,Blue_Eye_Samurai_S01E01,scene_013_static_001_num01148_sim96.jpg,Visual Effects,,Ulysse Avril,Head of Compositing,Visual Effects,,second_half,1148,pending,1,ulysse avril,,nm14609728,auto_assigned,,Elysse Avril,"{""timestamp"": ""2026-10-03T14:13:59.867647+00:00"", ""model"": ""gemma-4-12b-it-qat-q4_0.gguf"", ""api_version"": null}"
561,Blue_Eye_Samurai_S01E01,scene_013_static_001_num01148_sim96.jpg,Visual Effects,,Thomas Decaens,2D & 3D FX Supervisor,Visual Effects,,second_half,1148,pending,1,thomas decaens,,nm14541363,auto_assigned,,Thomas DeCaens,"{""timestamp"": ""2026-10-03T14:13:59.867647+00:00"", ""model"": ""gemma-4-12b-it-qat-q4_0.gguf"", ""api_version"": null}"
562,Blue_Eye_Samurai_S01E01,scene_013_static_001_num01148_sim96.jpg,Visual Effects,,Renaud Guenon,Compositing Supervisors,Visual Effects,,second_half,1148,pending,1,renaud guenon,,nm10367996,auto_assigned,,Renaud Guénon,"{""timestamp"": ""2026-10-03T14:13:59.867647+00:00"", ""model"": ""gemma-4-12b-it-qat-q4_0.gguf"", ""api_version"": null}"
563,Blue_Eye_Samurai_S01E01,scene_013_static_001_num01148_sim96.jpg,Visual Effects,,Gauthier Hesbois,Compositing Supervisors,Visual Effects,,second_half,1148,pending,1,gauthier hesbois,,gp0000108,internal_assigned,,,"{""timestamp"": ""2026-10-03T14:13:59.867647+00:00"", ""model"": ""gemma-4-12b-it-qat-q4_0.gguf"", ""api_version"": null}"
564,Blue_Eye_Samurai_S01E01,scene_014_static_000_num01164_sim40.jpg,Visual Effects,,Sabine Bartreau,Compositing,Visual Effects,,second_half,1164,pending,1,sabine bartreau,,nm14541369,auto_assigned,,Sabine Bariteau,"{""timestamp"": ""2026-10-03T14:13:59.867647+00:00"", ""model"": ""gemma-4-12b-it-qat-q4_0.gguf"", ""api_version"": null}"
565,Blue_Eye_Samurai_S01E01,scene_014_static_000_num01164_sim40.jpg,Visual Effects,,Erwan Baron,Compositing,Visual Effects,,second_half,1164,pending,1,erwan baron,,nm10034468,auto_assigned,,Erwan Baron,"{""timestamp"": ""2026-10-03T14:13:59.867647+00:00"", ""model"": ""gemma-4-12b-it-qat-q4_0.gguf"", ""api_version"": null}"
566,Blue_Eye_Samurai_S01E01,scene_014_static_000_num01164_sim40.jpg,Visual Effects,,Arthur Burtin,Compositing,Visual Effects,,second_half,1164,pending,1,arthur burtin,,,manual_required,"[{""nconst"": ""nm12465482"", ""normalized_name"": ""arthur burtin"", ""normalized_name_with_nickname"": null, ""primaryName"": ""Arthur Burtin"", ""primaryProfession"": ""director,writer,animation_department"", ""birthYear"": null, ""deathYear"": null}]",,"{""timestamp"": ""2026-10-03T14:13:59.867647+00:00"", ""model"": ""gemma-4-12b-it-qat-q4_0.gguf"", ""api_version"": null}"
567,Blue_Eye_Samurai_S01E01,scene_014_static_000_num01164_sim40.jpg,Visual Effects,,Anaëlle Gil,Compositing,Visual Effects,,second_half,1164,pending,1,anaelle gil,,gp0000085,internal_assigned,,,"{""timestamp"": ""2026-10-03T14:13:59.867647+00:00"", ""model"": ""gemma-4-12b-it-qat-q4_0.gguf"", ""api_version"": null}"
568,Blue_Eye_Samurai_S01E01,scene_014_static_000_num01164_sim40.jpg,Visual Effects,,Tristan Meuzeret,Compositing,Visual Effects,,second_half,1164,pending,1,tristan meuzeret,,nm10367997,auto_assigned,,Tristan Meuzeret,"{""timestamp"": ""2026-10-03T14:13:59.867647+00:00"", ""model"": ""gemma-4-12b-it-qat-q4_0.gguf"", ""api_version"": null}"
569,Blue_Eye_Samurai_S01E01,scene_014_static_000_num01164_sim40.jpg,Visual Effects,,Jean-Christophe Monnier,Compositing,Visual Effects,,second_half,1164,pending,1,jean christophe monnier,,nm5349053,auto_assigned,,Jean-Christophe Monnier,"{""timestamp"": ""2026-10-03T14:13:59.867647+00:00"", ""model"": ""gemma-4-12b-it-qat-q4_0.gguf"", ""api_version"": null}"
570,Blue_Eye_Samurai_S01E01,scene_014_static_000_num01164_sim40.jpg,Visual Effects,,Bertrand Poulain,Compositing,Visual Effects,,second_half,1164,pending,1,bertrand poulain,,nm3071022,auto_assigned,,Bertrand Poulain,"{""timestamp"": ""2026-10-03T14:13:59.867647+00:00"", ""model"": ""gemma-4-12b-it-qat-q4_0.gguf"", ""api_version"": null}"
571,Blue_Eye_Samurai_S01E01,scene_014_static_000_num01164_sim40.jpg,Visual Effects,,David Rabouan,Compositing,Visual Effects,,second_half,1164,pending,1,david rabouan,,gp0000100,internal_assigned,,,"{""timestamp"": ""2026-10-03T14:13:59.867647+00:00"", ""model"": ""gemma-4-12b-it-qat-q4_0.gguf"", ""api_version"": null}"
572,Blue_Eye_Samurai_S01E01,scene_014_static_000_num01164_sim40.jpg,Visual Effects,,Fanette Séverin,Compositing,Visual Effects,,second_half,1164,pending,1,fanette severin,,gp0000103,internal_assigned,,,"{""timestamp"": ""2026-10-03T14:13:59.867647+00:00"", ""model"": ""gemma-4-12b-it-qat-q4_0.gguf"", ""api_version"": null}"
573,Blue_Eye_Samurai_S01E01,scene_014_static_000_num01164_sim40.jpg,Visual Effects,,Olivier Thousseau,Compositing,Visual Effects,,second_half,1164,pending,1,olivier thousseau,,,ambiguous,"[{""nconst"": ""nm5974530"", ""normalized_name"": ""olivier thouseau"", ""normalized_name_with_nickname"": null, ""primaryName"": ""Olivier Thouseau"", ""primaryProfession"": ""visual_effects,animation_department"", ""birthYear"": null, ""deathYear"": null, ""fuzzy_similarity"": ""97"", ""matched_string"": ""olivier thouseau""}, {""nconst"": ""nm5277934"", ""normalized_name"": ""olivier rousseau"", ""normalized_name_with_nickname"": null, ""primaryName"": ""Olivier Rousseau"", ""primaryProfession"": ""visual_effects,animation_department"", ""birthYear"": null, ""deathYear"": null, ""fuzzy_similarity"": ""91"", ""matched_string"": ""olivier rousseau""}]",,"{""timestamp"": ""2026-10-03T14:13:59.867647+00:00"", ""model"": ""gemma-4-12b-it-qat-q4_0.gguf"", ""api_version"": null}"
574,Blue_Eye_Samurai_S01E01,scene_014_static_000_num01164_sim40.jpg,Visual Effects,,Marion Berthelot,3D FX Artists,Visual Effects,,second_half,1164,pending,1,marion berthelot,,gp0000142,internal_assigned,,,"{""timestamp"": ""2026-10-03T14:13:59.867647+00:00"", ""model"": ""gemma-4-12b-it-qat-q4_0.gguf"", ""api_version"": null}"
575,Blue_Eye_Samurai_S01E01,scene_014_static_000_num01164_sim40.jpg,Visual Effects,,Victor Burtman,3D FX Artists,Visual Effects,,second_half,1164,pending,1,victor burtman,,nm15366523,auto_assigned,,Victor Burtman,"{""timestamp"": ""2026-10-03T14:13:59.867647+00:00"", ""model"": ""gemma-4-12b-it-qat-q4_0.gguf"", ""api_version"": null}"
576,Blue_Eye_Samurai_S01E01,scene_014_static_000_num01164_sim40.jpg,Visual Effects,,Alice Chartier,3D FX Artists,Visual Effects,,second_half,1164,pending,1,alice chartier,,gp0000082,internal_assigned,,,"{""timestamp"": ""2026-10-03T14:13:59.867647+00:00"", ""model"": ""gemma-4-12b-it-qat-q4_0.gguf"", ""api_version"": null}"
577,Blue_Eye_Samurai_S01E01,scene_014_static_000_num01164_sim40.jpg,Visual Effects,,Maxime Grenier,3D FX Artists,Visual Effects,,second_half,1164,pending,1,maxime grenier,,nm13095641,auto_assigned,,Maxime Grenier,"{""timestamp"": ""2026-10-03T14:13:59.867647+00:00"", ""model"": ""gemma-4-12b-it-qat-q4_0.gguf"", ""api_version"": null}"
578,Blue_Eye_Samurai_S01E01,scene_014_static_000_num01164_sim40.jpg,Visual Effects,,Kcénia Marescq,3D FX Artists,Visual Effects,,second_half,1164,pending,1,kcenia marescq,,gp0000126,internal_assigned,,,"{""timestamp"": ""2026-10-03T14:13:59.867647+00:00"", ""model"": ""gemma-4-12b-it-qat-q4_0.gguf"", ""api_version"": null}"
579,Blue_Eye_Samurai_S01E01,scene_014_static_000_num01164_sim40.jpg,Visual Effects,,Amélie Messiez-Poche,3D FX Artists,Visual Effects,,second_half,1164,pending,1,amelie messiez poche,,gp0000083,internal_assigned,,,"{""timestamp"": ""2026-10-03T14:13:59.867647+00:00"", ""model"": ""gemma-4-12b-it-qat-q4_0.gguf"", ""api_version"": null}"
580,Blue_Eye_Samurai_S01E01,scene_014_static_000_num01164_sim40.jpg,Visual Effects,,Bastien Mogeot,3D FX Artists,Visual Effects,,second_half,1164,pending,1,bastien mogeot,,gp0000090,internal_assigned,,,"{""timestamp"": ""2026-10-03T14:13:59.867647+00:00"", ""model"": ""gemma-4-12b-it-qat-q4_0.gguf"", ""api_version"": null}"
581,Blue_Eye_Samurai_S01E01,scene_014_static_000_num01164_sim40.jpg,Visual Effects,,Laura Prempain,3D FX Artists,Visual Effects,,second_half,1164,pending,1,laura prempain,,,manual_required,"[{""nconst"": ""nm14609723"", ""normalized_name"": ""laura prempain"", ""normalized_name_with_nickname"": null, ""primaryName"": ""Laura Prempain"", ""primaryProfession"": ""special_effects"", ""birthYear"": null, ""deathYear"": null}]",,"{""timestamp"": ""2026-10-03T14:13:59.867647+00:00"", ""model"": ""gemma-4-12b-it-qat-q4_0.gguf"", ""api_version"": null}"
582,Blue_Eye_Samurai_S01E01,scene_014_static_000_num01164_sim40.jpg,Visual Effects,,Rachelle Rebut,3D FX Artists,Visual Effects,,second_half,1164,pending,1,rachelle rebut,,gp0000154,internal_assigned,,,"{""timestamp"": ""2026-10-03T14:13:59.867647+00:00"", ""model"": ""gemma-4-12b-it-qat-q4_0.gguf"", ""api_version"": null}"
583,Blue_Eye_Samurai_S01E01,scene_014_static_000_num01164_sim40.jpg,Visual Effects,,Estelle Tempier,3D FX Artists,Visual Effects,,second_half,1164,pending,1,estelle tempier,,gp0000102,internal_assigned,,,"{""timestamp"": ""2026-10-03T14:13:59.867647+00:00"", ""model"": ""gemma-4-12b-it-qat-q4_0.gguf"", ""api_version"": null}"
584,Blue_Eye_Samurai_S01E01,scene_014_static_000_num01164_sim40.jpg,Visual Effects,,Clara Yvard,3D FX Artists,Visual Effects,,second_half,1164,pending,1,clara yvard,,gp0000096,internal_assigned,,,"{""timestamp"": ""2026-10-03T14:13:59.867647+00:00"", ""model"": ""gemma-4-12b-it-qat-q4_0.gguf"", ""api_version"": null}"
585,Blue_Eye_Samurai_S01E01,scene_014_static_000_num01164_sim40.jpg,Additional Crew,,Eleanor Coleman,Manager of International Relations,Additional Crew,,second_half,1164,pending,1,eleanor coleman,,nm14611101,auto_assigned,,Eleanor Coleman,"{""timestamp"": ""2026-10-03T14:13:59.867647+00:00"", ""model"": ""gemma-4-12b-it-qat-q4_0.gguf"", ""api_version"": null}"
586,Blue_Eye_Samurai_S01E01,scene_014_static_002_num01212_sim98.jpg,Additional Crew,,Anthony Tetaert,Infrastructure Engineer,Additional Crew,,second_half,1212,pending,1,anthony tetaert,,nm14541370,auto_assigned,,Anthony Tetaert,"{""timestamp"": ""2026-10-03T14:13:59.867647+00:00"", ""model"": ""gemma-4-12b-it-qat-q4_0.gguf"", ""api_version"": null}"
587,Blue_Eye_Samurai_S01E01,scene_014_static_002_num01212_sim98.jpg,Additional Crew,,Laurent Boschetto,Staff Engineers,Additional Crew,,second_half,1212,pending,1,laurent boschetto,,gp0000131,internal_assigned,,,"{""timestamp"": ""2026-10-03T14:13:59.867647+00:00"", ""model"": ""gemma-4-12b-it-qat-q4_0.gguf"", ""api_version"": null}"
588,Blue_Eye_Samurai_S01E01,scene_014_static_002_num01212_sim98.jpg,Additional Crew,,Mathieu Blanchon,Staff Engineers,Additional Crew,,second_half,1212,pending,1,mathieu blanchon,,,manual_required,"[{""nconst"": ""nm14611095"", ""normalized_name"": ""mathieu blanchon"", ""normalized_name_with_nickname"": null, ""primaryName"": ""Mathieu Blanchon"", ""primaryProfession"": ""visual_effects"", ""birthYear"": null, ""deathYear"": null}]",,"{""timestamp"": ""2026-10-03T14:13:59.867647+00:00"", ""model"": ""gemma-4-12b-it-qat-q4_0.gguf"", ""api_version"": null}"
589,Blue_Eye_Samurai_S01E01,scene_014_static_002_num01212_sim98.jpg,Additional Crew,,Hariharan Sriramalu,Staff Engineers,Additional Crew,,second_half,1212,pending,1,hariharan sriramalu,,gp0000113,internal_assigned,,,"{""timestamp"": ""2026-10-03T14:13:59.867647+00:00"", ""model"": ""gemma-4-12b-it-qat-q4_0.gguf"", ""api_version"": null}"
590,Blue_Eye_Samurai_S01E01,scene_014_static_002_num01212_sim98.jpg,Additional Crew,,Fred Travailleur,Staff Engineers,Additional Crew,,second_half,1212,pending,1,fred travailleur,,gp0000105,internal_assigned,,,"{""timestamp"": ""2026-10-03T14:13:59.867647+00:00"", ""model"": ""gemma-4-12b-it-qat-q4_0.gguf"", ""api_version"": null}"
591,Blue_Eye_Samurai_S01E01,scene_014_static_002_num01212_sim98.jpg,Legal Department,,Lucie Louis,Legal and Affairs Officer,Legal Department,,second_half,1212,pending,1,lucie louis,,,ambiguous,"[{""nconst"": ""nm15397220"", ""normalized_name"": ""lucil louis"", ""normalized_name_with_nickname"": null, ""primaryName"": ""Lucil Louis"", ""primaryProfession"": ""assistant_director,casting_department,miscellaneous"", ""birthYear"": null, ""deathYear"": null, ""fuzzy_similarity"": ""91"", ""matched_string"": ""lucil louis""}, {""nconst"": ""nm6891560"", ""normalized_name"": ""louis lucci"", ""normalized_name_with_nickname"": null, ""primaryName"": ""Louis Lucci"", ""primaryProfession"": ""miscellaneous,editorial_department"", ""birthYear"": null, ""deathYear"": null, ""fuzzy_similarity"": ""91"", ""matched_string"": ""louis lucci""}]",,"{""timestamp"": ""2026-10-03T14:13:59.867647+00:00"", ""model"": ""gemma-4-12b-it-qat-q4_0.gguf"", ""api_version"": null}"
592,Blue_Eye_Samurai_S01E01,scene_014_static_002_num01212_sim98.jpg,Legal Department,,Louise Goutet,Lawyer,Legal Department,,second_half,1212,pending,1,louise goutet,,gp0000134,internal_assigned,,,"{""timestamp"": ""2026-10-03T14:13:59.867647+00:00"", ""model"": ""gemma-4-12b-it-qat-q4_0.gguf"", ""api_version"": null}"
593,Blue_Eye_Samurai_S01E01,scene_014_static_002_num01212_sim98.jpg,Additional Crew,,Frantz Delbecque,Head of BS Lab,Additional Crew,,second_half,1212,pending,1,frantz delbecque,,nm8138793,auto_assigned,,Frantz Delbecque,"{""timestamp"": ""2026-10-03T14:13:59.867647+00:00"", ""model"": ""gemma-4-12b-it-qat-q4_0.gguf"", ""api_version"": null}"
594,Blue_Eye_Samurai_S01E01,scene_014_static_002_num01212_sim98.jpg,Additional Crew,,Nicolas Finoux,Heads of Pipeline Development,Additional Crew,,second_half,1212,pending,1,nicolas finoux,,nm14611097,auto_assigned,,Nicolas Finoux,"{""timestamp"": ""2026-10-03T14:13:59.867647+00:00"", ""model"": ""gemma-4-12b-it-qat-q4_0.gguf"", ""api_version"": null}"
595,Blue_Eye_Samurai_S01E01,scene_014_static_002_num01212_sim98.jpg,Additional Crew,,Lorenzo Montant,Heads of Pipeline Development,Additional Crew,,second_half,1212,pending,1,lorenzo montant,,,manual_required,"[{""nconst"": ""nm11024264"", ""normalized_name"": ""lorenzo montant"", ""normalized_name_with_nickname"": null, ""primaryName"": ""Lorenzo Montant"", ""primaryProfession"": ""director,writer"", ""birthYear"": null, ""deathYear"": null}]",,"{""timestamp"": ""2026-10-03T14:13:59.867647+00:00"", ""model"": ""gemma-4-12b-it-qat-q4_0.gguf"", ""api_version"": null}"
596,Blue_Eye_Samurai_S01E01,scene_014_static_002_num01212_sim98.jpg,Visual Effects,,Bastien Belvaux,2D FX Artists,Visual Effects,,second_half,1212,pending,1,bastien belvaux,,nm5393641,auto_assigned,,Bastien Belvaux,"{""timestamp"": ""2026-10-03T14:13:59.867647+00:00"", ""model"": ""gemma-4-12b-it-qat-q4_0.gguf"", ""api_version"": null}"
597,Blue_Eye_Samurai_S01E01,scene_014_static_002_num01212_sim98.jpg,Visual Effects,,David Carron,2D FX Artists,Visual Effects,,second_half,1212,pending,1,david carron,,nm12837025,auto_assigned,,David Carron,"{""timestamp"": ""2026-10-03T14:13:59.867647+00:00"", ""model"": ""gemma-4-12b-it-qat-q4_0.gguf"", ""api_version"": null}"
598,Blue_Eye_Samurai_S01E01,scene_014_static_002_num01212_sim98.jpg,Visual Effects,,Nans Meyroux,2D FX Artists,Visual Effects,,second_half,1212,pending,1,nans meyroux,,gp0000147,internal_assigned,,,"{""timestamp"": ""2026-10-03T14:13:59.867647+00:00"", ""model"": ""gemma-4-12b-it-qat-q4_0.gguf"", ""api_version"": null}"
599,Blue_Eye_Samurai_S01E01,scene_014_static_002_num01212_sim98.jpg,Visual Effects,,Mohand Semroud,2D FX Artists,Visual Effects,,second_half,1212,pending,1,mohand semroud,,gp0000144,internal_assigned,,,"{""timestamp"": ""2026-10-03T14:13:59.867647+00:00"", ""model"": ""gemma-4-12b-it-qat-q4_0.gguf"", ""api_version"": null}"
600,Blue_Eye_Samurai_S01E01,scene_014_static_002_num01212_sim98.jpg,Visual Effects,,David Van Boxsom,2D FX Artists,Visual Effects,,second_half,1212,pending,1,david van boxsom,,nm12794968,auto_assigned,,David van Boxsom,"{""timestamp"": ""2026-10-03T14:13:59.867647+00:00"", ""model"": ""gemma-4-12b-it-qat-q4_0.gguf"", ""api_version"": null}"
601,Blue_Eye_Samurai_S01E01,scene_014_static_002_num01212_sim98.jpg,Additional Crew,,Jérémy Casler,Development,Additional Crew,,second_half,1212,pending,1,jeremy casler,,,manual_required,"[{""nconst"": ""nm17856815"", ""normalized_name"": ""jeremy casler"", ""normalized_name_with_nickname"": null, ""primaryName"": ""Jeremy Casler"", ""primaryProfession"": ""visual_effects"", ""birthYear"": null, ""deathYear"": null}]",,"{""timestamp"": ""2026-10-03T14:13:59.867647+00:00"", ""model"": ""gemma-4-12b-it-qat-q4_0.gguf"", ""api_version"": null}"
602,Blue_Eye_Samurai_S01E01,scene_014_static_002_num01212_sim98.jpg,Additional Crew,,Denis Gantet,Development,Additional Crew,,second_half,1212,pending,1,denis gantet,,,manual_required,"[{""nconst"": ""nm13296305"", ""normalized_name"": ""denis gantet"", ""normalized_name_with_nickname"": null, ""primaryName"": ""Denis Gantet"", ""primaryProfession"": ""animation_department"", ""birthYear"": null, ""deathYear"": null}]",,"{""timestamp"": ""2026-10-03T14:13:59.867647+00:00"", ""model"": ""gemma-4-12b-it-qat-q4_0.gguf"", ""api_version"": null}"
603,Blue_Eye_Samurai_S01E01,scene_014_static_002_num01212_sim98.jpg,Additional Crew,,Joachim Henrard,Development,Additional Crew,,second_half,1212,pending,1,joachim henrard,,,manual_required,"[{""nconst"": ""nm4741084"", ""normalized_name"": ""joachim henrard"", ""normalized_name_with_nickname"": null, ""primaryName"": ""Joachim Henrard"", ""primaryProfession"": ""animation_department"", ""birthYear"": null, ""deathYear"": null}]",,"{""timestamp"": ""2026-10-03T14:13:59.867647+00:00"", ""model"": ""gemma-4-12b-it-qat-q4_0.gguf"", ""api_version"": null}"
604,Blue_Eye_Samurai_S01E01,scene_014_static_002_num01212_sim98.jpg,Additional Crew,,Vincent Juan,Development,Additional Crew,,second_half,1212,pending,1,vincent juan,,,manual_required,"[{""nconst"": ""nm10472078"", ""normalized_name"": ""vincent juan"", ""normalized_name_with_nickname"": null, ""primaryName"": ""Vincent Juan"", ""primaryProfession"": ""director"", ""birthYear"": null, ""deathYear"": null}, {""nconst"": ""nm7395423"", ""normalized_name"": ""juan vincent"", ""normalized_name_with_nickname"": null, ""primaryName"": ""Juan Vincent"", ""primaryProfession"": ""actor,producer"", ""birthYear"": null, ""deathYear"": null}]",,"{""timestamp"": ""2026-10-03T14:13:59.867647+00:00"", ""model"": ""gemma-4-12b-it-qat-q4_0.gguf"", ""api_version"": null}"
605,Blue_Eye_Samurai_S01E01,scene_014_static_002_num01212_sim98.jpg,Additional Crew,,Yoren Martin,Development,Additional Crew,,second_half,1212,pending,1,yoren martin,,gp0000170,internal_assigned,,,"{""timestamp"": ""2026-10-03T14:13:59.867647+00:00"", ""model"": ""gemma-4-12b-it-qat-q4_0.gguf"", ""api_version"": null}"
606,Blue_Eye_Samurai_S01E01,scene_014_static_002_num01212_sim98.jpg,Additional Crew,,Noémie Pierre-Jean,Development,Additional Crew,,second_half,1212,pending,1,noemie pierre jean,,gp0000148,internal_assigned,,,"{""timestamp"": ""2026-10-03T14:13:59.867647+00:00"", ""model"": ""gemma-4-12b-it-qat-q4_0.gguf"", ""api_version"": null}"
607,Blue_Eye_Samurai_S01E01,scene_014_static_002_num01212_sim98.jpg,Additional Crew,,Léo Quillot,Development,Additional Crew,,second_half,1212,pending,1,leo quillot,,gp0000136,internal_assigned,,,"{""timestamp"": ""2026-10-03T14:13:59.867647+00:00"", ""model"": ""gemma-4-12b-it-qat-q4_0.gguf"", ""api_version"": null}"
608,Blue_Eye_Samurai_S01E01,scene_014_static_002_num01212_sim98.jpg,Additional Crew,,Pierre Vandel,Development,Additional Crew,,second_half,1212,pending,1,pierre vandel,,gp0000151,internal_assigned,,,"{""timestamp"": ""2026-10-03T14:13:59.867647+00:00"", ""model"": ""gemma-4-12b-it-qat-q4_0.gguf"", ""api_version"": null}"
609,Blue_Eye_Samurai_S01E01,scene_014_static_002_num01212_sim98.jpg,Additional Crew,,Jianqiao Wu,Development,Additional Crew,,second_half,1212,pending,1,jianqiao wu,,gp0000123,internal_assigned,,,"{""timestamp"": ""2026-10-03T14:13:59.867647+00:00"", ""model"": ""gemma-4-12b-it-qat-q4_0.gguf"", ""api_version"": null}"
610,Blue_Eye_Samurai_S01E01,scene_014_static_004_num01236_sim95.jpg,Animation Department,,PLUCKY,Titles Designed and Produced by,Animation Department,,second_half,1236,pending,0,plucky,,cm0000043,internal_assigned,,,"{""timestamp"": ""2026-10-03T14:13:59.867647+00:00"", ""model"": ""gemma-4-12b-it-qat-q4_0.gguf"", ""api_version"": null}"
611,Blue_Eye_Samurai_S01E01,scene_014_static_004_num01236_sim95.jpg,Art Department,,Aoi Yamaguchi,Calligraphy Design,Art Department,,second_half,1236,pending,1,aoi yamaguchi,,nm13432539,auto_assigned,,Aoi Yamaguchi,"{""timestamp"": ""2026-10-03T14:13:59.867647+00:00"", ""model"": ""gemma-4-12b-it-qat-q4_0.gguf"", ""api_version"": null}"
612,Blue_Eye_Samurai_S01E01,scene_014_static_004_num01236_sim95.jpg,Miscellaneous Companies,,PICTURE SHOP,Post Production Services Provided by,Miscellaneous Companies,,second_half,1236,pending,0,picture shop,,cm0000042,internal_assigned,,,"{""timestamp"": ""2026-10-03T14:13:59.867647+00:00"", ""model"": ""gemma-4-12b-it-qat-q4_0.gguf"", ""api_version"": null}"
613,Blue_Eye_Samurai_S01E01,scene_014_static_004_num01236_sim95.jpg,Color Department,,Natasha Leonnet,Senior Finishing Colorist,Color Department,,second_half,1236,pending,1,natasha leonnet,,,ambiguous,"[{""nconst"": ""nm1287778"", ""normalized_name"": ""natasha leonnet"", ""normalized_name_with_nickname"": null, ""primaryName"": ""Natasha Leonnet"", ""primaryProfession"": ""miscellaneous,editorial_department,visual_effects"", ""birthYear"": null, ""deathYear"": null}, {""nconst"": ""nm17198617"", ""normalized_name"": ""natasha leonnet"", ""normalized_name_with_nickname"": null, ""primaryName"": ""Natasha Leonnet"", ""primaryProfession"": ""miscellaneous"", ""birthYear"": null, ""deathYear"": null}]",,"{""timestamp"": ""2026-10-03T14:13:59.867647+00:00"", ""model"": ""gemma-4-12b-it-qat-q4_0.gguf"", ""api_version"": null}"
614,Blue_Eye_Samurai_S01E01,scene_014_static_004_num01236_sim95.jpg,Color Department,,Kalvin Johnson,Color Assist,Color Department,,second_half,1236,pending,1,kalvin johnson,,nm10274820,auto_assigned,,Kalvin Johnson,"{""timestamp"": ""2026-10-03T14:13:59.867647+00:00"", ""model"": ""gemma-4-12b-it-qat-q4_0.gguf"", ""api_version"": null}"
615,Blue_Eye_Samurai_S01E01,scene_014_static_004_num01236_sim95.jpg,Editors,,Jason Saulog,Finishing Editor,Editors,,second_half,1236,pending,1,jason saulog,,nm1990113,auto_assigned,,Jason Saulog,"{""timestamp"": ""2026-10-03T14:13:59.867647+00:00"", ""model"": ""gemma-4-12b-it-qat-q4_0.gguf"", ""api_version"": null}"
616,Blue_Eye_Samurai_S01E01,scene_014_static_004_num01236_sim95.jpg,Editorial Department,,Crystal Vilaikeo,Senior DI Producer,Editorial Department,,second_half,1236,pending,1,crystal vilaikeo,,nm12795437,auto_assigned,,Crystal Vilaikeo,"{""timestamp"": ""2026-10-03T14:13:59.867647+00:00"", ""model"": ""gemma-4-12b-it-qat-q4_0.gguf"", ""api_version"": null}"
617,Blue_Eye_Samurai_S01E01,scene_014_static_004_num01236_sim95.jpg,Editorial Department,,Marlee Forsyth,DI Producer,Editorial Department,,second_half,1236,pending,1,marlee forsyth,,,manual_required,"[{""nconst"": ""nm8583922"", ""normalized_name"": ""marlee forsyth"", ""normalized_name_with_nickname"": null, ""primaryName"": ""Marlee Forsyth"", ""primaryProfession"": ""actress,writer,director"", ""birthYear"": null, ""deathYear"": null}]",,"{""timestamp"": ""2026-10-03T14:13:59.867647+00:00"", ""model"": ""gemma-4-12b-it-qat-q4_0.gguf"", ""api_version"": null}"
618,Blue_Eye_Samurai_S01E01,scene_014_static_004_num01236_sim95.jpg,Production Department,,Kevin Spillyards,Project Manager,Production Department,,second_half,1236,pending,1,kevin spillyards,,nm5128264,auto_assigned,,Kevin Spillyards,"{""timestamp"": ""2026-10-03T14:13:59.867647+00:00"", ""model"": ""gemma-4-12b-it-qat-q4_0.gguf"", ""api_version"": null}"
619,Blue_Eye_Samurai_S01E01,scene_014_static_004_num01236_sim95.jpg,Special Effects Companies,,"BEIJING EIGHTY SEVEN EAST FILM TECHNOLOGY CO., LTD",Stunt Visualization Provided by,Special Effects Companies,,second_half,1236,pending,0,beijing eighty seven east film technology co ltd,,cm0000036,internal_assigned,,,"{""timestamp"": ""2026-10-03T14:13:59.867647+00:00"", ""model"": ""gemma-4-12b-it-qat-q4_0.gguf"", ""api_version"": null}"
620,Blue_Eye_Samurai_S01E01,scene_015_static_000_num01248_sim39.jpg,Thanks,,HOMAN CHOU,SPECIAL THANKS TO,Thanks,,second_half,1248,pending,1,homan chou,,gp0000112,internal_assigned,,,"{""timestamp"": ""2026-10-03T14:13:59.867647+00:00"", ""model"": ""gemma-4-12b-it-qat-q4_0.gguf"", ""api_version"": null}"
621,Blue_Eye_Samurai_S01E01,scene_015_static_000_num01248_sim39.jpg,Thanks,,ARON EII COLEITE,SPECIAL THANKS TO,Thanks,,second_half,1248,pending,1,aron eii coleite,,gp0000080,internal_assigned,,,"{""timestamp"": ""2026-10-03T14:13:59.867647+00:00"", ""model"": ""gemma-4-12b-it-qat-q4_0.gguf"", ""api_version"": null}"
622,Blue_Eye_Samurai_S01E01,scene_015_static_000_num01248_sim39.jpg,Thanks,,JUSTIN HAYTHE,SPECIAL THANKS TO,Thanks,,second_half,1248,pending,1,justin haythe,,gp0000122,internal_assigned,,,"{""timestamp"": ""2026-10-03T14:13:59.867647+00:00"", ""model"": ""gemma-4-12b-it-qat-q4_0.gguf"", ""api_version"": null}"
623,Blue_Eye_Samurai_S01E01,scene_015_static_000_num01248_sim39.jpg,Thanks,,JAMES LIAO,SPECIAL THANKS TO,Thanks,,second_half,1248,pending,1,james liao,,gp0000120,internal_assigned,,,"{""timestamp"": ""2026-10-03T14:13:59.867647+00:00"", ""model"": ""gemma-4-12b-it-qat-q4_0.gguf"", ""api_version"": null}"
624,Blue_Eye_Samurai_S01E01,scene_015_static_000_num01248_sim39.jpg,Thanks,,HIROSHI NOIZUMI,SPECIAL THANKS TO,Thanks,,second_half,1248,pending,1,hiroshi noizumi,,gp0000111,internal_assigned,,,"{""timestamp"": ""2026-10-03T14:13:59.867647+00:00"", ""model"": ""gemma-4-12b-it-qat-q4_0.gguf"", ""api_version"": null}"
625,Blue_Eye_Samurai_S01E01,scene_015_static_000_num01248_sim39.jpg,Thanks,,MARK SAITO,SPECIAL THANKS TO,Thanks,,second_half,1248,pending,1,mark saito,,gp0000138,internal_assigned,,,"{""timestamp"": ""2026-10-03T14:13:59.867647+00:00"", ""model"": ""gemma-4-12b-it-qat-q4_0.gguf"", ""api_version"": null}"
626,Blue_Eye_Samurai_S01E01,scene_015_static_000_num01248_sim39.jpg,Thanks,,MICHAEL THO,SPECIAL THANKS TO,Thanks,,second_half,1248,pending,1,michael tho,,gp0000139,internal_assigned,,,"{""timestamp"": ""2026-10-03T14:13:59.867647+00:00"", ""model"": ""gemma-4-12b-it-qat-q4_0.gguf"", ""api_version"": null}"
627,Blue_Eye_Samurai_S01E01,scene_015_static_000_num01248_sim39.jpg,Thanks,,YUMIKO WILSON,SPECIAL THANKS TO,Thanks,,second_half,1248,pending,1,yumiko wilson,,gp0000169,internal_assigned,,,"{""timestamp"": ""2026-10-03T14:13:59.867647+00:00"", ""model"": ""gemma-4-12b-it-qat-q4_0.gguf"", ""api_version"": null}"
628,Blue_Eye_Samurai_S01E01,scene_015_static_000_num01248_sim39.jpg,Thanks,,ALBERT,PRODUCTION BABIES,Thanks,,second_half,1248,pending,1,albert,,gp0000078,internal_assigned,,,"{""timestamp"": ""2026-10-03T14:13:59.867647+00:00"", ""model"": ""gemma-4-12b-it-qat-q4_0.gguf"", ""api_version"": null}"
629,Blue_Eye_Samurai_S01E01,scene_015_static_000_num01248_sim39.jpg,Thanks,,JACK,PRODUCTION BABIES,Thanks,,second_half,1248,pending,1,jack,,gp0000118,internal_assigned,,,"{""timestamp"": ""2026-10-03T14:13:59.867647+00:00"", ""model"": ""gemma-4-12b-it-qat-q4_0.gguf"", ""api_version"": null}"
630,Blue_Eye_Samurai_S01E01,scene_015_static_000_num01248_sim39.jpg,Thanks,,JAMES,PRODUCTION BABIES,Thanks,,second_half,1248,pending,1,james,,gp0000119,internal_assigned,,,"{""timestamp"": ""2026-10-03T14:13:59.867647+00:00"", ""model"": ""gemma-4-12b-it-qat-q4_0.gguf"", ""api_version"": null}"
631,Blue_Eye_Samurai_S01E01,scene_015_static_000_num01248_sim39.jpg,Thanks,,IBISSA,PRODUCTION BABIES,Thanks,,second_half,1248,pending,1,ibissa,,gp0000116,internal_assigned,,,"{""timestamp"": ""2026-10-03T14:13:59.867647+00:00"", ""model"": ""gemma-4-12b-it-qat-q4_0.gguf"", ""api_version"": null}"
632,Blue_Eye_Samurai_S01E01,scene_015_static_000_num01248_sim39.jpg,Thanks,,OBI,PRODUCTION BABIES,Thanks,,second_half,1248,pending,1,obi,,gp0000149,internal_assigned,,,"{""timestamp"": ""2026-10-03T14:13:59.867647+00:00"", ""model"": ""gemma-4-12b-it-qat-q4_0.gguf"", ""api_version"": null}"
633,Blue_Eye_Samurai_S01E01,scene_015_static_000_num01248_sim39.jpg,Thanks,,TALIA,PRODUCTION BABIES,Thanks,,second_half,1248,pending,1,talia,,gp0000158,internal_assigned,,,"{""timestamp"": ""2026-10-03T14:13:59.867647+00:00"", ""model"": ""gemma-4-12b-it-qat-q4_0.gguf"", ""api_version"": null}"
634,Blue_Eye_Samurai_S01E01,scene_015_static_000_num01248_sim39.jpg,Thanks,,ZOÉ,PRODUCTION BABIES,Thanks,,second_half,1248,pending,1,zoe,,gp0000171,internal_assigned,,,"{""timestamp"": ""2026-10-03T14:13:59.867647+00:00"", ""model"": ""gemma-4-12b-it-qat-q4_0.gguf"", ""api_version"": null}"
635,Blue_Eye_Samurai_S01E01,scene_016_static_000_num01276_sim32.jpg,Miscellaneous Companies,,NETFLIX,© 2023,Miscellaneous Companies,,second_half,1276,pending,0,netflix,,cm0000040,internal_assigned,,,"{""timestamp"": ""2026-10-03T14:13:59.867647+00:00"", ""model"": ""gemma-4-12b-it-qat-q4_0.gguf"", ""api_version"": null}"
636,Blue_Eye_Samurai_S01E01,scene_016_static_000_num01276_sim32.jpg,Miscellaneous Companies,,Québec,Production Services Tax Credit,Miscellaneous Companies,,second_half,1276,pending,0,québec,,cm0000044,internal_assigned,,,"{""timestamp"": ""2026-10-03T14:13:59.867647+00:00"", ""model"": ""gemma-4-12b-it-qat-q4_0.gguf"", ""api_version"": null}"
637,Blue_Eye_Samurai_S01E01,scene_016_static_000_num01276_sim32.jpg,Miscellaneous Companies,,SODEC,Production Services Tax Credit,Miscellaneous Companies,,second_half,1276,pending,0,sodec,,cm0000045,internal_assigned,,,"{""timestamp"": ""2026-10-03T14:13:59.867647+00:00"", ""model"": ""gemma-4-12b-it-qat-q4_0.gguf"", ""api_version"": null}"
638,Blue_Eye_Samurai_S01E01,scene_016_static_000_num01276_sim32.jpg,Miscellaneous Companies,,ONTARIO CREATIF,Production Services Tax Credit,Miscellaneous Companies,,second_half,1276,pending,0,ontario creatif,,cm0000041,internal_assigned,,,"{""timestamp"": ""2026-10-03T14:13:59.867647+00:00"", ""model"": ""gemma-4-12b-it-qat-q4_0.gguf"", ""api_version"": null}"
639,Blue_Eye_Samurai_S01E01,scene_016_static_000_num01276_sim32.jpg,Miscellaneous Companies,,FILM FRANCE,Film France,Miscellaneous Companies,,second_half,1276,pending,0,film france,,cm0000038,internal_assigned,,,"{""timestamp"": ""2026-10-03T14:13:59.867647+00:00"", ""model"": ""gemma-4-12b-it-qat-q4_0.gguf"", ""api_version"": null}"
640,Blue_Eye_Samurai_S01E01,scene_017_static_001_num01316_sim92.jpg,Miscellaneous Companies,,J.A. GREEN CONSTRUCTION CORP.,,Miscellaneous Companies,,second_half,1316,pending,0,j a green construction corp,,cm0000039,internal_assigned,,,"{""timestamp"": ""2026-10-03T14:13:59.867647+00:00"", ""model"": ""gemma-4-12b-it-qat-q4_0.gguf"", ""api_version"": null}"
641,Blue_Eye_Samurai_S01E01,scene_018_static_000_num01364_sim31.jpg,Miscellaneous Companies,,3 ARTS ENTERTAINMENT,,Miscellaneous Companies,,second_half,1364,pending,0,3 arts entertainment,,cm0000035,internal_assigned,,,"{""timestamp"": ""2026-10-03T14:13:59.867647+00:00"", ""model"": ""gemma-4-12b-it-qat-q4_0.gguf"", ""api_version"": null}"
642,Blue_Eye_Samurai_S01E01,scene_022_static_001_num01491_sim83.jpg,Production Companies,,NETFLIX,,Production Companies,,second_half,1491,pending,0,netflix,,cm0000024,internal_assigned,,,"{""timestamp"": ""2026-10-03T14:13:59.867647+00:00"", ""model"": ""gemma-4-12b-it-qat-q4_0.gguf"", ""api_version"": null}"
643,Honeyland,"scene_000_scroll_001_num00300_sim0.jpg,scene_000_scroll_003_num00600_sim0.jpg",Cast,,MATDZE MBATIDYA,FEATURING,Cast,,first_half,"300,600",pending,1,matdze mbatidya,,gp0000294,internal_assigned,,,"{""timestamp"": ""2026-10-03T14:29:00.231840+00:00"", ""model"": ""gemma-4-12b-it-qat-q4_0.gguf"", ""api_version"": null}"
644,Honeyland,scene_000_scroll_001_num00300_sim0.jpg,Cast,,NAZFFE MBATIDYA,FEATURING,Cast,,first_half,300,pending,1,nazffe mbatidya,,gp0000304,internal_assigned,,,"{""timestamp"": ""2026-10-03T14:29:00.231840+00:00"", ""model"": ""gemma-4-12b-it-qat-q4_0.gguf"", ""api_version"": null}"
645,Honeyland,"scene_000_scroll_001_num00300_sim0.jpg,scene_000_scroll_003_num00600_sim0.jpg,scene_000_scroll_005_num00900_sim0.jpg",Cast,,HUSSEIN SAM,FEATURING,Cast,,first_half,"300,600,900",pending,1,hussein sam,,,manual_required,"[{""nconst"": ""nm10866002"", ""normalized_name"": ""hussein sam"", ""normalized_name_with_nickname"": null, ""primaryName"": ""Hussein Sam"", ""primaryProfession"": null, ""birthYear"": null, ""deathYear"": null}, {""nconst"": ""nm12133832"", ""normalized_name"": ""sam hussein"", ""normalized_name_with_nickname"": null, ""primaryName"": ""Sam Hussein"", ""primaryProfession"": ""camera_department"", ""birthYear"": null, ""deathYear"": null}, {""nconst"": ""nm9832661"", ""normalized_name"": ""sam hussein"", ""normalized_name_with_nickname"": null, ""primaryName"": ""Sam Hussein"", ""primaryProfession"": ""sound_department"", ""birthYear"": null, ""deathYear"": null}]",,"{""timestamp"": ""2026-10-03T14:29:00.231840+00:00"", ""model"": ""gemma-4-12b-it-qat-q4_0.gguf"", ""api_version"": null}"
646,Honeyland,scene_000_scroll_001_num00300_sim0.jpg,Cast,,LAITIVE SAM,FEATURING,Cast,,first_half,300,pending,1,laitive sam,,gp0000264,internal_assigned,,,"{""timestamp"": ""2026-10-03T14:29:00.231840+00:00"", ""model"": ""gemma-4-12b-it-qat-q4_0.gguf"", ""api_version"": null}"
647,Honeyland,scene_000_scroll_001_num00300_sim0.jpg,Cast,,MUSTAQA BAM,FEATURING,Cast,,first_half,300,pending,1,mustaqa bam,,gp0000300,internal_assigned,,,"{""timestamp"": ""2026-10-03T14:29:00.231840+00:00"", ""model"": ""gemma-4-12b-it-qat-q4_0.gguf"", ""api_version"": null}"
648,Honeyland,"scene_000_scroll_001_num00300_sim0.jpg,scene_000_scroll_003_num00600_sim0.jpg",Cast,,MUZAFERI SAM,FEATURING,Cast,,first_half,"300,600",pending,1,muzaferi sam,,gp0000301,internal_assigned,,,"{""timestamp"": ""2026-10-03T14:29:00.231840+00:00"", ""model"": ""gemma-4-12b-it-qat-q4_0.gguf"", ""api_version"": null}"
649,Honeyland,"scene_000_scroll_001_num00300_sim0.jpg,scene_000_scroll_003_num00600_sim0.jpg",Cast,,VELI SAM,FEATURING,Cast,,first_half,"300,600",pending,1,veli sam,,,manual_required,"[{""nconst"": ""nm13416430"", ""normalized_name"": ""veli sam"", ""normalized_name_with_nickname"": null, ""primaryName"": ""Veli Sam"", ""primaryProfession"": null, ""birthYear"": null, ""deathYear"": null}]",,"{""timestamp"": ""2026-10-03T14:29:00.231840+00:00"", ""model"": ""gemma-4-12b-it-qat-q4_0.gguf"", ""api_version"": null}"
650,Honeyland,"scene_000_scroll_001_num00300_sim0.jpg,scene_000_scroll_003_num00600_sim0.jpg,scene_000_scroll_004_num00750_sim0.jpg,scene_000_scroll_006_num01050_sim0.jpg",Cast,,ALI SAM,FEATURING,Cast,,first_half,"300,600,750,1050",pending,1,ali sam,,,manual_required,"[{""nconst"": ""nm12863246"", ""normalized_name"": ""sam ali"", ""normalized_name_with_nickname"": null, ""primaryName"": ""Sam Ali"", ""primaryProfession"": null, ""birthYear"": null, ""deathYear"": null}, {""nconst"": ""nm13416431"", ""normalized_name"": ""ali sam"", ""normalized_name_with_nickname"": null, ""primaryName"": ""Ali Sam"", ""primaryProfession"": null, ""birthYear"": null, ""deathYear"": null}]",,"{""timestamp"": ""2026-10-03T14:29:00.231840+00:00"", ""model"": ""gemma-4-12b-it-qat-q4_0.gguf"", ""api_version"": null}"
651,Honeyland,scene_000_scroll_002_num00450_sim0.jpg,Cast,,ALTI SAM,FEATURING,Cast,,first_half,450,pending,1,alti sam,,nm1595588,auto_assigned,,Sam Ault,"{""timestamp"": ""2026-10-03T14:29:00.231840+00:00"", ""model"": ""gemma-4-12b-it-qat-q4_0.gguf"", ""api_version"": null}"
652,Honeyland,"scene_000_scroll_002_num00450_sim0.jpg,scene_000_scroll_004_num00750_sim0.jpg,scene_000_scroll_006_num01050_sim0.jpg",Cast,,GANZE SAM,FEATURING,Cast,,first_half,"450,750,1050",pending,1,ganze sam,,nm11021667,auto_assigned,,Sam Gan,"{""timestamp"": ""2026-10-03T14:29:00.231840+00:00"", ""model"": ""gemma-4-12b-it-qat-q4_0.gguf"", ""api_version"": null}"
653,Honeyland,scene_000_scroll_002_num00450_sim0.jpg,Cast,,LAITTYSHI SAM,FEATURING,Cast,,first_half,450,pending,1,laittyshi sam,,gp0000265,internal_assigned,,,"{""timestamp"": ""2026-10-03T14:29:00.231840+00:00"", ""model"": ""gemma-4-12b-it-qat-q4_0.gguf"", ""api_version"": null}"
654,Honeyland,scene_000_scroll_002_num00450_sim0.jpg,Cast,,SAFET JABROVAVIC,FEATURING,Cast,,first_half,450,pending,1,safet jabrovavic,,gp0000321,internal_assigned,,,"{""timestamp"": ""2026-10-03T14:29:00.231840+00:00"", ""model"": ""gemma-4-12b-it-qat-q4_0.gguf"", ""api_version"": null}"
655,Honeyland,scene_000_scroll_003_num00600_sim0.jpg,Cast,,NAZFE MBATIDYA,FEATURING,Cast,,first_half,600,pending,1,nazfe mbatidya,,gp0000303,internal_assigned,,,"{""timestamp"": ""2026-10-03T14:29:00.231840+00:00"", ""model"": ""gemma-4-12b-it-qat-q4_0.gguf"", ""api_version"": null}"
656,Honeyland,"scene_000_scroll_003_num00600_sim0.jpg,scene_000_scroll_005_num00900_sim0.jpg",Cast,,LAJITVE SAM,FEATURING,Cast,,first_half,"600,900",pending,1,lajitve sam,,gp0000266,internal_assigned,,,"{""timestamp"": ""2026-10-03T14:29:00.231840+00:00"", ""model"": ""gemma-4-12b-it-qat-q4_0.gguf"", ""api_version"": null}"
657,Honeyland,scene_000_scroll_003_num00600_sim0.jpg,Cast,,MUSTAFA SAM,FEATURING,Cast,,first_half,600,pending,1,mustafa sam,,,manual_required,"[{""nconst"": ""nm12365144"", ""normalized_name"": ""sam mustafa"", ""normalized_name_with_nickname"": null, ""primaryName"": ""Sam Mustafa"", ""primaryProfession"": ""animation_department"", ""birthYear"": null, ""deathYear"": null}, {""nconst"": ""nm13416428"", ""normalized_name"": ""mustafa sam"", ""normalized_name_with_nickname"": null, ""primaryName"": ""Mustafa Sam"", ""primaryProfession"": null, ""birthYear"": null, ""deathYear"": null}]",,"{""timestamp"": ""2026-10-03T14:29:00.231840+00:00"", ""model"": ""gemma-4-12b-it-qat-q4_0.gguf"", ""api_version"": null}"
658,Honeyland,"scene_000_scroll_003_num00600_sim0.jpg,scene_000_scroll_004_num00750_sim0.jpg",Directors,,LJUBO STEFANDY,DIRECTED BY,Directors,,first_half,"600,750",pending,1,ljubo stefandy,,gp0000276,internal_assigned,,,"{""timestamp"": ""2026-10-03T14:29:00.231840+00:00"", ""model"": ""gemma-4-12b-it-qat-q4_0.gguf"", ""api_version"": null}"
659,Honeyland,"scene_000_scroll_003_num00600_sim0.jpg,scene_000_scroll_004_num00750_sim0.jpg",Directors,,TAMARA KOTYERSKA,DIRECTED BY,Directors,,first_half,"600,750",pending,1,tamara kotyerska,,nm9393813,auto_assigned,,Tamara Kotevska,"{""timestamp"": ""2026-10-03T14:29:00.231840+00:00"", ""model"": ""gemma-4-12b-it-qat-q4_0.gguf"", ""api_version"": null}"
660,Honeyland,scene_000_scroll_003_num00600_sim0.jpg,Producers,Editorial Department,ZORAN_GORODIC,PRODUCER AND EDITOR,Producers,,first_half,600,pending,1,zoran gorodic,,gp0000353,internal_assigned,,,"{""timestamp"": ""2026-10-03T14:29:00.231840+00:00"", ""model"": ""gemma-4-12b-it-qat-q4_0.gguf"", ""api_version"": null}"
661,Honeyland,"scene_000_scroll_004_num00750_sim0.jpg,scene_000_scroll_006_num01050_sim0.jpg",Cast,,ALIZ SAM,FEATURING,Cast,,first_half,"750,1050",pending,1,aliz sam,,,ambiguous,"[{""nconst"": ""nm5741915"", ""normalized_name"": ""sam liz"", ""normalized_name_with_nickname"": null, ""primaryName"": ""Sam Liz"", ""primaryProfession"": ""actress,miscellaneous,director"", ""birthYear"": null, ""deathYear"": null, ""fuzzy_similarity"": ""93"", ""matched_string"": ""sam liz""}, {""nconst"": ""nm3310689"", ""normalized_name"": ""sam alaniz"", ""normalized_name_with_nickname"": null, ""primaryName"": ""Sam Alaniz"", ""primaryProfession"": ""actor"", ""birthYear"": null, ""deathYear"": null, ""fuzzy_similarity"": ""89"", ""matched_string"": ""sam alaniz""}, {""nconst"": ""nm8639171"", ""normalized_name"": ""sam luiz"", ""normalized_name_with_nickname"": null, ""primaryName"": ""Sam Luiz"", ""primaryProfession"": ""special_effects,actor,art_department"", ""birthYear"": null, ""deathYear"": null, ""fuzzy_similarity"": ""88"", ""matched_string"": ""sam luiz""}]",,"{""timestamp"": ""2026-10-03T14:29:00.231840+00:00"", ""model"": ""gemma-4-12b-it-qat-q4_0.gguf"", ""api_version"": null}"
662,Honeyland,scene_000_scroll_004_num00750_sim0.jpg,Cast,,LAJITVOSI SAM,FEATURING,Cast,,first_half,750,pending,1,lajitvosi sam,,gp0000268,internal_assigned,,,"{""timestamp"": ""2026-10-03T14:29:00.231840+00:00"", ""model"": ""gemma-4-12b-it-qat-q4_0.gguf"", ""api_version"": null}"
663,Honeyland,scene_000_scroll_004_num00750_sim0.jpg,Cast,,SAFET JAVOROVAC,FEATURING,Cast,,first_half,750,pending,1,safet javorovac,,,manual_required,"[{""nconst"": ""nm13416435"", ""normalized_name"": ""safet javorovac"", ""normalized_name_with_nickname"": null, ""primaryName"": ""Safet Javorovac"", ""primaryProfession"": null, ""birthYear"": null, ""deathYear"": null}]",,"{""timestamp"": ""2026-10-03T14:29:00.231840+00:00"", ""model"": ""gemma-4-12b-it-qat-q4_0.gguf"", ""api_version"": null}"
664,Honeyland,scene_000_scroll_004_num00750_sim0.jpg,Producers,Editorial Department,ATAMAS GEORGIY,PRODUCER AND EDITOR,Producers,,first_half,750,pending,1,atamas georgiy,,gp0000183,internal_assigned,,,"{""timestamp"": ""2026-10-03T14:29:00.231840+00:00"", ""model"": ""gemma-4-12b-it-qat-q4_0.gguf"", ""api_version"": null}"
665,Honeyland,scene_000_scroll_004_num00750_sim0.jpg,Producers,,LJUBO STEFANDY,PRODUCER,Producers,,first_half,750,pending,1,ljubo stefandy,,gp0000277,internal_assigned,,,"{""timestamp"": ""2026-10-03T14:29:00.231840+00:00"", ""model"": ""gemma-4-12b-it-qat-q4_0.gguf"", ""api_version"": null}"
666,Honeyland,scene_000_scroll_005_num00900_sim0.jpg,Cast,,NATADZE MRBATIVA,FEATURING,Cast,,first_half,900,pending,1,natadze mrbativa,,gp0000302,internal_assigned,,,"{""timestamp"": ""2026-10-03T14:29:00.231840+00:00"", ""model"": ""gemma-4-12b-it-qat-q4_0.gguf"", ""api_version"": null}"
667,Honeyland,scene_000_scroll_005_num00900_sim0.jpg,Cast,,NAZIFE MRBATIVA,FEATURING,Cast,,first_half,900,pending,1,nazife mrbativa,,gp0000305,internal_assigned,,,"{""timestamp"": ""2026-10-03T14:29:00.231840+00:00"", ""model"": ""gemma-4-12b-it-qat-q4_0.gguf"", ""api_version"": null}"
668,Honeyland,scene_000_scroll_005_num00900_sim0.jpg,Cinematographers,,FILMI DAIT,CINEMATOGRAPHERS,Cinematographers,,first_half,900,pending,0,filmi dait,,cm0000058,internal_assigned,,,"{""timestamp"": ""2026-10-03T14:29:00.231840+00:00"", ""model"": ""gemma-4-12b-it-qat-q4_0.gguf"", ""api_version"": null}"
669,Honeyland,"scene_000_scroll_005_num00900_sim0.jpg,scene_000_scroll_007_num01200_sim0.jpg",Cinematographers,,SAMIR LAMA,CINEMATOGRAPHERS,Cinematographers,,first_half,"900,1200",pending,1,samir lama,,,manual_required,"[{""nconst"": ""nm1722328"", ""normalized_name"": ""samir lama"", ""normalized_name_with_nickname"": null, ""primaryName"": ""Samir Lama"", ""primaryProfession"": ""visual_effects"", ""birthYear"": null, ""deathYear"": null}]",,"{""timestamp"": ""2026-10-03T14:29:00.231840+00:00"", ""model"": ""gemma-4-12b-it-qat-q4_0.gguf"", ""api_version"": null}"
670,Honeyland,scene_000_scroll_006_num01050_sim0.jpg,Cast,,LAJITVISHI SAM,LAJITVISHI SAM,Cast,,first_half,1050,pending,1,lajitvishi sam,,gp0000267,internal_assigned,,,"{""timestamp"": ""2026-10-03T14:29:00.231840+00:00"", ""model"": ""gemma-4-12b-it-qat-q4_0.gguf"", ""api_version"": null}"
671,Honeyland,scene_000_scroll_006_num01050_sim0.jpg,Cast,,SAFET JAVROVAV,SAFET JAVROVAV,Cast,,first_half,1050,pending,1,safet javrovav,,gp0000322,internal_assigned,,,"{""timestamp"": ""2026-10-03T14:29:00.231840+00:00"", ""model"": ""gemma-4-12b-it-qat-q4_0.gguf"", ""api_version"": null}"
672,Honeyland,scene_000_scroll_006_num01050_sim0.jpg,Directors,,LJUBI STEFANDY,DIRECTED BY,Directors,,first_half,1050,pending,1,ljubi stefandy,,gp0000274,internal_assigned,,,"{""timestamp"": ""2026-10-03T14:29:00.231840+00:00"", ""model"": ""gemma-4-12b-it-qat-q4_0.gguf"", ""api_version"": null}"
673,Honeyland,"scene_000_scroll_006_num01050_sim0.jpg,scene_000_scroll_008_num01350_sim0.jpg",Directors,,TAMARA KOTEYSKA,DIRECTED BY,Directors,,first_half,"1050,1350",pending,1,tamara koteyska,,nm9393813,auto_assigned,,Tamara Kotevska,"{""timestamp"": ""2026-10-03T14:29:00.231840+00:00"", ""model"": ""gemma-4-12b-it-qat-q4_0.gguf"", ""api_version"": null}"
674,Honeyland,scene_000_scroll_006_num01050_sim0.jpg,Producers,,ATAMAS SERGEY,PRODUCER,Producers,,first_half,1050,pending,1,atamas sergey,,gp0000184,internal_assigned,,,"{""timestamp"": ""2026-10-03T14:29:00.231840+00:00"", ""model"": ""gemma-4-12b-it-qat-q4_0.gguf"", ""api_version"": null}"
675,Honeyland,scene_000_scroll_006_num01050_sim0.jpg,Editors,,ATAMAS SERGEY,EDITOR,Editors,,first_half,1050,pending,1,atamas sergey,,gp0000185,internal_assigned,,,"{""timestamp"": ""2026-10-03T14:29:00.231840+00:00"", ""model"": ""gemma-4-12b-it-qat-q4_0.gguf"", ""api_version"": null}"
676,Honeyland,scene_000_scroll_006_num01050_sim0.jpg,Producers,,LJUBI STEFANDY,PRODUCER,Producers,,first_half,1050,pending,1,ljubi stefandy,,gp0000275,internal_assigned,,,"{""timestamp"": ""2026-10-03T14:29:00.231840+00:00"", ""model"": ""gemma-4-12b-it-qat-q4_0.gguf"", ""api_version"": null}"
677,Honeyland,scene_000_scroll_006_num01050_sim0.jpg,Sound Department,,RAINA ED,SOUND DESIGNER,Sound Department,,first_half,1050,pending,1,raina ed,,gp0000313,internal_assigned,,,"{""timestamp"": ""2026-10-03T14:29:00.231840+00:00"", ""model"": ""gemma-4-12b-it-qat-q4_0.gguf"", ""api_version"": null}"
678,Honeyland,scene_000_scroll_007_num01200_sim0.jpg,Cinematographers,,FELIM DAIT,CINEMATOGRAPHERS,Cinematographers,,first_half,1200,pending,1,felim dait,,gp0000228,internal_assigned,,,"{""timestamp"": ""2026-10-03T14:29:00.231840+00:00"", ""model"": ""gemma-4-12b-it-qat-q4_0.gguf"", ""api_version"": null}"
679,Honeyland,"scene_000_scroll_007_num01200_sim0.jpg,scene_000_scroll_009_num01500_sim0.jpg,scene_000_scroll_011_num01800_sim0.jpg,scene_000_scroll_021_num03300_sim0.jpg",Composers,,FOLTIN,MUSIC,Composers,,first_half,"1200,1500,1800,3300",pending,1,foltin,,nm3334929,auto_assigned,,Foltin,"{""timestamp"": ""2026-10-03T14:29:00.231840+00:00"", ""model"": ""gemma-4-12b-it-qat-q4_0.gguf"", ""api_version"": null}"
680,Honeyland,scene_000_scroll_007_num01200_sim0.jpg,Producers,,MARIJANA ŠNUBILEVSKA,ASSOCIATE PRODUCERS,Producers,,first_half,1200,pending,1,marijana snubilevska,,gp0000288,internal_assigned,,,"{""timestamp"": ""2026-10-03T14:29:00.231840+00:00"", ""model"": ""gemma-4-12b-it-qat-q4_0.gguf"", ""api_version"": null}"
681,Honeyland,scene_000_scroll_007_num01200_sim0.jpg,Producers,,KRISTINELL RITOVOSKA,ASSOCIATE PRODUCERS,Producers,,first_half,1200,pending,1,kristinell ritovoska,,gp0000261,internal_assigned,,,"{""timestamp"": ""2026-10-03T14:29:00.231840+00:00"", ""model"": ""gemma-4-12b-it-qat-q4_0.gguf"", ""api_version"": null}"
682,Honeyland,scene_000_scroll_008_num01350_sim0.jpg,Directors,,LABJO STEFANDY,DIRECTED BY,Directors,,first_half,1350,pending,1,labjo stefandy,,gp0000262,internal_assigned,,,"{""timestamp"": ""2026-10-03T14:29:00.231840+00:00"", ""model"": ""gemma-4-12b-it-qat-q4_0.gguf"", ""api_version"": null}"
683,Honeyland,scene_000_scroll_008_num01350_sim0.jpg,Producers,Editorial Department,ATAYANS SERGIEY,PRODUCER AND EDITOR,Producers,,first_half,1350,pending,1,atayans sergiey,,gp0000187,internal_assigned,,,"{""timestamp"": ""2026-10-03T14:29:00.231840+00:00"", ""model"": ""gemma-4-12b-it-qat-q4_0.gguf"", ""api_version"": null}"
684,Honeyland,"scene_000_scroll_008_num01350_sim0.jpg,scene_000_scroll_009_num01500_sim0.jpg",Producers,,LABJO STEFANDY,PRODUCER,Producers,,first_half,"1350,1500",pending,1,labjo stefandy,,gp0000263,internal_assigned,,,"{""timestamp"": ""2026-10-03T14:29:00.231840+00:00"", ""model"": ""gemma-4-12b-it-qat-q4_0.gguf"", ""api_version"": null}"
685,Honeyland,"scene_000_scroll_008_num01350_sim0.jpg,scene_000_scroll_009_num01500_sim0.jpg,scene_000_scroll_011_num01800_sim0.jpg",Sound Department,,RANA EBD,SOUND DESIGNER,Sound Department,,first_half,"1350,1500,1800",pending,1,rana ebd,,nm2438745,auto_assigned,,Rana Eid,"{""timestamp"": ""2026-10-03T14:29:00.231840+00:00"", ""model"": ""gemma-4-12b-it-qat-q4_0.gguf"", ""api_version"": null}"
686,Honeyland,"scene_000_scroll_008_num01350_sim0.jpg,scene_000_scroll_009_num01500_sim0.jpg",Cinematographers,,KRISTILIAN KAVAZDZYOSKI,ADDITIONAL CINEMATOGRAPHER,Cinematographers,,first_half,"1350,1500",pending,1,kristilian kavazdzyoski,,gp0000260,internal_assigned,,,"{""timestamp"": ""2026-10-03T14:29:00.231840+00:00"", ""model"": ""gemma-4-12b-it-qat-q4_0.gguf"", ""api_version"": null}"
687,Honeyland,"scene_000_scroll_008_num01350_sim0.jpg,scene_000_scroll_009_num01500_sim0.jpg",Editorial Department,,IBRAULIAN NEDELKOVSKI,ADDITIONAL EDITOR,Editorial Department,,first_half,"1350,1500",pending,1,ibraulian nedelkovski,,gp0000241,internal_assigned,,,"{""timestamp"": ""2026-10-03T14:29:00.231840+00:00"", ""model"": ""gemma-4-12b-it-qat-q4_0.gguf"", ""api_version"": null}"
688,Honeyland,"scene_000_scroll_008_num01350_sim0.jpg,scene_000_scroll_009_num01500_sim0.jpg",Sound Department,,VARESSA KANAN,DIALOGUE EDITOR,Sound Department,,first_half,"1350,1500",pending,1,varessa kanan,,gp0000343,internal_assigned,,,"{""timestamp"": ""2026-10-03T14:29:00.231840+00:00"", ""model"": ""gemma-4-12b-it-qat-q4_0.gguf"", ""api_version"": null}"
689,Honeyland,"scene_000_scroll_008_num01350_sim0.jpg,scene_000_scroll_009_num01500_sim0.jpg",Sound Department,,LAMI KAVAYA, Foley ARTIST,Sound Department,,first_half,"1350,1500",pending,1,lami kavaya,,gp0000270,internal_assigned,,,"{""timestamp"": ""2026-10-03T14:29:00.231840+00:00"", ""model"": ""gemma-4-12b-it-qat-q4_0.gguf"", ""api_version"": null}"
690,Honeyland,scene_000_scroll_008_num01350_sim0.jpg,Color Department,,ELIAN V. VASYKOV,COLOUR GRADING,Color Department,,first_half,1350,pending,1,elian v vasykov,,gp0000224,internal_assigned,,,"{""timestamp"": ""2026-10-03T14:29:00.231840+00:00"", ""model"": ""gemma-4-12b-it-qat-q4_0.gguf"", ""api_version"": null}"
691,Honeyland,scene_000_scroll_009_num01500_sim0.jpg,Cinematographers,,FELIM DAUT,CINEMATOGRAPHERS,Cinematographers,,first_half,1500,pending,1,felim daut,,gp0000229,internal_assigned,,,"{""timestamp"": ""2026-10-03T14:29:00.231840+00:00"", ""model"": ""gemma-4-12b-it-qat-q4_0.gguf"", ""api_version"": null}"
692,Honeyland,scene_000_scroll_009_num01500_sim0.jpg,Cinematographers,,SMIR LAMA,CINEMATOGRAPHERS,Cinematographers,,first_half,1500,pending,1,smir lama,,gp0000328,internal_assigned,,,"{""timestamp"": ""2026-10-03T14:29:00.231840+00:00"", ""model"": ""gemma-4-12b-it-qat-q4_0.gguf"", ""api_version"": null}"
693,Honeyland,scene_000_scroll_009_num01500_sim0.jpg,Producers,,MAJUMANA SHIDULEYSKA,ASSOCIATE PRODUCERS,Producers,,first_half,1500,pending,1,majumana shiduleyska,,gp0000285,internal_assigned,,,"{""timestamp"": ""2026-10-03T14:29:00.231840+00:00"", ""model"": ""gemma-4-12b-it-qat-q4_0.gguf"", ""api_version"": null}"
694,Honeyland,scene_000_scroll_009_num01500_sim0.jpg,Producers,,KONIKELLA RISTOVSKA,ASSOCIATE PRODUCERS,Producers,,first_half,1500,pending,1,konikella ristovska,,gp0000255,internal_assigned,,,"{""timestamp"": ""2026-10-03T14:29:00.231840+00:00"", ""model"": ""gemma-4-12b-it-qat-q4_0.gguf"", ""api_version"": null}"
695,Honeyland,scene_000_scroll_009_num01500_sim0.jpg,Sound Department,,FRAM.COM.V.YASEK,FOLEY RECORDING,Sound Department,,first_half,1500,pending,1,fram com v yasek,,gp0000235,internal_assigned,,,"{""timestamp"": ""2026-10-03T14:29:00.231840+00:00"", ""model"": ""gemma-4-12b-it-qat-q4_0.gguf"", ""api_version"": null}"
696,Honeyland,scene_000_scroll_009_num01500_sim0.jpg,Sound Department,,FLORIAN LAVAIE EE,RE-RECORDING MIXER,Sound Department,,first_half,1500,pending,1,florian lavaie ee,,gp0000231,internal_assigned,,,"{""timestamp"": ""2026-10-03T14:29:00.231840+00:00"", ""model"": ""gemma-4-12b-it-qat-q4_0.gguf"", ""api_version"": null}"
697,Honeyland,scene_000_scroll_009_num01500_sim0.jpg,Miscellaneous Companies,,DE-HAL STUDIOS - BERUT,AUDIO POST-PRODUKTION,Miscellaneous Companies,,first_half,1500,pending,0,de hal studios berut,,cm0000054,internal_assigned,,,"{""timestamp"": ""2026-10-03T14:29:00.231840+00:00"", ""model"": ""gemma-4-12b-it-qat-q4_0.gguf"", ""api_version"": null}"
698,Honeyland,scene_000_scroll_009_num01500_sim0.jpg,Color Department,,VLADIMIR IVANDYVSKI,COLOR GRADING,Color Department,,first_half,1500,pending,1,vladimir ivandyvski,,nm4357855,auto_assigned,,Vladimir Ivanovski,"{""timestamp"": ""2026-10-03T14:29:00.231840+00:00"", ""model"": ""gemma-4-12b-it-qat-q4_0.gguf"", ""api_version"": null}"
699,Honeyland,scene_000_scroll_009_num01500_sim0.jpg,Editorial Department,,MATTIN IVANDY,EDITOR ASSISTANTS,Editorial Department,,first_half,1500,pending,1,mattin ivandy,,gp0000296,internal_assigned,,,"{""timestamp"": ""2026-10-03T14:29:00.231840+00:00"", ""model"": ""gemma-4-12b-it-qat-q4_0.gguf"", ""api_version"": null}"
700,Honeyland,scene_000_scroll_010_num01650_sim0.jpg,Editorial Department,,DEJAN SMILESKY,EDITOR ASSISTANTS,Editorial Department,,first_half,1650,pending,1,dejan smilesky,,nm9526640,auto_assigned,,Dejan Smileski,"{""timestamp"": ""2026-10-03T14:29:00.231840+00:00"", ""model"": ""gemma-4-12b-it-qat-q4_0.gguf"", ""api_version"": null}"
701,Honeyland,scene_000_scroll_010_num01650_sim0.jpg,Art Department,,ANDREJ J. MAJIANOVIC,GRAPHIC DESIGNER,Art Department,,first_half,1650,pending,1,andrej j majianovic,,nm13435919,auto_assigned,,Andrej Marjanovic,"{""timestamp"": ""2026-10-03T14:29:00.231840+00:00"", ""model"": ""gemma-4-12b-it-qat-q4_0.gguf"", ""api_version"": null}"
702,Honeyland,scene_000_scroll_010_num01650_sim0.jpg,Music Department,,IVICA JAMKILJOVSKI,MUSIC PRODUCER,Music Department,,first_half,1650,pending,1,ivica jamkiljovski,,gp0000244,internal_assigned,,,"{""timestamp"": ""2026-10-03T14:29:00.231840+00:00"", ""model"": ""gemma-4-12b-it-qat-q4_0.gguf"", ""api_version"": null}"
703,Honeyland,scene_000_scroll_010_num01650_sim0.jpg,Composers,,BRANISLAV NIKOV,FOLTIN AIE,Composers,,first_half,1650,pending,1,branislav nikov,,nm7245561,auto_assigned,,Branislav Nikolov,"{""timestamp"": ""2026-10-03T14:29:00.231840+00:00"", ""model"": ""gemma-4-12b-it-qat-q4_0.gguf"", ""api_version"": null}"
704,Honeyland,scene_000_scroll_011_num01800_sim0.jpg,Producers,,MAJAGAN SHIDULEVSKA,ASSOCIATE PRODUCERS,Producers,,first_half,1800,pending,1,majagan shidulevska,,gp0000284,internal_assigned,,,"{""timestamp"": ""2026-10-03T14:29:00.231840+00:00"", ""model"": ""gemma-4-12b-it-qat-q4_0.gguf"", ""api_version"": null}"
705,Honeyland,scene_000_scroll_011_num01800_sim0.jpg,Producers,,KONIKELLA RITOVOSKA,ASSOCIATE PRODUCERS,Producers,,first_half,1800,pending,1,konikella ritovoska,,gp0000256,internal_assigned,,,"{""timestamp"": ""2026-10-03T14:29:00.231840+00:00"", ""model"": ""gemma-4-12b-it-qat-q4_0.gguf"", ""api_version"": null}"
706,Honeyland,scene_000_scroll_011_num01800_sim0.jpg,Cinematographers,,KRISTIAN KARAZDJOVSKI,ADDITIONAL CINEMATOGRAPHER,Cinematographers,,first_half,1800,pending,1,kristian karazdjovski,,gp0000258,internal_assigned,,,"{""timestamp"": ""2026-10-03T14:29:00.231840+00:00"", ""model"": ""gemma-4-12b-it-qat-q4_0.gguf"", ""api_version"": null}"
707,Honeyland,scene_000_scroll_011_num01800_sim0.jpg,Editorial Department,,BRADLAV NEDELKOVSKI,ADDITIONAL EDITOR,Editorial Department,,first_half,1800,pending,1,bradlav nedelkovski,,gp0000202,internal_assigned,,,"{""timestamp"": ""2026-10-03T14:29:00.231840+00:00"", ""model"": ""gemma-4-12b-it-qat-q4_0.gguf"", ""api_version"": null}"
708,Honeyland,scene_000_scroll_011_num01800_sim0.jpg,Sound Department,,VAREŠKA KANAAN,DIALOGUE EDITOR,Sound Department,,first_half,1800,pending,1,vareska kanaan,,gp0000344,internal_assigned,,,"{""timestamp"": ""2026-10-03T14:29:00.231840+00:00"", ""model"": ""gemma-4-12b-it-qat-q4_0.gguf"", ""api_version"": null}"
709,Honeyland,scene_000_scroll_011_num01800_sim0.jpg,Sound Department,,LAM GAVAYAA,FOLEY ARTIST,Sound Department,,first_half,1800,pending,1,lam gavayaa,,gp0000269,internal_assigned,,,"{""timestamp"": ""2026-10-03T14:29:00.231840+00:00"", ""model"": ""gemma-4-12b-it-qat-q4_0.gguf"", ""api_version"": null}"
710,Honeyland,scene_000_scroll_011_num01800_sim0.jpg,Sound Department,,FRAM.COM - V.YASEK,FOLEY RECORDING,Sound Department,,first_half,1800,pending,0,fram com v yasek,,cm0000060,internal_assigned,,,"{""timestamp"": ""2026-10-03T14:29:00.231840+00:00"", ""model"": ""gemma-4-12b-it-qat-q4_0.gguf"", ""api_version"": null}"
711,Honeyland,scene_000_scroll_011_num01800_sim0.jpg,Sound Department,,FLORIAN LAVAIL EE,RE-RECORDING MIXER,Sound Department,,first_half,1800,pending,1,florian lavail ee,,gp0000232,internal_assigned,,,"{""timestamp"": ""2026-10-03T14:29:00.231840+00:00"", ""model"": ""gemma-4-12b-it-qat-q4_0.gguf"", ""api_version"": null}"
712,Honeyland,scene_000_scroll_011_num01800_sim0.jpg,Miscellaneous Companies,Sound Department,DE-HAL. STUDIOS - BERIT,AUDIO POST-PRODUCTION,Miscellaneous Companies,,first_half,1800,pending,0,de hal studios berit,,cm0000055,internal_assigned,,,"{""timestamp"": ""2026-10-03T14:29:00.231840+00:00"", ""model"": ""gemma-4-12b-it-qat-q4_0.gguf"", ""api_version"": null}"
713,Honeyland,scene_000_scroll_011_num01800_sim0.jpg,Color Department,,VLADIMIR IVANDJOVSKI,COLOR GRADING,Color Department,,first_half,1800,pending,1,vladimir ivandjovski,,nm4357855,auto_assigned,,Vladimir Ivanovski,"{""timestamp"": ""2026-10-03T14:29:00.231840+00:00"", ""model"": ""gemma-4-12b-it-qat-q4_0.gguf"", ""api_version"": null}"
714,Honeyland,"scene_000_scroll_011_num01800_sim0.jpg,scene_000_scroll_013_num02100_sim0.jpg",Editorial Department,,MARTIN IVANDY,EDITOR ASSISTANTS,Editorial Department,,first_half,"1800,2100",pending,1,martin ivandy,,,ambiguous,"[{""nconst"": ""nm12519630"", ""normalized_name"": ""ivan martin"", ""normalized_name_with_nickname"": null, ""primaryName"": ""Ivan Martin"", ""primaryProfession"": ""editorial_department"", ""birthYear"": null, ""deathYear"": null, ""fuzzy_similarity"": ""92"", ""matched_string"": ""ivan martin""}, {""nconst"": ""nm13355829"", ""normalized_name"": ""ivan martin"", ""normalized_name_with_nickname"": null, ""primaryName"": ""Ivan Martin"", ""primaryProfession"": ""editorial_department"", ""birthYear"": null, ""deathYear"": null, ""fuzzy_similarity"": ""92"", ""matched_string"": ""ivan martin""}]",,"{""timestamp"": ""2026-10-03T14:29:00.231840+00:00"", ""model"": ""gemma-4-12b-it-qat-q4_0.gguf"", ""api_version"": null}"
715,Honeyland,scene_000_scroll_011_num01800_sim0.jpg,Composers,,ROSE IVANDJOVSKI,FOLTIN AIE,Composers,,first_half,1800,pending,1,rose ivandjovski,,gp0000316,internal_assigned,,,"{""timestamp"": ""2026-10-03T14:29:00.231840+00:00"", ""model"": ""gemma-4-12b-it-qat-q4_0.gguf"", ""api_version"": null}"
716,Honeyland,scene_000_scroll_011_num01800_sim0.jpg,Composers,,PECE TIKALJOVSKI,FOLTIN AIE,Composers,,first_half,1800,pending,1,pece tikaljovski,,gp0000309,internal_assigned,,,"{""timestamp"": ""2026-10-03T14:29:00.231840+00:00"", ""model"": ""gemma-4-12b-it-qat-q4_0.gguf"", ""api_version"": null}"
717,Honeyland,scene_000_scroll_011_num01800_sim0.jpg,Dubbing,,BATUHAN BRAHIM,TRANSLATION,Dubbing,,first_half,1800,pending,1,batuhan brahim,,gp0000188,internal_assigned,,,"{""timestamp"": ""2026-10-03T14:29:00.231840+00:00"", ""model"": ""gemma-4-12b-it-qat-q4_0.gguf"", ""api_version"": null}"
718,Honeyland,scene_000_scroll_011_num01800_sim0.jpg,Dubbing,,EMINE VALE,TRANSLATION,Dubbing,,first_half,1800,pending,1,emine vale,,gp0000225,internal_assigned,,,"{""timestamp"": ""2026-10-03T14:29:00.231840+00:00"", ""model"": ""gemma-4-12b-it-qat-q4_0.gguf"", ""api_version"": null}"
719,Honeyland,scene_000_scroll_011_num01800_sim0.jpg,Dubbing,,SENADA BRANADIVA,TRANSLATION,Dubbing,,first_half,1800,pending,1,senada branadiva,,gp0000323,internal_assigned,,,"{""timestamp"": ""2026-10-03T14:29:00.231840+00:00"", ""model"": ""gemma-4-12b-it-qat-q4_0.gguf"", ""api_version"": null}"
720,Honeyland,scene_000_scroll_012_num01950_sim0.jpg,Editorial Department,,DEJAN SIMLESKI,EDITOR ASSISTANTS,Editorial Department,,first_half,1950,pending,1,dejan simleski,,nm9526640,auto_assigned,,Dejan Smileski,"{""timestamp"": ""2026-10-03T14:29:00.231840+00:00"", ""model"": ""gemma-4-12b-it-qat-q4_0.gguf"", ""api_version"": null}"
721,Honeyland,scene_000_scroll_012_num01950_sim0.jpg,Art Department,,ANDREJ J. MAJLANOVIC,GRAPHIC DESIGNER,Art Department,,first_half,1950,pending,1,andrej j majlanovic,,nm13435919,auto_assigned,,Andrej Marjanovic,"{""timestamp"": ""2026-10-03T14:29:00.231840+00:00"", ""model"": ""gemma-4-12b-it-qat-q4_0.gguf"", ""api_version"": null}"
722,Honeyland,"scene_000_scroll_012_num01950_sim0.jpg,scene_000_scroll_014_num02250_sim0.jpg,scene_000_scroll_015_num02400_sim0.jpg",Music Department,,IVICA JAMILJOVSKI,MUSIC PRODUCER,Music Department,,first_half,"1950,2250,2400",pending,1,ivica jamiljovski,,gp0000243,internal_assigned,,,"{""timestamp"": ""2026-10-03T14:29:00.231840+00:00"", ""model"": ""gemma-4-12b-it-qat-q4_0.gguf"", ""api_version"": null}"
723,Honeyland,"scene_000_scroll_012_num01950_sim0.jpg,scene_000_scroll_014_num02250_sim0.jpg,scene_000_scroll_015_num02400_sim0.jpg",Composers,,BRANISLAV NIKOLOV,FOLTIN AIE,Composers,,first_half,"1950,2250,2400",pending,1,branislav nikolov,,nm7245561,auto_assigned,,Branislav Nikolov,"{""timestamp"": ""2026-10-03T14:29:00.231840+00:00"", ""model"": ""gemma-4-12b-it-qat-q4_0.gguf"", ""api_version"": null}"
724,Honeyland,scene_000_scroll_012_num01950_sim0.jpg,Dubbing,,ALEXANDRIN IVANOVSKI,TRANSLATION,Dubbing,,first_half,1950,pending,1,alexandrin ivanovski,,gp0000178,internal_assigned,,,"{""timestamp"": ""2026-10-03T14:29:00.231840+00:00"", ""model"": ""gemma-4-12b-it-qat-q4_0.gguf"", ""api_version"": null}"
725,Honeyland,scene_000_scroll_012_num01950_sim0.jpg,Dubbing,,MASIA BRISLAVSKA,TRANSLATION,Dubbing,,first_half,1950,pending,1,masia brislavska,,gp0000292,internal_assigned,,,"{""timestamp"": ""2026-10-03T14:29:00.231840+00:00"", ""model"": ""gemma-4-12b-it-qat-q4_0.gguf"", ""api_version"": null}"
726,Honeyland,scene_000_scroll_012_num01950_sim0.jpg,Dubbing,,MARILIANA KOTEVSKA,TRANSLATION,Dubbing,,first_half,1950,pending,1,mariliana kotevska,,nm2901592,auto_assigned,,Marijana Kotevska,"{""timestamp"": ""2026-10-03T14:29:00.231840+00:00"", ""model"": ""gemma-4-12b-it-qat-q4_0.gguf"", ""api_version"": null}"
727,Honeyland,scene_000_scroll_012_num01950_sim0.jpg,Legal Department,,DIMITRI PANSEVSKI,LEGAL ADVISOR,Legal Department,,first_half,1950,pending,1,dimitri pansevski,,gp0000218,internal_assigned,,,"{""timestamp"": ""2026-10-03T14:29:00.231840+00:00"", ""model"": ""gemma-4-12b-it-qat-q4_0.gguf"", ""api_version"": null}"
728,Honeyland,scene_000_scroll_013_num02100_sim0.jpg,Camera and Electrical Department,,KRISTIAN KARAZDZYTSKI,ADDITIONAL CINEMATOGRAPHER,Camera and Electrical Department,,first_half,2100,pending,1,kristian karazdzytski,,gp0000259,internal_assigned,,,"{""timestamp"": ""2026-10-03T14:29:00.231840+00:00"", ""model"": ""gemma-4-12b-it-qat-q4_0.gguf"", ""api_version"": null}"
729,Honeyland,scene_000_scroll_013_num02100_sim0.jpg,Editorial Department,,RASLAVIA NEDELKOVSKI,ADDITIONAL EDITOR,Editorial Department,,first_half,2100,pending,1,raslavia nedelkovski,,gp0000315,internal_assigned,,,"{""timestamp"": ""2026-10-03T14:29:00.231840+00:00"", ""model"": ""gemma-4-12b-it-qat-q4_0.gguf"", ""api_version"": null}"
730,Honeyland,scene_000_scroll_013_num02100_sim0.jpg,Sound Department,,VANESSA KANAAN,DIALOGUE EDITOR,Sound Department,,first_half,2100,pending,1,vanessa kanaan,,nm9965364,auto_assigned,,Vanessa Kanaan,"{""timestamp"": ""2026-10-03T14:29:00.231840+00:00"", ""model"": ""gemma-4-12b-it-qat-q4_0.gguf"", ""api_version"": null}"
731,Honeyland,scene_000_scroll_013_num02100_sim0.jpg,Sound Department,,LANA SAVAVYA, Foley ARTIST,Sound Department,,first_half,2100,pending,1,lana savavya,,gp0000271,internal_assigned,,,"{""timestamp"": ""2026-10-03T14:29:00.231840+00:00"", ""model"": ""gemma-4-12b-it-qat-q4_0.gguf"", ""api_version"": null}"
732,Honeyland,scene_000_scroll_013_num02100_sim0.jpg,Sound Department,,FRANCOIS Y.XSEK,FOLEY RECORDING,Sound Department,,first_half,2100,pending,1,francois y xsek,,gp0000236,internal_assigned,,,"{""timestamp"": ""2026-10-03T14:29:00.231840+00:00"", ""model"": ""gemma-4-12b-it-qat-q4_0.gguf"", ""api_version"": null}"
733,Honeyland,scene_000_scroll_013_num02100_sim0.jpg,Sound Department,,FLORIAN SAVALE EE,RE-RECORDING MIXIS,Sound Department,,first_half,2100,pending,1,florian savale ee,,gp0000234,internal_assigned,,,"{""timestamp"": ""2026-10-03T14:29:00.231840+00:00"", ""model"": ""gemma-4-12b-it-qat-q4_0.gguf"", ""api_version"": null}"
734,Honeyland,scene_000_scroll_013_num02100_sim0.jpg,Miscellaneous Companies,,DB-HAL STUDIOS - BERUT,AUDIO POST-PRODUCTION,Miscellaneous Companies,,first_half,2100,pending,0,db hal studios berut,,cm0000053,internal_assigned,,,"{""timestamp"": ""2026-10-03T14:29:00.231840+00:00"", ""model"": ""gemma-4-12b-it-qat-q4_0.gguf"", ""api_version"": null}"
735,Honeyland,scene_000_scroll_013_num02100_sim0.jpg,Color Department,,VLADIMIR IVANOVSKI,COLOR GRADING,Color Department,,first_half,2100,pending,1,vladimir ivanovski,,nm4357855,auto_assigned,,Vladimir Ivanovski,"{""timestamp"": ""2026-10-03T14:29:00.231840+00:00"", ""model"": ""gemma-4-12b-it-qat-q4_0.gguf"", ""api_version"": null}"
736,Honeyland,scene_000_scroll_013_num02100_sim0.jpg,Composers,,ROSE IVANOVSKI,FOLTIN AIE,Composers,,first_half,2100,pending,1,rose ivanovski,,gp0000317,internal_assigned,,,"{""timestamp"": ""2026-10-03T14:29:00.231840+00:00"", ""model"": ""gemma-4-12b-it-qat-q4_0.gguf"", ""api_version"": null}"
737,Honeyland,scene_000_scroll_013_num02100_sim0.jpg,Composers,,PECE TRAKOVSKI,FOLTIN AIE,Composers,,first_half,2100,pending,1,pece trakovski,,gp0000310,internal_assigned,,,"{""timestamp"": ""2026-10-03T14:29:00.231840+00:00"", ""model"": ""gemma-4-12b-it-qat-q4_0.gguf"", ""api_version"": null}"
738,Honeyland,scene_000_scroll_013_num02100_sim0.jpg,Dubbing,,BATURAN BRAHIM,TRANSLATION,Dubbing,,first_half,2100,pending,1,baturan brahim,,gp0000189,internal_assigned,,,"{""timestamp"": ""2026-10-03T14:29:00.231840+00:00"", ""model"": ""gemma-4-12b-it-qat-q4_0.gguf"", ""api_version"": null}"
739,Honeyland,scene_000_scroll_013_num02100_sim0.jpg,Dubbing,,EMINE HALE,TRANSLATION,Dubbing,,first_half,2100,pending,1,emine hale,,,manual_required,"[{""nconst"": ""nm7855420"", ""normalized_name"": ""emine hale"", ""normalized_name_with_nickname"": null, ""primaryName"": ""Emine Hale"", ""primaryProfession"": ""costume_department"", ""birthYear"": null, ""deathYear"": null}]",,"{""timestamp"": ""2026-10-03T14:29:00.231840+00:00"", ""model"": ""gemma-4-12b-it-qat-q4_0.gguf"", ""api_version"": null}"
740,Honeyland,"scene_000_scroll_013_num02100_sim0.jpg,scene_000_scroll_015_num02400_sim0.jpg,scene_000_scroll_016_num02550_sim0.jpg",Dubbing,,SENADA BRANAVYA,TRANSLATION,Dubbing,,first_half,"2100,2400,2550",pending,1,senada branavya,,gp0000324,internal_assigned,,,"{""timestamp"": ""2026-10-03T14:29:00.231840+00:00"", ""model"": ""gemma-4-12b-it-qat-q4_0.gguf"", ""api_version"": null}"
741,Honeyland,"scene_000_scroll_013_num02100_sim0.jpg,scene_000_scroll_015_num02400_sim0.jpg,scene_000_scroll_016_num02550_sim0.jpg",Miscellaneous Companies,,FILMTRICK,EDITING FACILITY,Miscellaneous Companies,,first_half,"2100,2400,2550",pending,0,filmtrick,,cm0000059,internal_assigned,,,"{""timestamp"": ""2026-10-03T14:29:00.231840+00:00"", ""model"": ""gemma-4-12b-it-qat-q4_0.gguf"", ""api_version"": null}"
742,Honeyland,scene_000_scroll_013_num02100_sim0.jpg,Color Department,,FX3X,COLOR GRADING,Color Department,,first_half,2100,pending,0,fx3x,,cm0000061,internal_assigned,,,"{""timestamp"": ""2026-10-03T14:29:00.231840+00:00"", ""model"": ""gemma-4-12b-it-qat-q4_0.gguf"", ""api_version"": null}"
743,Honeyland,scene_000_scroll_013_num02100_sim0.jpg,Music Department,,ARVJAR,MUSIC RECORDING,Music Department,,first_half,2100,pending,1,arvjar,,gp0000182,internal_assigned,,,"{""timestamp"": ""2026-10-03T14:29:00.231840+00:00"", ""model"": ""gemma-4-12b-it-qat-q4_0.gguf"", ""api_version"": null}"
744,Honeyland,scene_000_scroll_014_num02250_sim0.jpg,Sound Department,,FLORIAN LAVALÉE,RE-RECORDING MIXER,Sound Department,,first_half,2250,pending,1,florian lavalee,,gp0000233,internal_assigned,,,"{""timestamp"": ""2026-10-03T14:29:00.231840+00:00"", ""model"": ""gemma-4-12b-it-qat-q4_0.gguf"", ""api_version"": null}"
745,Honeyland,"scene_000_scroll_014_num02250_sim0.jpg,scene_000_scroll_015_num02400_sim0.jpg",Art Department,,ANDREJ J. MAJUMANOVIC,GRAPHIC DESIGNER,Art Department,,first_half,"2250,2400",pending,1,andrej j majumanovic,,gp0000181,internal_assigned,,,"{""timestamp"": ""2026-10-03T14:29:00.231840+00:00"", ""model"": ""gemma-4-12b-it-qat-q4_0.gguf"", ""api_version"": null}"
746,Honeyland,"scene_000_scroll_014_num02250_sim0.jpg,scene_000_scroll_015_num02400_sim0.jpg,scene_000_scroll_016_num02550_sim0.jpg",Dubbing,,ALEXANDRINA IVANOVSKI,TRANSLATION,Dubbing,,first_half,"2250,2400,2550",pending,1,alexandrina ivanovski,,gp0000179,internal_assigned,,,"{""timestamp"": ""2026-10-03T14:29:00.231840+00:00"", ""model"": ""gemma-4-12b-it-qat-q4_0.gguf"", ""api_version"": null}"
747,Honeyland,"scene_000_scroll_014_num02250_sim0.jpg,scene_000_scroll_015_num02400_sim0.jpg,scene_000_scroll_016_num02550_sim0.jpg",Dubbing,,MASIA BRISANOVA,TRANSLATION,Dubbing,,first_half,"2250,2400,2550",pending,1,masia brisanova,,gp0000291,internal_assigned,,,"{""timestamp"": ""2026-10-03T14:29:00.231840+00:00"", ""model"": ""gemma-4-12b-it-qat-q4_0.gguf"", ""api_version"": null}"
748,Honeyland,"scene_000_scroll_014_num02250_sim0.jpg,scene_000_scroll_015_num02400_sim0.jpg,scene_000_scroll_016_num02550_sim0.jpg",Dubbing,,MARILIANA KOTESVKA,TRANSLATION,Dubbing,,first_half,"2250,2400,2550",pending,1,mariliana kotesvka,,gp0000289,internal_assigned,,,"{""timestamp"": ""2026-10-03T14:29:00.231840+00:00"", ""model"": ""gemma-4-12b-it-qat-q4_0.gguf"", ""api_version"": null}"
749,Honeyland,"scene_000_scroll_014_num02250_sim0.jpg,scene_000_scroll_015_num02400_sim0.jpg,scene_000_scroll_016_num02550_sim0.jpg",Legal Department,,DIMITRI PANESVSKI,LEGAL ADVISOR,Legal Department,,first_half,"2250,2400,2550",pending,1,dimitri panesvski,,gp0000217,internal_assigned,,,"{""timestamp"": ""2026-10-03T14:29:00.231840+00:00"", ""model"": ""gemma-4-12b-it-qat-q4_0.gguf"", ""api_version"": null}"
750,Honeyland,scene_000_scroll_015_num02400_sim0.jpg,Composers,,GORE SPIVANOVSKI,FOLTIN AIE,Composers,,first_half,2400,pending,1,gore spivanovski,,gp0000238,internal_assigned,,,"{""timestamp"": ""2026-10-03T14:29:00.231840+00:00"", ""model"": ""gemma-4-12b-it-qat-q4_0.gguf"", ""api_version"": null}"
751,Honeyland,scene_000_scroll_015_num02400_sim0.jpg,Composers,,PICE TRAKLOVSKI,FOLTIN AIE,Composers,,first_half,2400,pending,1,pice traklovski,,gp0000311,internal_assigned,,,"{""timestamp"": ""2026-10-03T14:29:00.231840+00:00"", ""model"": ""gemma-4-12b-it-qat-q4_0.gguf"", ""api_version"": null}"
752,Honeyland,"scene_000_scroll_015_num02400_sim0.jpg,scene_000_scroll_016_num02550_sim0.jpg",Dubbing,,BATURAN IBRAHIM,Translation,Dubbing,,first_half,"2400,2550",pending,1,baturan ibrahim,,gp0000190,internal_assigned,,,"{""timestamp"": ""2026-10-03T14:29:00.231840+00:00"", ""model"": ""gemma-4-12b-it-qat-q4_0.gguf"", ""api_version"": null}"
753,Honeyland,"scene_000_scroll_015_num02400_sim0.jpg,scene_000_scroll_016_num02550_sim0.jpg",Dubbing,,EMINE HALIL,Translation,Dubbing,,first_half,"2400,2550",pending,1,emine halil,,nm10307335,auto_assigned,,Emine Halil,"{""timestamp"": ""2026-10-03T14:29:00.231840+00:00"", ""model"": ""gemma-4-12b-it-qat-q4_0.gguf"", ""api_version"": null}"
754,Honeyland,"scene_000_scroll_015_num02400_sim0.jpg,scene_000_scroll_016_num02550_sim0.jpg",Color Department,,163x,Color Grading,Color Department,,first_half,"2400,2550",pending,0,163x,,cm0000047,internal_assigned,,,"{""timestamp"": ""2026-10-03T14:29:00.231840+00:00"", ""model"": ""gemma-4-12b-it-qat-q4_0.gguf"", ""api_version"": null}"
755,Honeyland,"scene_000_scroll_015_num02400_sim0.jpg,scene_000_scroll_016_num02550_sim0.jpg",Sound Department,,ALBVAR,Music Recording,Sound Department,,first_half,"2400,2550",pending,0,albvar,,cm0000049,internal_assigned,,,"{""timestamp"": ""2026-10-03T14:29:00.231840+00:00"", ""model"": ""gemma-4-12b-it-qat-q4_0.gguf"", ""api_version"": null}"
756,Honeyland,scene_000_scroll_015_num02400_sim0.jpg,Miscellaneous Companies,,163x,163x,Miscellaneous Companies,,first_half,2400,pending,0,163x,,cm0000048,internal_assigned,,,"{""timestamp"": ""2026-10-03T14:29:00.231840+00:00"", ""model"": ""gemma-4-12b-it-qat-q4_0.gguf"", ""api_version"": null}"
757,Honeyland,scene_000_scroll_015_num02400_sim0.jpg,Miscellaneous Companies,,HAL,HAL,Miscellaneous Companies,,first_half,2400,pending,0,hal,,cm0000062,internal_assigned,,,"{""timestamp"": ""2026-10-03T14:29:00.231840+00:00"", ""model"": ""gemma-4-12b-it-qat-q4_0.gguf"", ""api_version"": null}"
758,Honeyland,scene_000_scroll_015_num02400_sim0.jpg,Miscellaneous Companies,,ROYALTY FREE,Music Rights,Miscellaneous Companies,,first_half,2400,pending,0,royalty free,,cm0000074,internal_assigned,,,"{""timestamp"": ""2026-10-03T14:29:00.231840+00:00"", ""model"": ""gemma-4-12b-it-qat-q4_0.gguf"", ""api_version"": null}"
759,Honeyland,scene_000_scroll_015_num02400_sim0.jpg,Soundtrack,,BOB DUNCAN FOSTER,Written by,Soundtrack,,first_half,2400,pending,1,bob duncan foster,,gp0000198,internal_assigned,,,"{""timestamp"": ""2026-10-03T14:29:00.231840+00:00"", ""model"": ""gemma-4-12b-it-qat-q4_0.gguf"", ""api_version"": null}"
760,Honeyland,"scene_000_scroll_015_num02400_sim0.jpg,scene_000_scroll_016_num02550_sim0.jpg",Soundtrack,,BELLY PESTON,Written by,Soundtrack,,first_half,"2400,2550",pending,1,belly peston,,gp0000191,internal_assigned,,,"{""timestamp"": ""2026-10-03T14:29:00.231840+00:00"", ""model"": ""gemma-4-12b-it-qat-q4_0.gguf"", ""api_version"": null}"
761,Honeyland,"scene_000_scroll_015_num02400_sim0.jpg,scene_000_scroll_016_num02550_sim0.jpg",Soundtrack,,MERLINX,Performed by,Soundtrack,,first_half,"2400,2550",pending,1,merlinx,,gp0000299,internal_assigned,,,"{""timestamp"": ""2026-10-03T14:29:00.231840+00:00"", ""model"": ""gemma-4-12b-it-qat-q4_0.gguf"", ""api_version"": null}"
762,Honeyland,"scene_000_scroll_015_num02400_sim0.jpg,scene_000_scroll_016_num02550_sim0.jpg,scene_000_scroll_019_num03000_sim0.jpg",Soundtrack,,THE DREAM,Performed by,Soundtrack,,first_half,"2400,2550,3000",pending,1,the dream,,nm3388710,auto_assigned,,The-Dream,"{""timestamp"": ""2026-10-03T14:29:00.231840+00:00"", ""model"": ""gemma-4-12b-it-qat-q4_0.gguf"", ""api_version"": null}"
763,Honeyland,scene_000_scroll_015_num02400_sim0.jpg,Miscellaneous Companies,,SON JIAN MUSIC GROUP,Courtesy of,Miscellaneous Companies,,first_half,2400,pending,0,son jian music group,,cm0000083,internal_assigned,,,"{""timestamp"": ""2026-10-03T14:29:00.231840+00:00"", ""model"": ""gemma-4-12b-it-qat-q4_0.gguf"", ""api_version"": null}"
764,Honeyland,"scene_000_scroll_015_num02400_sim0.jpg,scene_000_scroll_016_num02550_sim0.jpg",Miscellaneous Companies,,UBI INC.,Courtesy of,Miscellaneous Companies,,first_half,"2400,2550",pending,0,ubi inc,,cm0000094,internal_assigned,,,"{""timestamp"": ""2026-10-03T14:29:00.231840+00:00"", ""model"": ""gemma-4-12b-it-qat-q4_0.gguf"", ""api_version"": null}"
765,Honeyland,scene_000_scroll_016_num02550_sim0.jpg,Soundtrack,,BRUCE CASTLETON FOSTER,Written by,Soundtrack,,first_half,2550,pending,1,bruce castleton foster,,gp0000205,internal_assigned,,,"{""timestamp"": ""2026-10-03T14:29:00.231840+00:00"", ""model"": ""gemma-4-12b-it-qat-q4_0.gguf"", ""api_version"": null}"
766,Honeyland,"scene_000_scroll_016_num02550_sim0.jpg,scene_000_scroll_020_num03150_sim0.jpg",Miscellaneous Companies,,SON JIAN MUSIC GROUP LTD,Courtesy of,Miscellaneous Companies,,first_half,"2550,3150",pending,0,son jian music group ltd,,cm0000084,internal_assigned,,,"{""timestamp"": ""2026-10-03T14:29:00.231840+00:00"", ""model"": ""gemma-4-12b-it-qat-q4_0.gguf"", ""api_version"": null}"
767,Honeyland,"scene_000_scroll_016_num02550_sim0.jpg,scene_000_scroll_019_num03000_sim0.jpg",Soundtrack,,FOLTIN,Written and Performed by,Soundtrack,,first_half,"2550,3000",pending,1,foltin,,nm3334929,auto_assigned,,Foltin,"{""timestamp"": ""2026-10-03T14:29:00.231840+00:00"", ""model"": ""gemma-4-12b-it-qat-q4_0.gguf"", ""api_version"": null}"
768,Honeyland,scene_000_scroll_019_num03000_sim0.jpg,Writers,,ROYE CARLETON FOSTER,Written by,Writers,,first_half,3000,pending,1,roye carleton foster,,gp0000318,internal_assigned,,,"{""timestamp"": ""2026-10-03T14:29:00.231840+00:00"", ""model"": ""gemma-4-12b-it-qat-q4_0.gguf"", ""api_version"": null}"
769,Honeyland,scene_000_scroll_019_num03000_sim0.jpg,Writers,,BILLY POSTON,Written by,Writers,,first_half,3000,pending,1,billy poston,,gp0000194,internal_assigned,,,"{""timestamp"": ""2026-10-03T14:29:00.231840+00:00"", ""model"": ""gemma-4-12b-it-qat-q4_0.gguf"", ""api_version"": null}"
770,Honeyland,scene_000_scroll_019_num03000_sim0.jpg,Soundtrack,,REARMIX,Performed by,Soundtrack,,first_half,3000,pending,0,rearmix,,cm0000073,internal_assigned,,,"{""timestamp"": ""2026-10-03T14:29:00.231840+00:00"", ""model"": ""gemma-4-12b-it-qat-q4_0.gguf"", ""api_version"": null}"
771,Honeyland,scene_000_scroll_019_num03000_sim0.jpg,Thanks,,ALEXANDRA BESSEVSKI,Special Thanks,Thanks,,first_half,3000,pending,1,alexandra bessevski,,gp0000176,internal_assigned,,,"{""timestamp"": ""2026-10-03T14:29:00.231840+00:00"", ""model"": ""gemma-4-12b-it-qat-q4_0.gguf"", ""api_version"": null}"
772,Honeyland,scene_000_scroll_019_num03000_sim0.jpg,Thanks,,BLASIANO KOSI,Special Thanks,Thanks,,first_half,3000,pending,1,blasiano kosi,,gp0000196,internal_assigned,,,"{""timestamp"": ""2026-10-03T14:29:00.231840+00:00"", ""model"": ""gemma-4-12b-it-qat-q4_0.gguf"", ""api_version"": null}"
773,Honeyland,scene_000_scroll_019_num03000_sim0.jpg,Thanks,,MELVINE JUSREVSKI,Special Thanks,Thanks,,first_half,3000,pending,1,melvine jusrevski,,gp0000298,internal_assigned,,,"{""timestamp"": ""2026-10-03T14:29:00.231840+00:00"", ""model"": ""gemma-4-12b-it-qat-q4_0.gguf"", ""api_version"": null}"
774,Honeyland,scene_000_scroll_019_num03000_sim0.jpg,Thanks,,ALEXANDRU_GOLOVIN,Special Thanks,Thanks,,first_half,3000,pending,1,alexandru golovin,,gp0000180,internal_assigned,,,"{""timestamp"": ""2026-10-03T14:29:00.231840+00:00"", ""model"": ""gemma-4-12b-it-qat-q4_0.gguf"", ""api_version"": null}"
775,Honeyland,scene_000_scroll_019_num03000_sim0.jpg,Thanks,,DIMITRI_GOLOVIN,Special Thanks,Thanks,,first_half,3000,pending,1,dimitri golovin,,gp0000221,internal_assigned,,,"{""timestamp"": ""2026-10-03T14:29:00.231840+00:00"", ""model"": ""gemma-4-12b-it-qat-q4_0.gguf"", ""api_version"": null}"
776,Honeyland,scene_000_scroll_019_num03000_sim0.jpg,Thanks,,LAUREN KOSNER,Special Thanks,Thanks,,first_half,3000,pending,1,lauren kosner,,gp0000273,internal_assigned,,,"{""timestamp"": ""2026-10-03T14:29:00.231840+00:00"", ""model"": ""gemma-4-12b-it-qat-q4_0.gguf"", ""api_version"": null}"
777,Honeyland,scene_000_scroll_019_num03000_sim0.jpg,Thanks,,CHLOE JANE,Special Thanks,Thanks,,first_half,3000,pending,1,chloe jane,,gp0000206,internal_assigned,,,"{""timestamp"": ""2026-10-03T14:29:00.231840+00:00"", ""model"": ""gemma-4-12b-it-qat-q4_0.gguf"", ""api_version"": null}"
778,Honeyland,scene_000_scroll_019_num03000_sim0.jpg,Thanks,,KIRIN,Special Thanks,Thanks,,first_half,3000,pending,1,kirin,,gp0000254,internal_assigned,,,"{""timestamp"": ""2026-10-03T14:29:00.231840+00:00"", ""model"": ""gemma-4-12b-it-qat-q4_0.gguf"", ""api_version"": null}"
779,Honeyland,scene_000_scroll_019_num03000_sim0.jpg,Thanks,,S.ALEXANDER,Special Thanks,Thanks,,first_half,3000,pending,1,s alexander,,gp0000320,internal_assigned,,,"{""timestamp"": ""2026-10-03T14:29:00.231840+00:00"", ""model"": ""gemma-4-12b-it-qat-q4_0.gguf"", ""api_version"": null}"
780,Honeyland,scene_000_scroll_019_num03000_sim0.jpg,Thanks,,ALEXANDRA_DUBROVINA,Special Thanks,Thanks,,first_half,3000,pending,1,alexandra dubrovina,,gp0000177,internal_assigned,,,"{""timestamp"": ""2026-10-03T14:29:00.231840+00:00"", ""model"": ""gemma-4-12b-it-qat-q4_0.gguf"", ""api_version"": null}"
781,Honeyland,scene_000_scroll_019_num03000_sim0.jpg,Thanks,,TANIA TODOROVA,Special Thanks,Thanks,,first_half,3000,pending,1,tania todorova,,gp0000337,internal_assigned,,,"{""timestamp"": ""2026-10-03T14:29:00.231840+00:00"", ""model"": ""gemma-4-12b-it-qat-q4_0.gguf"", ""api_version"": null}"
782,Honeyland,"scene_000_scroll_019_num03000_sim0.jpg,scene_000_scroll_021_num03300_sim0.jpg",Thanks,,SENKA MANEVA,Special Thanks,Thanks,,first_half,"3000,3300",pending,1,senka maneva,,gp0000325,internal_assigned,,,"{""timestamp"": ""2026-10-03T14:29:00.231840+00:00"", ""model"": ""gemma-4-12b-it-qat-q4_0.gguf"", ""api_version"": null}"
783,Honeyland,scene_000_scroll_019_num03000_sim0.jpg,Thanks,,MATA_STILOV_STILOVKA,Special Thanks,Thanks,,first_half,3000,pending,1,mata stilov stilovka,,gp0000293,internal_assigned,,,"{""timestamp"": ""2026-10-03T14:29:00.231840+00:00"", ""model"": ""gemma-4-12b-it-qat-q4_0.gguf"", ""api_version"": null}"
784,Honeyland,scene_000_scroll_019_num03000_sim0.jpg,Thanks,,BOZHOV_BOZHOV_KOPAN,Special Thanks,Thanks,,first_half,3000,pending,1,bozhov bozhov kopan,,gp0000201,internal_assigned,,,"{""timestamp"": ""2026-10-03T14:29:00.231840+00:00"", ""model"": ""gemma-4-12b-it-qat-q4_0.gguf"", ""api_version"": null}"
785,Honeyland,scene_000_scroll_019_num03000_sim0.jpg,Thanks,,SOBULJ_STELJOVSKI,Special Thanks,Thanks,,first_half,3000,pending,1,sobulj steljovski,,gp0000331,internal_assigned,,,"{""timestamp"": ""2026-10-03T14:29:00.231840+00:00"", ""model"": ""gemma-4-12b-it-qat-q4_0.gguf"", ""api_version"": null}"
786,Honeyland,scene_000_scroll_019_num03000_sim0.jpg,Thanks,,VANEL,Special Thanks,Thanks,,first_half,3000,pending,1,vanel,,gp0000341,internal_assigned,,,"{""timestamp"": ""2026-10-03T14:29:00.231840+00:00"", ""model"": ""gemma-4-12b-it-qat-q4_0.gguf"", ""api_version"": null}"
787,Honeyland,scene_000_scroll_019_num03000_sim0.jpg,Thanks,,VUSKO,Special Thanks,Thanks,,first_half,3000,pending,1,vusko,,gp0000352,internal_assigned,,,"{""timestamp"": ""2026-10-03T14:29:00.231840+00:00"", ""model"": ""gemma-4-12b-it-qat-q4_0.gguf"", ""api_version"": null}"
788,Honeyland,scene_000_scroll_019_num03000_sim0.jpg,Thanks,,LUKVAN,Special Thanks,Thanks,,first_half,3000,pending,1,lukvan,,gp0000280,internal_assigned,,,"{""timestamp"": ""2026-10-03T14:29:00.231840+00:00"", ""model"": ""gemma-4-12b-it-qat-q4_0.gguf"", ""api_version"": null}"
789,Honeyland,scene_000_scroll_019_num03000_sim0.jpg,Thanks,,LUKVAN_ANDROVSKI,Special Thanks,Thanks,,first_half,3000,pending,1,lukvan androvski,,gp0000281,internal_assigned,,,"{""timestamp"": ""2026-10-03T14:29:00.231840+00:00"", ""model"": ""gemma-4-12b-it-qat-q4_0.gguf"", ""api_version"": null}"
790,Honeyland,scene_000_scroll_019_num03000_sim0.jpg,Thanks,,POPO_VUKOV,Special Thanks,Thanks,,first_half,3000,pending,1,popo vukov,,gp0000312,internal_assigned,,,"{""timestamp"": ""2026-10-03T14:29:00.231840+00:00"", ""model"": ""gemma-4-12b-it-qat-q4_0.gguf"", ""api_version"": null}"
791,Honeyland,scene_000_scroll_019_num03000_sim0.jpg,Thanks,,VINCEN_VUKOV,Special Thanks,Thanks,,first_half,3000,pending,1,vincen vukov,,gp0000348,internal_assigned,,,"{""timestamp"": ""2026-10-03T14:29:00.231840+00:00"", ""model"": ""gemma-4-12b-it-qat-q4_0.gguf"", ""api_version"": null}"
792,Honeyland,scene_000_scroll_019_num03000_sim0.jpg,Thanks,,VERCA_VUKOV,Special Thanks,Thanks,,first_half,3000,pending,1,verca vukov,,gp0000347,internal_assigned,,,"{""timestamp"": ""2026-10-03T14:29:00.231840+00:00"", ""model"": ""gemma-4-12b-it-qat-q4_0.gguf"", ""api_version"": null}"
793,Honeyland,scene_000_scroll_019_num03000_sim0.jpg,Thanks,,DANILO_VUKOV,Special Thanks,Thanks,,first_half,3000,pending,1,danilo vukov,,gp0000213,internal_assigned,,,"{""timestamp"": ""2026-10-03T14:29:00.231840+00:00"", ""model"": ""gemma-4-12b-it-qat-q4_0.gguf"", ""api_version"": null}"
794,Honeyland,scene_000_scroll_019_num03000_sim0.jpg,Thanks,,DMITRIJA_SKROVSKI,Special Thanks,Thanks,,first_half,3000,pending,1,dmitrija skrovski,,gp0000222,internal_assigned,,,"{""timestamp"": ""2026-10-03T14:29:00.231840+00:00"", ""model"": ""gemma-4-12b-it-qat-q4_0.gguf"", ""api_version"": null}"
795,Honeyland,scene_000_scroll_019_num03000_sim0.jpg,Thanks,,SOBA_POTTER_MECKOVI,Special Thanks,Thanks,,first_half,3000,pending,1,soba potter meckovi,,gp0000329,internal_assigned,,,"{""timestamp"": ""2026-10-03T14:29:00.231840+00:00"", ""model"": ""gemma-4-12b-it-qat-q4_0.gguf"", ""api_version"": null}"
796,Honeyland,scene_000_scroll_019_num03000_sim0.jpg,Thanks,,MARITA,Special Thanks,Thanks,,first_half,3000,pending,1,marita,,gp0000290,internal_assigned,,,"{""timestamp"": ""2026-10-03T14:29:00.231840+00:00"", ""model"": ""gemma-4-12b-it-qat-q4_0.gguf"", ""api_version"": null}"
797,Honeyland,scene_000_scroll_019_num03000_sim0.jpg,Thanks,,BLJAN_ISTOVSKI,Special Thanks,Thanks,,first_half,3000,pending,1,bljan istovski,,gp0000197,internal_assigned,,,"{""timestamp"": ""2026-10-03T14:29:00.231840+00:00"", ""model"": ""gemma-4-12b-it-qat-q4_0.gguf"", ""api_version"": null}"
798,Honeyland,scene_000_scroll_019_num03000_sim0.jpg,Thanks,,DANIO_MUKEV,Special Thanks,Thanks,,first_half,3000,pending,1,danio mukev,,gp0000214,internal_assigned,,,"{""timestamp"": ""2026-10-03T14:29:00.231840+00:00"", ""model"": ""gemma-4-12b-it-qat-q4_0.gguf"", ""api_version"": null}"
799,Honeyland,scene_000_scroll_019_num03000_sim0.jpg,Thanks,,STILLE_STEIN_JELINA,Special Thanks,Thanks,,first_half,3000,pending,1,stille stein jelina,,gp0000336,internal_assigned,,,"{""timestamp"": ""2026-10-03T14:29:00.231840+00:00"", ""model"": ""gemma-4-12b-it-qat-q4_0.gguf"", ""api_version"": null}"
800,Honeyland,scene_000_scroll_019_num03000_sim0.jpg,Thanks,,STEFANE_TOMASIAN,Special Thanks,Thanks,,first_half,3000,pending,1,stefane tomasian,,gp0000335,internal_assigned,,,"{""timestamp"": ""2026-10-03T14:29:00.231840+00:00"", ""model"": ""gemma-4-12b-it-qat-q4_0.gguf"", ""api_version"": null}"
801,Honeyland,scene_000_scroll_019_num03000_sim0.jpg,Thanks,,CLIFF_HAMER,Special Thanks,Thanks,,first_half,3000,pending,1,cliff hamer,,gp0000209,internal_assigned,,,"{""timestamp"": ""2026-10-03T14:29:00.231840+00:00"", ""model"": ""gemma-4-12b-it-qat-q4_0.gguf"", ""api_version"": null}"
802,Honeyland,scene_000_scroll_019_num03000_sim0.jpg,Thanks,,FRANK_WEBER,Special Thanks,Thanks,,first_half,3000,pending,1,frank weber,,gp0000237,internal_assigned,,,"{""timestamp"": ""2026-10-03T14:29:00.231840+00:00"", ""model"": ""gemma-4-12b-it-qat-q4_0.gguf"", ""api_version"": null}"
803,Honeyland,scene_000_scroll_019_num03000_sim0.jpg,Thanks,,STAVILINA_SARA,Special Thanks,Thanks,,first_half,3000,pending,1,stavilina sara,,gp0000332,internal_assigned,,,"{""timestamp"": ""2026-10-03T14:29:00.231840+00:00"", ""model"": ""gemma-4-12b-it-qat-q4_0.gguf"", ""api_version"": null}"
804,Honeyland,scene_000_scroll_019_num03000_sim0.jpg,Thanks,,MALIKUNA_VELJANOVSKA,Special Thanks,Thanks,,first_half,3000,pending,1,malikuna veljanovska,,gp0000287,internal_assigned,,,"{""timestamp"": ""2026-10-03T14:29:00.231840+00:00"", ""model"": ""gemma-4-12b-it-qat-q4_0.gguf"", ""api_version"": null}"
805,Honeyland,scene_000_scroll_019_num03000_sim0.jpg,Thanks,,EVTIAN_MIKOVSKI,Special Thanks,Thanks,,first_half,3000,pending,1,evtian mikovski,,gp0000226,internal_assigned,,,"{""timestamp"": ""2026-10-03T14:29:00.231840+00:00"", ""model"": ""gemma-4-12b-it-qat-q4_0.gguf"", ""api_version"": null}"
806,Honeyland,scene_000_scroll_019_num03000_sim0.jpg,Thanks,,KATARINA_ANDROVSKI,Special Thanks,Thanks,,first_half,3000,pending,1,katarina androvski,,gp0000252,internal_assigned,,,"{""timestamp"": ""2026-10-03T14:29:00.231840+00:00"", ""model"": ""gemma-4-12b-it-qat-q4_0.gguf"", ""api_version"": null}"
807,Honeyland,scene_000_scroll_019_num03000_sim0.jpg,Thanks,,JAGODINA_PRALISKA,Special Thanks,Thanks,,first_half,3000,pending,1,jagodina praliska,,gp0000245,internal_assigned,,,"{""timestamp"": ""2026-10-03T14:29:00.231840+00:00"", ""model"": ""gemma-4-12b-it-qat-q4_0.gguf"", ""api_version"": null}"
808,Honeyland,scene_000_scroll_019_num03000_sim0.jpg,Thanks,,KOSTJAN_KITANOV,Special Thanks,Thanks,,first_half,3000,pending,1,kostjan kitanov,,gp0000257,internal_assigned,,,"{""timestamp"": ""2026-10-03T14:29:00.231840+00:00"", ""model"": ""gemma-4-12b-it-qat-q4_0.gguf"", ""api_version"": null}"
809,Honeyland,scene_000_scroll_019_num03000_sim0.jpg,Thanks,,BOIN_WHEERY,Special Thanks,Thanks,,first_half,3000,pending,1,boin wheery,,gp0000200,internal_assigned,,,"{""timestamp"": ""2026-10-03T14:29:00.231840+00:00"", ""model"": ""gemma-4-12b-it-qat-q4_0.gguf"", ""api_version"": null}"
810,Honeyland,"scene_000_scroll_020_num03150_sim0.jpg,scene_000_scroll_021_num03300_sim0.jpg",Miscellaneous Companies,,WIP,Presented at,Miscellaneous Companies,,first_half,"3150,3300",pending,0,wip,,cm0000095,internal_assigned,,,"{""timestamp"": ""2026-10-03T14:29:00.231840+00:00"", ""model"": ""gemma-4-12b-it-qat-q4_0.gguf"", ""api_version"": null}"
811,Honeyland,"scene_000_scroll_020_num03150_sim0.jpg,scene_000_scroll_021_num03300_sim0.jpg",Miscellaneous Companies,,CINEKLIK,Presented at,Miscellaneous Companies,,first_half,"3150,3300",pending,0,cineklik,,cm0000052,internal_assigned,,,"{""timestamp"": ""2026-10-03T14:29:00.231840+00:00"", ""model"": ""gemma-4-12b-it-qat-q4_0.gguf"", ""api_version"": null}"
812,Honeyland,"scene_000_scroll_020_num03150_sim0.jpg,scene_000_scroll_021_num03300_sim0.jpg",Miscellaneous Companies,,DOCI TALENTS FROM THE EAST,Presented at,Miscellaneous Companies,,first_half,"3150,3300",pending,0,doci talents from the east,,cm0000057,internal_assigned,,,"{""timestamp"": ""2026-10-03T14:29:00.231840+00:00"", ""model"": ""gemma-4-12b-it-qat-q4_0.gguf"", ""api_version"": null}"
813,Honeyland,"scene_000_scroll_020_num03150_sim0.jpg,scene_000_scroll_021_num03300_sim0.jpg",Miscellaneous Companies,,SARAJEVO FILM FESTIVAL,Presented at,Miscellaneous Companies,,first_half,"3150,3300",pending,0,sarajevo film festival,,cm0000075,internal_assigned,,,"{""timestamp"": ""2026-10-03T14:29:00.231840+00:00"", ""model"": ""gemma-4-12b-it-qat-q4_0.gguf"", ""api_version"": null}"
814,Honeyland,scene_000_scroll_020_num03150_sim0.jpg,Miscellaneous Companies,,PHARMAOEM - SKOPJE,,Miscellaneous Companies,,first_half,3150,pending,0,pharmaoem skopje,,cm0000069,internal_assigned,,,"{""timestamp"": ""2026-10-03T14:29:00.231840+00:00"", ""model"": ""gemma-4-12b-it-qat-q4_0.gguf"", ""api_version"": null}"
815,Honeyland,"scene_000_scroll_020_num03150_sim0.jpg,scene_000_scroll_022_num03450_sim0.jpg,scene_000_scroll_024_num03750_sim0.jpg",Miscellaneous Companies,,APOLO MEDIA,,Miscellaneous Companies,,first_half,"3150,3450,3750",pending,0,apolo media,,cm0000050,internal_assigned,,,"{""timestamp"": ""2026-10-03T14:29:00.231840+00:00"", ""model"": ""gemma-4-12b-it-qat-q4_0.gguf"", ""api_version"": null}"
816,Honeyland,"scene_000_scroll_020_num03150_sim0.jpg,scene_000_scroll_022_num03450_sim0.jpg",Miscellaneous Companies,,TRICE FILMS,,Miscellaneous Companies,,first_half,"3150,3450",pending,0,trice films,,cm0000092,internal_assigned,,,"{""timestamp"": ""2026-10-03T14:29:00.231840+00:00"", ""model"": ""gemma-4-12b-it-qat-q4_0.gguf"", ""api_version"": null}"
817,Honeyland,scene_000_scroll_021_num03300_sim0.jpg,Thanks,,VINKA TASEVSKA,Special Thanks,Thanks,,first_half,3300,pending,1,vinka tasevska,,gp0000349,internal_assigned,,,"{""timestamp"": ""2026-10-03T14:29:00.231840+00:00"", ""model"": ""gemma-4-12b-it-qat-q4_0.gguf"", ""api_version"": null}"
818,Honeyland,scene_000_scroll_021_num03300_sim0.jpg,Thanks,,AJ MIRATOV,Special Thanks,Thanks,,first_half,3300,pending,1,aj miratov,,gp0000172,internal_assigned,,,"{""timestamp"": ""2026-10-03T14:29:00.231840+00:00"", ""model"": ""gemma-4-12b-it-qat-q4_0.gguf"", ""api_version"": null}"
819,Honeyland,scene_000_scroll_021_num03300_sim0.jpg,Thanks,,SLAVO J. HISTOVSKI,Special Thanks,Thanks,,first_half,3300,pending,1,slavo j histovski,,gp0000327,internal_assigned,,,"{""timestamp"": ""2026-10-03T14:29:00.231840+00:00"", ""model"": ""gemma-4-12b-it-qat-q4_0.gguf"", ""api_version"": null}"
820,Honeyland,scene_000_scroll_021_num03300_sim0.jpg,Thanks,,RAM MIRBIT,Special Thanks,Thanks,,first_half,3300,pending,1,ram mirbit,,gp0000314,internal_assigned,,,"{""timestamp"": ""2026-10-03T14:29:00.231840+00:00"", ""model"": ""gemma-4-12b-it-qat-q4_0.gguf"", ""api_version"": null}"
821,Honeyland,scene_000_scroll_021_num03300_sim0.jpg,Thanks,,NAZIM MIRATOV,Special Thanks,Thanks,,first_half,3300,pending,1,nazim miratov,,gp0000306,internal_assigned,,,"{""timestamp"": ""2026-10-03T14:29:00.231840+00:00"", ""model"": ""gemma-4-12b-it-qat-q4_0.gguf"", ""api_version"": null}"
822,Honeyland,scene_000_scroll_021_num03300_sim0.jpg,Thanks,,FEM MIRATOV,Special Thanks,Thanks,,first_half,3300,pending,1,fem miratov,,gp0000230,internal_assigned,,,"{""timestamp"": ""2026-10-03T14:29:00.231840+00:00"", ""model"": ""gemma-4-12b-it-qat-q4_0.gguf"", ""api_version"": null}"
823,Honeyland,scene_000_scroll_021_num03300_sim0.jpg,Thanks,,DIME MELOVSKI,Special Thanks,Thanks,,first_half,3300,pending,1,dime melovski,,gp0000216,internal_assigned,,,"{""timestamp"": ""2026-10-03T14:29:00.231840+00:00"", ""model"": ""gemma-4-12b-it-qat-q4_0.gguf"", ""api_version"": null}"
824,Honeyland,scene_000_scroll_021_num03300_sim0.jpg,Thanks,,DRAGAN ANDROVSKI,Special Thanks,Thanks,,first_half,3300,pending,1,dragan androvski,,gp0000223,internal_assigned,,,"{""timestamp"": ""2026-10-03T14:29:00.231840+00:00"", ""model"": ""gemma-4-12b-it-qat-q4_0.gguf"", ""api_version"": null}"
825,Honeyland,scene_000_scroll_021_num03300_sim0.jpg,Thanks,,IDA MIRATOV,Special Thanks,Thanks,,first_half,3300,pending,1,ida miratov,,gp0000242,internal_assigned,,,"{""timestamp"": ""2026-10-03T14:29:00.231840+00:00"", ""model"": ""gemma-4-12b-it-qat-q4_0.gguf"", ""api_version"": null}"
826,Honeyland,scene_000_scroll_021_num03300_sim0.jpg,Thanks,,THE STILL GREEN,Special Thanks,Thanks,,first_half,3300,pending,0,the still green,,cm0000091,internal_assigned,,,"{""timestamp"": ""2026-10-03T14:29:00.231840+00:00"", ""model"": ""gemma-4-12b-it-qat-q4_0.gguf"", ""api_version"": null}"
827,Honeyland,scene_000_scroll_021_num03300_sim0.jpg,Thanks,,FABIG SOVIL,Special Thanks,Thanks,,first_half,3300,pending,1,fabig sovil,,gp0000227,internal_assigned,,,"{""timestamp"": ""2026-10-03T14:29:00.231840+00:00"", ""model"": ""gemma-4-12b-it-qat-q4_0.gguf"", ""api_version"": null}"
828,Honeyland,scene_000_scroll_021_num03300_sim0.jpg,Thanks,,ALESSANDRA REDREWSKI,Special Thanks,Thanks,,first_half,3300,pending,1,alessandra redrewski,,gp0000175,internal_assigned,,,"{""timestamp"": ""2026-10-03T14:29:00.231840+00:00"", ""model"": ""gemma-4-12b-it-qat-q4_0.gguf"", ""api_version"": null}"
829,Honeyland,scene_000_scroll_021_num03300_sim0.jpg,Thanks,,BLAGOSJA KOSNER,Special Thanks,Thanks,,first_half,3300,pending,1,blagosja kosner,,gp0000195,internal_assigned,,,"{""timestamp"": ""2026-10-03T14:29:00.231840+00:00"", ""model"": ""gemma-4-12b-it-qat-q4_0.gguf"", ""api_version"": null}"
830,Honeyland,scene_000_scroll_021_num03300_sim0.jpg,Thanks,,MELVINE J. SOVIL,Special Thanks,Thanks,,first_half,3300,pending,1,melvine j sovil,,gp0000297,internal_assigned,,,"{""timestamp"": ""2026-10-03T14:29:00.231840+00:00"", ""model"": ""gemma-4-12b-it-qat-q4_0.gguf"", ""api_version"": null}"
831,Honeyland,scene_000_scroll_021_num03300_sim0.jpg,Thanks,,ALEKSANDAR SOVIL,Special Thanks,Thanks,,first_half,3300,pending,1,aleksandar sovil,,gp0000173,internal_assigned,,,"{""timestamp"": ""2026-10-03T14:29:00.231840+00:00"", ""model"": ""gemma-4-12b-it-qat-q4_0.gguf"", ""api_version"": null}"
832,Honeyland,scene_000_scroll_021_num03300_sim0.jpg,Thanks,,DIMITRI SOVIL,Special Thanks,Thanks,,first_half,3300,pending,1,dimitri sovil,,gp0000219,internal_assigned,,,"{""timestamp"": ""2026-10-03T14:29:00.231840+00:00"", ""model"": ""gemma-4-12b-it-qat-q4_0.gguf"", ""api_version"": null}"
833,Honeyland,scene_000_scroll_021_num03300_sim0.jpg,Thanks,,TILLI TRATAR,Special Thanks,Thanks,,first_half,3300,pending,1,tilli tratar,,gp0000338,internal_assigned,,,"{""timestamp"": ""2026-10-03T14:29:00.231840+00:00"", ""model"": ""gemma-4-12b-it-qat-q4_0.gguf"", ""api_version"": null}"
834,Honeyland,scene_000_scroll_021_num03300_sim0.jpg,Thanks,,LAUBER KOSNER,Special Thanks,Thanks,,first_half,3300,pending,1,lauber kosner,,gp0000272,internal_assigned,,,"{""timestamp"": ""2026-10-03T14:29:00.231840+00:00"", ""model"": ""gemma-4-12b-it-qat-q4_0.gguf"", ""api_version"": null}"
835,Honeyland,scene_000_scroll_021_num03300_sim0.jpg,Thanks,,CHORIK VON,Special Thanks,Thanks,,first_half,3300,pending,1,chorik von,,gp0000207,internal_assigned,,,"{""timestamp"": ""2026-10-03T14:29:00.231840+00:00"", ""model"": ""gemma-4-12b-it-qat-q4_0.gguf"", ""api_version"": null}"
836,Honeyland,scene_000_scroll_021_num03300_sim0.jpg,Thanks,,SINA ALKASTELOT,Special Thanks,Thanks,,first_half,3300,pending,1,sina alkastelot,,gp0000326,internal_assigned,,,"{""timestamp"": ""2026-10-03T14:29:00.231840+00:00"", ""model"": ""gemma-4-12b-it-qat-q4_0.gguf"", ""api_version"": null}"
837,Honeyland,scene_000_scroll_021_num03300_sim0.jpg,Thanks,,ALEKSANDAR SOVRETSKI,Special Thanks,Thanks,,first_half,3300,pending,1,aleksandar sovretski,,gp0000174,internal_assigned,,,"{""timestamp"": ""2026-10-03T14:29:00.231840+00:00"", ""model"": ""gemma-4-12b-it-qat-q4_0.gguf"", ""api_version"": null}"
838,Honeyland,scene_000_scroll_021_num03300_sim0.jpg,Thanks,,TODA SOVRETSKI,Special Thanks,Thanks,,first_half,3300,pending,1,toda sovretski,,gp0000339,internal_assigned,,,"{""timestamp"": ""2026-10-03T14:29:00.231840+00:00"", ""model"": ""gemma-4-12b-it-qat-q4_0.gguf"", ""api_version"": null}"
839,Honeyland,scene_000_scroll_021_num03300_sim0.jpg,Thanks,,KATA STILOVRETSKA,Special Thanks,Thanks,,first_half,3300,pending,1,kata stilovretska,,gp0000251,internal_assigned,,,"{""timestamp"": ""2026-10-03T14:29:00.231840+00:00"", ""model"": ""gemma-4-12b-it-qat-q4_0.gguf"", ""api_version"": null}"
840,Honeyland,scene_000_scroll_021_num03300_sim0.jpg,Thanks,,DIMITRI SOVRETSKI,Special Thanks,Thanks,,first_half,3300,pending,1,dimitri sovretski,,gp0000220,internal_assigned,,,"{""timestamp"": ""2026-10-03T14:29:00.231840+00:00"", ""model"": ""gemma-4-12b-it-qat-q4_0.gguf"", ""api_version"": null}"
841,Honeyland,scene_000_scroll_021_num03300_sim0.jpg,Thanks,,RZIZONKO REDZON,Special Thanks,Thanks,,first_half,3300,pending,1,rzizonko redzon,,gp0000319,internal_assigned,,,"{""timestamp"": ""2026-10-03T14:29:00.231840+00:00"", ""model"": ""gemma-4-12b-it-qat-q4_0.gguf"", ""api_version"": null}"
842,Honeyland,scene_000_scroll_021_num03300_sim0.jpg,Thanks,,SOBULJ STELOVLOSKI,Special Thanks,Thanks,,first_half,3300,pending,1,sobulj stelovloski,,gp0000330,internal_assigned,,,"{""timestamp"": ""2026-10-03T14:29:00.231840+00:00"", ""model"": ""gemma-4-12b-it-qat-q4_0.gguf"", ""api_version"": null}"
843,Honeyland,scene_000_scroll_021_num03300_sim0.jpg,Thanks,,VANESL,Special Thanks,Thanks,,first_half,3300,pending,1,vanesl,,gp0000342,internal_assigned,,,"{""timestamp"": ""2026-10-03T14:29:00.231840+00:00"", ""model"": ""gemma-4-12b-it-qat-q4_0.gguf"", ""api_version"": null}"
844,Honeyland,scene_000_scroll_021_num03300_sim0.jpg,Thanks,,LUKIAN,Special Thanks,Thanks,,first_half,3300,pending,1,lukian,,gp0000279,internal_assigned,,,"{""timestamp"": ""2026-10-03T14:29:00.231840+00:00"", ""model"": ""gemma-4-12b-it-qat-q4_0.gguf"", ""api_version"": null}"
845,Honeyland,scene_000_scroll_021_num03300_sim0.jpg,Thanks,,VUKOV,Special Thanks,Thanks,,first_half,3300,pending,1,vukov,,gp0000351,internal_assigned,,,"{""timestamp"": ""2026-10-03T14:29:00.231840+00:00"", ""model"": ""gemma-4-12b-it-qat-q4_0.gguf"", ""api_version"": null}"
846,Honeyland,scene_000_scroll_021_num03300_sim0.jpg,Thanks,,BRIS MIRITE,Special Thanks,Thanks,,first_half,3300,pending,1,bris mirite,,gp0000203,internal_assigned,,,"{""timestamp"": ""2026-10-03T14:29:00.231840+00:00"", ""model"": ""gemma-4-12b-it-qat-q4_0.gguf"", ""api_version"": null}"
847,Honeyland,scene_000_scroll_021_num03300_sim0.jpg,Thanks,,DANE ANDROVSKI,Special Thanks,Thanks,,first_half,3300,pending,1,dane androvski,,gp0000212,internal_assigned,,,"{""timestamp"": ""2026-10-03T14:29:00.231840+00:00"", ""model"": ""gemma-4-12b-it-qat-q4_0.gguf"", ""api_version"": null}"
848,Honeyland,scene_000_scroll_021_num03300_sim0.jpg,Thanks,,VUKI VASIGE,Special Thanks,Thanks,,first_half,3300,pending,1,vuki vasige,,gp0000350,internal_assigned,,,"{""timestamp"": ""2026-10-03T14:29:00.231840+00:00"", ""model"": ""gemma-4-12b-it-qat-q4_0.gguf"", ""api_version"": null}"
849,Honeyland,scene_000_scroll_021_num03300_sim0.jpg,Thanks,,JANA MIRATOV,Special Thanks,Thanks,,first_half,3300,pending,1,jana miratov,,gp0000246,internal_assigned,,,"{""timestamp"": ""2026-10-03T14:29:00.231840+00:00"", ""model"": ""gemma-4-12b-it-qat-q4_0.gguf"", ""api_version"": null}"
850,Honeyland,scene_000_scroll_021_num03300_sim0.jpg,Thanks,,VERCA,Special Thanks,Thanks,,first_half,3300,pending,1,verca,,gp0000346,internal_assigned,,,"{""timestamp"": ""2026-10-03T14:29:00.231840+00:00"", ""model"": ""gemma-4-12b-it-qat-q4_0.gguf"", ""api_version"": null}"
851,Honeyland,scene_000_scroll_021_num03300_sim0.jpg,Thanks,,BRISKO,Special Thanks,Thanks,,first_half,3300,pending,1,brisko,,gp0000204,internal_assigned,,,"{""timestamp"": ""2026-10-03T14:29:00.231840+00:00"", ""model"": ""gemma-4-12b-it-qat-q4_0.gguf"", ""api_version"": null}"
852,Honeyland,scene_000_scroll_021_num03300_sim0.jpg,Thanks,,STILLE STEL,Special Thanks,Thanks,,first_half,3300,pending,0,stille stel,,cm0000085,internal_assigned,,,"{""timestamp"": ""2026-10-03T14:29:00.231840+00:00"", ""model"": ""gemma-4-12b-it-qat-q4_0.gguf"", ""api_version"": null}"
853,Honeyland,scene_000_scroll_021_num03300_sim0.jpg,Thanks,,JELINA,Special Thanks,Thanks,,first_half,3300,pending,1,jelina,,gp0000247,internal_assigned,,,"{""timestamp"": ""2026-10-03T14:29:00.231840+00:00"", ""model"": ""gemma-4-12b-it-qat-q4_0.gguf"", ""api_version"": null}"
854,Honeyland,scene_000_scroll_021_num03300_sim0.jpg,Thanks,,STEFANE TOMANIAN,Special Thanks,Thanks,,first_half,3300,pending,1,stefane tomanian,,gp0000334,internal_assigned,,,"{""timestamp"": ""2026-10-03T14:29:00.231840+00:00"", ""model"": ""gemma-4-12b-it-qat-q4_0.gguf"", ""api_version"": null}"
855,Honeyland,scene_000_scroll_021_num03300_sim0.jpg,Thanks,,CLIFF HAMBER,Special Thanks,Thanks,,first_half,3300,pending,1,cliff hamber,,gp0000208,internal_assigned,,,"{""timestamp"": ""2026-10-03T14:29:00.231840+00:00"", ""model"": ""gemma-4-12b-it-qat-q4_0.gguf"", ""api_version"": null}"
856,Honeyland,scene_000_scroll_021_num03300_sim0.jpg,Thanks,,FRANK WEBER,Special Thanks,Thanks,,first_half,3300,pending,1,frank weber,,gp0000237,internal_assigned,,,"{""timestamp"": ""2026-10-03T14:29:00.231840+00:00"", ""model"": ""gemma-4-12b-it-qat-q4_0.gguf"", ""api_version"": null}"
857,Honeyland,scene_000_scroll_021_num03300_sim0.jpg,Thanks,,STAVIN,Special Thanks,Thanks,,first_half,3300,pending,1,stavin,,gp0000333,internal_assigned,,,"{""timestamp"": ""2026-10-03T14:29:00.231840+00:00"", ""model"": ""gemma-4-12b-it-qat-q4_0.gguf"", ""api_version"": null}"
858,Honeyland,scene_000_scroll_021_num03300_sim0.jpg,Thanks,,LUCAS,Special Thanks,Thanks,,first_half,3300,pending,1,lucas,,gp0000278,internal_assigned,,,"{""timestamp"": ""2026-10-03T14:29:00.231840+00:00"", ""model"": ""gemma-4-12b-it-qat-q4_0.gguf"", ""api_version"": null}"
859,Honeyland,scene_000_scroll_021_num03300_sim0.jpg,Thanks,,MALIKUNA,Special Thanks,Thanks,,first_half,3300,pending,1,malikuna,,gp0000286,internal_assigned,,,"{""timestamp"": ""2026-10-03T14:29:00.231840+00:00"", ""model"": ""gemma-4-12b-it-qat-q4_0.gguf"", ""api_version"": null}"
860,Honeyland,scene_000_scroll_021_num03300_sim0.jpg,Thanks,,VELJANOVSKA,Special Thanks,Thanks,,first_half,3300,pending,1,veljanovska,,gp0000345,internal_assigned,,,"{""timestamp"": ""2026-10-03T14:29:00.231840+00:00"", ""model"": ""gemma-4-12b-it-qat-q4_0.gguf"", ""api_version"": null}"
861,Honeyland,scene_000_scroll_021_num03300_sim0.jpg,Thanks,,CYTAN NIKOLOV,Special Thanks,Thanks,,first_half,3300,pending,1,cytan nikolov,,gp0000210,internal_assigned,,,"{""timestamp"": ""2026-10-03T14:29:00.231840+00:00"", ""model"": ""gemma-4-12b-it-qat-q4_0.gguf"", ""api_version"": null}"
862,Honeyland,scene_000_scroll_021_num03300_sim0.jpg,Thanks,,KATORINA,Special Thanks,Thanks,,first_half,3300,pending,1,katorina,,gp0000253,internal_assigned,,,"{""timestamp"": ""2026-10-03T14:29:00.231840+00:00"", ""model"": ""gemma-4-12b-it-qat-q4_0.gguf"", ""api_version"": null}"
863,Honeyland,scene_000_scroll_021_num03300_sim0.jpg,Thanks,,ATANASOV,Special Thanks,Thanks,,first_half,3300,pending,1,atanasov,,gp0000186,internal_assigned,,,"{""timestamp"": ""2026-10-03T14:29:00.231840+00:00"", ""model"": ""gemma-4-12b-it-qat-q4_0.gguf"", ""api_version"": null}"
864,Honeyland,scene_000_scroll_021_num03300_sim0.jpg,Thanks,,MAGNIDOV,Special Thanks,Thanks,,first_half,3300,pending,1,magnidov,,gp0000283,internal_assigned,,,"{""timestamp"": ""2026-10-03T14:29:00.231840+00:00"", ""model"": ""gemma-4-12b-it-qat-q4_0.gguf"", ""api_version"": null}"
865,Honeyland,scene_000_scroll_021_num03300_sim0.jpg,Thanks,,KOSTJAN KITANOV,Special Thanks,Thanks,,first_half,3300,pending,1,kostjan kitanov,,gp0000257,internal_assigned,,,"{""timestamp"": ""2026-10-03T14:29:00.231840+00:00"", ""model"": ""gemma-4-12b-it-qat-q4_0.gguf"", ""api_version"": null}"
866,Honeyland,scene_000_scroll_021_num03300_sim0.jpg,Thanks,,BOIN WHINRY,Special Thanks,Thanks,,first_half,3300,pending,1,boin whinry,,gp0000199,internal_assigned,,,"{""timestamp"": ""2026-10-03T14:29:00.231840+00:00"", ""model"": ""gemma-4-12b-it-qat-q4_0.gguf"", ""api_version"": null}"
867,Honeyland,scene_000_scroll_021_num03300_sim0.jpg,Miscellaneous Companies,,IESON,Presented by,Miscellaneous Companies,,first_half,3300,pending,0,ieson,,cm0000064,internal_assigned,,,"{""timestamp"": ""2026-10-03T14:29:00.231840+00:00"", ""model"": ""gemma-4-12b-it-qat-q4_0.gguf"", ""api_version"": null}"
868,Honeyland,scene_000_scroll_022_num03450_sim0.jpg,Miscellaneous Companies,,PHARMAOGEN - SKOPJE,PHARMAOGEN - SKOPJE,Miscellaneous Companies,,first_half,3450,pending,0,pharmaogen skopje,,cm0000070,internal_assigned,,,"{""timestamp"": ""2026-10-03T14:29:00.231840+00:00"", ""model"": ""gemma-4-12b-it-qat-q4_0.gguf"", ""api_version"": null}"
869,Honeyland,"scene_000_scroll_022_num03450_sim0.jpg,scene_000_scroll_024_num03750_sim0.jpg,scene_000_scroll_025_num03900_sim0.jpg,scene_000_scroll_026_num04050_sim0.jpg",Miscellaneous Companies,,SWISS AGENCY FOR DEVELOPMENT AND COOPERATION - SDG,MADE POSSIBLE WITH THE SPIRIT OF,Miscellaneous Companies,,first_half,"3450,3750,3900,4050",pending,0,swiss agency for development and cooperation sdg,,cm0000090,internal_assigned,,,"{""timestamp"": ""2026-10-03T14:29:00.231840+00:00"", ""model"": ""gemma-4-12b-it-qat-q4_0.gguf"", ""api_version"": null}"
870,Honeyland,scene_000_scroll_022_num03450_sim0.jpg,Miscellaneous Companies,,NATURE CONSERVATION PROGRAM IN MACEDONIA - NP,NATURE CONSERVATION PROGRAM IN MACEDONIA - NP,Miscellaneous Companies,,first_half,3450,pending,0,nature conservation program in macedonia np,,cm0000066,internal_assigned,,,"{""timestamp"": ""2026-10-03T14:29:00.231840+00:00"", ""model"": ""gemma-4-12b-it-qat-q4_0.gguf"", ""api_version"": null}"
871,Honeyland,scene_000_scroll_023_num03600_sim0.jpg,Miscellaneous Companies,,WP CINEMALI,PRESENTED AT,Miscellaneous Companies,,first_half,3600,pending,0,wp cinemali,,cm0000096,internal_assigned,,,"{""timestamp"": ""2026-10-03T14:29:00.231840+00:00"", ""model"": ""gemma-4-12b-it-qat-q4_0.gguf"", ""api_version"": null}"
872,Honeyland,scene_000_scroll_023_num03600_sim0.jpg,Miscellaneous Companies,,DOC TALENTS FROM THE EAST,PRESENTED AT,Miscellaneous Companies,,first_half,3600,pending,0,doc talents from the east,,cm0000056,internal_assigned,,,"{""timestamp"": ""2026-10-03T14:29:00.231840+00:00"", ""model"": ""gemma-4-12b-it-qat-q4_0.gguf"", ""api_version"": null}"
873,Honeyland,scene_000_scroll_023_num03600_sim0.jpg,Miscellaneous Companies,,SKOPJE FILM FESTIVAL,PRESENTED AT,Miscellaneous Companies,,first_half,3600,pending,0,skopje film festival,,cm0000082,internal_assigned,,,"{""timestamp"": ""2026-10-03T14:29:00.231840+00:00"", ""model"": ""gemma-4-12b-it-qat-q4_0.gguf"", ""api_version"": null}"
874,Honeyland,"scene_000_scroll_023_num03600_sim0.jpg,scene_000_scroll_025_num03900_sim0.jpg",Miscellaneous Companies,,NEON,PRESENTED BY NEON,Miscellaneous Companies,,first_half,"3600,3900",pending,0,neon,,cm0000068,internal_assigned,,,"{""timestamp"": ""2026-10-03T14:29:00.231840+00:00"", ""model"": ""gemma-4-12b-it-qat-q4_0.gguf"", ""api_version"": null}"
875,Honeyland,scene_000_scroll_023_num03600_sim0.jpg,Miscellaneous Companies,,PROJECT OF THE SWISS AGENCY FOR DEVELOPMENT AND COOPERATION - SDG,PROJECT OF THE SWISS AGENCY FOR DEVELOPMENT AND COOPERATION - SDG,Miscellaneous Companies,,first_half,3600,pending,0,project of the swiss agency for development and cooperation sdg,,cm0000072,internal_assigned,,,"{""timestamp"": ""2026-10-03T14:29:00.231840+00:00"", ""model"": ""gemma-4-12b-it-qat-q4_0.gguf"", ""api_version"": null}"
876,Honeyland,"scene_000_scroll_023_num03600_sim0.jpg,scene_000_scroll_025_num03900_sim0.jpg,scene_000_scroll_027_num04200_sim0.jpg",Miscellaneous Companies,,MACEDONIAN FILM AGENCY,MACEDONIAN FILM AGENCY,Miscellaneous Companies,,first_half,"3600,3900,4200",pending,0,macedonian film agency,,cm0000065,internal_assigned,,,"{""timestamp"": ""2026-10-03T14:29:00.231840+00:00"", ""model"": ""gemma-4-12b-it-qat-q4_0.gguf"", ""api_version"": null}"
877,Honeyland,scene_000_scroll_023_num03600_sim0.jpg,Miscellaneous Companies,,SFFM DOCUMENTARY FILM FUND,SFFM DOCUMENTARY FILM FUND,Miscellaneous Companies,,first_half,3600,pending,0,sffm documentary film fund,,cm0000079,internal_assigned,,,"{""timestamp"": ""2026-10-03T14:29:00.231840+00:00"", ""model"": ""gemma-4-12b-it-qat-q4_0.gguf"", ""api_version"": null}"
878,Honeyland,scene_000_scroll_024_num03750_sim0.jpg,Miscellaneous Companies,,PHARMA_GEN - SKOPJE,PHARMA_GEN - SKOPJE,Miscellaneous Companies,,first_half,3750,pending,0,pharma gen skopje,,cm0000071,internal_assigned,,,"{""timestamp"": ""2026-10-03T14:29:00.231840+00:00"", ""model"": ""gemma-4-12b-it-qat-q4_0.gguf"", ""api_version"": null}"
879,Honeyland,scene_000_scroll_024_num03750_sim0.jpg,Miscellaneous Companies,,TRIEE FILMS,TRIEE FILMS,Miscellaneous Companies,,first_half,3750,pending,0,triee films,,cm0000093,internal_assigned,,,"{""timestamp"": ""2026-10-03T14:29:00.231840+00:00"", ""model"": ""gemma-4-12b-it-qat-q4_0.gguf"", ""api_version"": null}"
880,Honeyland,scene_000_scroll_024_num03750_sim0.jpg,Miscellaneous Companies,,NATURE CONSERVATION PROGRAMME IN MACEDONIA - NCP,NATURE CONSERVATION PROGRAMME IN MACEDONIA - NCP,Miscellaneous Companies,,first_half,3750,pending,0,nature conservation programme in macedonia ncp,,cm0000067,internal_assigned,,,"{""timestamp"": ""2026-10-03T14:29:00.231840+00:00"", ""model"": ""gemma-4-12b-it-qat-q4_0.gguf"", ""api_version"": null}"
881,Honeyland,scene_000_scroll_024_num03750_sim0.jpg,Miscellaneous Companies,,SFFM INVEST,THIS FILM WAS MADE POSSIBLE BY,Miscellaneous Companies,,first_half,3750,pending,0,sffm invest,,cm0000080,internal_assigned,,,"{""timestamp"": ""2026-10-03T14:29:00.231840+00:00"", ""model"": ""gemma-4-12b-it-qat-q4_0.gguf"", ""api_version"": null}"
882,Honeyland,scene_000_scroll_024_num03750_sim0.jpg,Miscellaneous Companies,,SETI AND UNIPROACH,A PROPOSAL BY,Miscellaneous Companies,,first_half,3750,pending,0,seti and uniproach,,cm0000077,internal_assigned,,,"{""timestamp"": ""2026-10-03T14:29:00.231840+00:00"", ""model"": ""gemma-4-12b-it-qat-q4_0.gguf"", ""api_version"": null}"
883,Honeyland,scene_000_scroll_025_num03900_sim0.jpg,Miscellaneous Companies,,SFFLM DOCUMENTARY FILM FUND,SFFLM DOCUMENTARY FILM FUND,Miscellaneous Companies,,first_half,3900,pending,0,sfflm documentary film fund,,cm0000078,internal_assigned,,,"{""timestamp"": ""2026-10-03T14:29:00.231840+00:00"", ""model"": ""gemma-4-12b-it-qat-q4_0.gguf"", ""api_version"": null}"
884,Honeyland,"scene_000_scroll_025_num03900_sim0.jpg,scene_000_scroll_026_num04050_sim0.jpg",Cast,,JULIE PARKER BENELLI,WITH,Cast,,first_half,"3900,4050",pending,1,julie parker benelli,,gp0000250,internal_assigned,,,"{""timestamp"": ""2026-10-03T14:29:00.231840+00:00"", ""model"": ""gemma-4-12b-it-qat-q4_0.gguf"", ""api_version"": null}"
885,Honeyland,"scene_000_scroll_025_num03900_sim0.jpg,scene_000_scroll_026_num04050_sim0.jpg,scene_000_scroll_027_num04200_sim0.jpg",Cast,,LISA KLEINED,SECRET SAUCE,Cast,,first_half,"3900,4050,4200",pending,1,lisa kleined,,,ambiguous,"[{""nconst"": ""nm0458870"", ""normalized_name"": ""lisa klein"", ""normalized_name_with_nickname"": null, ""primaryName"": ""Lisa Klein"", ""primaryProfession"": ""actress"", ""birthYear"": null, ""deathYear"": null, ""fuzzy_similarity"": ""91"", ""matched_string"": ""lisa klein""}, {""nconst"": ""nm5190663"", ""normalized_name"": ""lisa klein"", ""normalized_name_with_nickname"": null, ""primaryName"": ""Lisa Klein"", ""primaryProfession"": ""actress"", ""birthYear"": null, ""deathYear"": null, ""fuzzy_similarity"": ""91"", ""matched_string"": ""lisa klein""}, {""nconst"": ""nm6426615"", ""normalized_name"": ""lisa klein"", ""normalized_name_with_nickname"": null, ""primaryName"": ""Lisa Klein"", ""primaryProfession"": ""actress"", ""birthYear"": null, ""deathYear"": null, ""fuzzy_similarity"": ""91"", ""matched_string"": ""lisa klein""}, {""nconst"": ""nm6428553"", ""normalized_name"": ""lisa klein"", ""normalized_name_with_nickname"": null, ""primaryName"": ""Lisa Klein"", ""primaryProfession"": ""actress"", ""birthYear"": null, ""deathYear"": null, ""fuzzy_similarity"": ""91"", ""matched_string"": ""lisa klein""}]",,"{""timestamp"": ""2026-10-03T14:29:00.231840+00:00"", ""model"": ""gemma-4-12b-it-qat-q4_0.gguf"", ""api_version"": null}"
886,Honeyland,"scene_000_scroll_025_num03900_sim0.jpg,scene_000_scroll_026_num04050_sim0.jpg,scene_000_scroll_027_num04200_sim0.jpg,scene_000_scroll_028_num04350_sim0.jpg,scene_000_scroll_029_num04500_sim0.jpg,scene_000_scroll_030_num04650_sim0.jpg",Cast,,MADIA LYMN,CHARMIP,Cast,,first_half,"3900,4050,4200,4350,4500,4650",pending,1,madia lymn,,gp0000282,internal_assigned,,,"{""timestamp"": ""2026-10-03T14:29:00.231840+00:00"", ""model"": ""gemma-4-12b-it-qat-q4_0.gguf"", ""api_version"": null}"
887,Honeyland,"scene_000_scroll_025_num03900_sim0.jpg,scene_000_scroll_026_num04050_sim0.jpg,scene_000_scroll_027_num04200_sim0.jpg,scene_000_scroll_028_num04350_sim0.jpg,scene_000_scroll_029_num04500_sim0.jpg,scene_000_scroll_030_num04650_sim0.jpg",Cast,,NON MONSEY,SUNRISE ARTISTIC PICTURES,Cast,,first_half,"3900,4050,4200,4350,4500,4650",pending,1,non monsey,,gp0000307,internal_assigned,,,"{""timestamp"": ""2026-10-03T14:29:00.231840+00:00"", ""model"": ""gemma-4-12b-it-qat-q4_0.gguf"", ""api_version"": null}"
888,Honeyland,"scene_000_scroll_025_num03900_sim0.jpg,scene_000_scroll_026_num04050_sim0.jpg,scene_000_scroll_027_num04200_sim0.jpg,scene_000_scroll_028_num04350_sim0.jpg,scene_000_scroll_029_num04500_sim0.jpg,scene_000_scroll_030_num04650_sim0.jpg",Cast,,PATTY QUILIN,LESLIE BERMAN,Cast,,first_half,"3900,4050,4200,4350,4500,4650",pending,1,patty quilin,,gp0000308,internal_assigned,,,"{""timestamp"": ""2026-10-03T14:29:00.231840+00:00"", ""model"": ""gemma-4-12b-it-qat-q4_0.gguf"", ""api_version"": null}"
889,Honeyland,"scene_000_scroll_026_num04050_sim0.jpg,scene_000_scroll_027_num04200_sim0.jpg,scene_000_scroll_028_num04350_sim0.jpg,scene_000_scroll_029_num04500_sim0.jpg,scene_000_scroll_030_num04650_sim0.jpg,scene_000_scroll_031_num04800_sim0.jpg",Cast,,TODD THIBAUT,TODD THIBAUT,Cast,,first_half,"4050,4200,4350,4500,4650,4800",pending,1,todd thibaut,,gp0000340,internal_assigned,,,"{""timestamp"": ""2026-10-03T14:29:00.231840+00:00"", ""model"": ""gemma-4-12b-it-qat-q4_0.gguf"", ""api_version"": null}"
890,Honeyland,scene_000_scroll_027_num04200_sim0.jpg,Miscellaneous Companies,,SFILM DOCUMENTARY FILM FUND,SFILM DOCUMENTARY FILM FUND,Miscellaneous Companies,,first_half,4200,pending,0,sfilm documentary film fund,,cm0000081,internal_assigned,,,"{""timestamp"": ""2026-10-03T14:29:00.231840+00:00"", ""model"": ""gemma-4-12b-it-qat-q4_0.gguf"", ""api_version"": null}"
891,Honeyland,scene_000_scroll_027_num04200_sim0.jpg,Cast,,SECRET SAUCE,WITH,Cast,,first_half,4200,pending,0,secret sauce,,cm0000076,internal_assigned,,,"{""timestamp"": ""2026-10-03T14:29:00.231840+00:00"", ""model"": ""gemma-4-12b-it-qat-q4_0.gguf"", ""api_version"": null}"
892,Honeyland,"scene_000_scroll_027_num04200_sim0.jpg,scene_000_scroll_028_num04350_sim0.jpg,scene_000_scroll_029_num04500_sim0.jpg,scene_000_scroll_030_num04650_sim0.jpg",Cast,,SUNRISE ARTISTIC PICTURES,WITH,Cast,,first_half,"4200,4350,4500,4650",pending,0,sunrise artistic pictures,,cm0000089,internal_assigned,,,"{""timestamp"": ""2026-10-03T14:29:00.231840+00:00"", ""model"": ""gemma-4-12b-it-qat-q4_0.gguf"", ""api_version"": null}"
893,Honeyland,"scene_000_scroll_027_num04200_sim0.jpg,scene_000_scroll_028_num04350_sim0.jpg,scene_000_scroll_029_num04500_sim0.jpg,scene_000_scroll_030_num04650_sim0.jpg",Cast,,LESLIE BERMAN,WITH,Cast,,first_half,"4200,4350,4500,4650",pending,1,leslie berman,,,ambiguous,"[{""nconst"": ""nm10445277"", ""normalized_name"": ""leslie bean"", ""normalized_name_with_nickname"": null, ""primaryName"": ""Leslie Bean"", ""primaryProfession"": ""actress"", ""birthYear"": null, ""deathYear"": null, ""fuzzy_similarity"": ""92"", ""matched_string"": ""leslie bean""}, {""nconst"": ""nm17727775"", ""normalized_name"": ""leslie ehrman"", ""normalized_name_with_nickname"": null, ""primaryName"": ""Leslie Ehrman"", ""primaryProfession"": ""actress"", ""birthYear"": null, ""deathYear"": null, ""fuzzy_similarity"": ""92"", ""matched_string"": ""leslie ehrman""}, {""nconst"": ""nm1905839"", ""normalized_name"": ""leslie braverman"", ""normalized_name_with_nickname"": null, ""primaryName"": ""Leslie Braverman"", ""primaryProfession"": ""actor"", ""birthYear"": null, ""deathYear"": null, ""fuzzy_similarity"": ""90"", ""matched_string"": ""leslie braverman""}, {""nconst"": ""nm0504071"", ""normalized_name"": ""brian leslie"", ""normalized_name_with_nickname"": null, ""primaryName"": ""Brian Leslie"", ""primaryProfession"": ""actor"", ""birthYear"": 1952, ""deathYear"": null, ""fuzzy_similarity"": ""88"", ""matched_string"": ""brian leslie""}, {""nconst"": ""nm2269065"", ""normalized_name"": ""brian leslie"", ""normalized_name_with_nickname"": null, ""primaryName"": ""Brian Leslie"", ""primaryProfession"": ""actor"", ""birthYear"": null, ""deathYear"": null, ""fuzzy_similarity"": ""88"", ""matched_string"": ""brian leslie""}, {""nconst"": ""nm2705347"", ""normalized_name"": ""brant leslie"", ""normalized_name_with_nickname"": null, ""primaryName"": ""Brant Leslie"", ""primaryProfession"": ""actor"", ""birthYear"": null, ""deathYear"": null, ""fuzzy_similarity"": ""88"", ""matched_string"": ""brant leslie""}, {""nconst"": ""nm5578008"", ""normalized_name"": ""brian leslie"", ""normalized_name_with_nickname"": null, ""primaryName"": ""Brian Leslie"", ""primaryProfession"": ""actor"", ""birthYear"": null, ""deathYear"": null, ""fuzzy_similarity"": ""88"", ""matched_string"": ""brian leslie""}, {""nconst"": ""nm6008096"", ""normalized_name"": ""brian leslie"", ""normalized_name_with_nickname"": null, ""primaryName"": ""Brian Leslie"", ""primaryProfession"": ""actor"", ""birthYear"": null, ""deathYear"": null, ""fuzzy_similarity"": ""88"", ""matched_string"": ""brian leslie""}, {""nconst"": ""nm9278044"", ""normalized_name"": ""bryan leslie"", ""normalized_name_with_nickname"": null, ""primaryName"": ""Bryan Leslie"", ""primaryProfession"": ""actor"", ""birthYear"": null, ""deathYear"": null, ""fuzzy_similarity"": ""88"", ""matched_string"": ""bryan leslie""}]",,"{""timestamp"": ""2026-10-03T14:29:00.231840+00:00"", ""model"": ""gemma-4-12b-it-qat-q4_0.gguf"", ""api_version"": null}"
894,Honeyland,scene_000_scroll_027_num04200_sim0.jpg,Sales Representatives / ISA,,SUBMARINE,SALES REPRESENTATION,Sales Representatives / ISA,,first_half,4200,pending,0,submarine,,cm0000086,internal_assigned,,,"{""timestamp"": ""2026-10-03T14:29:00.231840+00:00"", ""model"": ""gemma-4-12b-it-qat-q4_0.gguf"", ""api_version"": null}"
895,Honeyland,"scene_000_scroll_027_num04200_sim0.jpg,scene_000_scroll_028_num04350_sim0.jpg,scene_000_scroll_029_num04500_sim0.jpg,scene_000_scroll_030_num04650_sim0.jpg,scene_000_scroll_031_num04800_sim0.jpg",Sales Representatives / ISA,,JOSI BRAIN,SALES REPRESENTATION,Sales Representatives / ISA,,first_half,"4200,4350,4500,4650,4800",pending,1,josi brain,,gp0000248,internal_assigned,,,"{""timestamp"": ""2026-10-03T14:29:00.231840+00:00"", ""model"": ""gemma-4-12b-it-qat-q4_0.gguf"", ""api_version"": null}"
896,Honeyland,"scene_000_scroll_027_num04200_sim0.jpg,scene_000_scroll_028_num04350_sim0.jpg,scene_000_scroll_029_num04500_sim0.jpg,scene_000_scroll_030_num04650_sim0.jpg,scene_000_scroll_031_num04800_sim0.jpg",Sales Representatives / ISA,,DAN BRAIN,SALES REPRESENTATION,Sales Representatives / ISA,,first_half,"4200,4350,4500,4650,4800",pending,1,dan brain,,gp0000211,internal_assigned,,,"{""timestamp"": ""2026-10-03T14:29:00.231840+00:00"", ""model"": ""gemma-4-12b-it-qat-q4_0.gguf"", ""api_version"": null}"
897,Honeyland,"scene_000_scroll_027_num04200_sim0.jpg,scene_000_scroll_028_num04350_sim0.jpg,scene_000_scroll_029_num04500_sim0.jpg,scene_000_scroll_030_num04650_sim0.jpg,scene_000_scroll_031_num04800_sim0.jpg",Sales Representatives / ISA,,BEN BRAIN,SALES REPRESENTATION,Sales Representatives / ISA,,first_half,"4200,4350,4500,4650,4800",pending,1,ben brain,,gp0000192,internal_assigned,,,"{""timestamp"": ""2026-10-03T14:29:00.231840+00:00"", ""model"": ""gemma-4-12b-it-qat-q4_0.gguf"", ""api_version"": null}"
898,Honeyland,"scene_000_scroll_027_num04200_sim0.jpg,scene_000_scroll_028_num04350_sim0.jpg,scene_000_scroll_029_num04500_sim0.jpg,scene_000_scroll_030_num04650_sim0.jpg,scene_000_scroll_031_num04800_sim0.jpg",Sales Representatives / ISA,,MATT BRIKE,SALES REPRESENTATION,Sales Representatives / ISA,,first_half,"4200,4350,4500,4650,4800",pending,1,matt brike,,gp0000295,internal_assigned,,,"{""timestamp"": ""2026-10-03T14:29:00.231840+00:00"", ""model"": ""gemma-4-12b-it-qat-q4_0.gguf"", ""api_version"": null}"
899,Honeyland,"scene_000_scroll_027_num04200_sim0.jpg,scene_000_scroll_028_num04350_sim0.jpg,scene_000_scroll_029_num04500_sim0.jpg,scene_000_scroll_030_num04650_sim0.jpg,scene_000_scroll_031_num04800_sim0.jpg",Sales Representatives / ISA,,BEN SCHWARTZ,SALES REPRESENTATION,Sales Representatives / ISA,,first_half,"4200,4350,4500,4650,4800",pending,1,ben schwartz,,gp0000193,internal_assigned,,,"{""timestamp"": ""2026-10-03T14:29:00.231840+00:00"", ""model"": ""gemma-4-12b-it-qat-q4_0.gguf"", ""api_version"": null}"
900,Honeyland,scene_000_scroll_027_num04200_sim0.jpg,Distributors,,SUBMARINE,SECRETARY DISTRIBUTION,Distributors,,first_half,4200,pending,0,submarine,,cm0000087,internal_assigned,,,"{""timestamp"": ""2026-10-03T14:29:00.231840+00:00"", ""model"": ""gemma-4-12b-it-qat-q4_0.gguf"", ""api_version"": null}"
901,Honeyland,scene_000_scroll_028_num04350_sim0.jpg,Miscellaneous Companies,,SUD,PROJECT OF THE SWISS AGENCY FOR DEVELOPMENT AND DUPLICATION - SUD,Miscellaneous Companies,,first_half,4350,pending,0,sud,,cm0000088,internal_assigned,,,"{""timestamp"": ""2026-10-03T14:29:00.231840+00:00"", ""model"": ""gemma-4-12b-it-qat-q4_0.gguf"", ""api_version"": null}"
902,Honeyland,"scene_000_scroll_028_num04350_sim0.jpg,scene_000_scroll_030_num04650_sim0.jpg",Cast,,JULIE PARKER,WITH,Cast,,first_half,"4350,4650",pending,1,julie parker,,,ambiguous,"[{""nconst"": ""nm1005782"", ""normalized_name"": ""julie parker"", ""normalized_name_with_nickname"": null, ""primaryName"": ""Julie Parker"", ""primaryProfession"": ""actress"", ""birthYear"": null, ""deathYear"": null}, {""nconst"": ""nm10125141"", ""normalized_name"": ""julie parker"", ""normalized_name_with_nickname"": null, ""primaryName"": ""Julie Parker"", ""primaryProfession"": ""actress"", ""birthYear"": null, ""deathYear"": null}, {""nconst"": ""nm5490119"", ""normalized_name"": ""julie parker"", ""normalized_name_with_nickname"": null, ""primaryName"": ""Julie Parker"", ""primaryProfession"": ""actress"", ""birthYear"": null, ""deathYear"": null}, {""nconst"": ""nm7898040"", ""normalized_name"": ""julie parker"", ""normalized_name_with_nickname"": null, ""primaryName"": ""Julie Parker"", ""primaryProfession"": ""actress"", ""birthYear"": null, ""deathYear"": null}, {""nconst"": ""nm8428391"", ""normalized_name"": ""julie parker"", ""normalized_name_with_nickname"": null, ""primaryName"": ""Julie Parker"", ""primaryProfession"": ""actor"", ""birthYear"": null, ""deathYear"": null}]",,"{""timestamp"": ""2026-10-03T14:29:00.231840+00:00"", ""model"": ""gemma-4-12b-it-qat-q4_0.gguf"", ""api_version"": null}"
903,Honeyland,"scene_000_scroll_028_num04350_sim0.jpg,scene_000_scroll_029_num04500_sim0.jpg,scene_000_scroll_030_num04650_sim0.jpg",Cast,,LISA KLEINER,WITH,Cast,,first_half,"4350,4500,4650",pending,1,lisa kleiner,,,ambiguous,"[{""nconst"": ""nm8256220"", ""normalized_name"": ""lisa leitner"", ""normalized_name_with_nickname"": null, ""primaryName"": ""Lisa Leitner"", ""primaryProfession"": ""actor"", ""birthYear"": null, ""deathYear"": null, ""fuzzy_similarity"": ""92"", ""matched_string"": ""lisa leitner""}, {""nconst"": ""nm0458870"", ""normalized_name"": ""lisa klein"", ""normalized_name_with_nickname"": null, ""primaryName"": ""Lisa Klein"", ""primaryProfession"": ""actress"", ""birthYear"": null, ""deathYear"": null, ""fuzzy_similarity"": ""91"", ""matched_string"": ""lisa klein""}, {""nconst"": ""nm5190663"", ""normalized_name"": ""lisa klein"", ""normalized_name_with_nickname"": null, ""primaryName"": ""Lisa Klein"", ""primaryProfession"": ""actress"", ""birthYear"": null, ""deathYear"": null, ""fuzzy_similarity"": ""91"", ""matched_string"": ""lisa klein""}, {""nconst"": ""nm6426615"", ""normalized_name"": ""lisa klein"", ""normalized_name_with_nickname"": null, ""primaryName"": ""Lisa Klein"", ""primaryProfession"": ""actress"", ""birthYear"": null, ""deathYear"": null, ""fuzzy_similarity"": ""91"", ""matched_string"": ""lisa klein""}, {""nconst"": ""nm6428553"", ""normalized_name"": ""lisa klein"", ""normalized_name_with_nickname"": null, ""primaryName"": ""Lisa Klein"", ""primaryProfession"": ""actress"", ""birthYear"": null, ""deathYear"": null, ""fuzzy_similarity"": ""91"", ""matched_string"": ""lisa klein""}, {""nconst"": ""nm17440600"", ""normalized_name"": ""lisa klingler"", ""normalized_name_with_nickname"": null, ""primaryName"": ""Lisa Klingler"", ""primaryProfession"": ""actress"", ""birthYear"": null, ""deathYear"": null, ""fuzzy_similarity"": ""88"", ""matched_string"": ""lisa klingler""}]",,"{""timestamp"": ""2026-10-03T14:29:00.231840+00:00"", ""model"": ""gemma-4-12b-it-qat-q4_0.gguf"", ""api_version"": null}"
904,Honeyland,"scene_000_scroll_028_num04350_sim0.jpg,scene_000_scroll_029_num04500_sim0.jpg,scene_000_scroll_030_num04650_sim0.jpg,scene_000_scroll_031_num04800_sim0.jpg",Distributors,,BECCETI,DISTRIBUTION,Distributors,,first_half,"4350,4500,4650,4800",pending,0,becceti,,cm0000051,internal_assigned,,,"{""timestamp"": ""2026-10-03T14:29:00.231840+00:00"", ""model"": ""gemma-4-12b-it-qat-q4_0.gguf"", ""api_version"": null}"
905,Honeyland,"scene_000_scroll_028_num04350_sim0.jpg,scene_000_scroll_029_num04500_sim0.jpg,scene_000_scroll_030_num04650_sim0.jpg,scene_000_scroll_031_num04800_sim0.jpg,scene_000_scroll_032_num04950_sim0.jpg",Distributors,,HENRI BECKETI,DISTRIBUTION,Distributors,,first_half,"4350,4500,4650,4800,4950",pending,1,henri becketi,,gp0000239,internal_assigned,,,"{""timestamp"": ""2026-10-03T14:29:00.231840+00:00"", ""model"": ""gemma-4-12b-it-qat-q4_0.gguf"", ""api_version"": null}"
906,Honeyland,scene_000_scroll_029_num04500_sim0.jpg,Cast,,DENISE SOGGETT SAUCE,WITH,Cast,,first_half,4500,pending,1,denise soggett sauce,,gp0000215,internal_assigned,,,"{""timestamp"": ""2026-10-03T14:29:00.231840+00:00"", ""model"": ""gemma-4-12b-it-qat-q4_0.gguf"", ""api_version"": null}"
907,Honeyland,scene_000_scroll_032_num04950_sim0.jpg,Cast,,JOSI BRAIN,SUBMARINE,Cast,,first_half,4950,pending,1,josi brain,,gp0000249,internal_assigned,,,"{""timestamp"": ""2026-10-03T14:29:00.231840+00:00"", ""model"": ""gemma-4-12b-it-qat-q4_0.gguf"", ""api_version"": null}"
908,Honeyland,scene_000_scroll_032_num04950_sim0.jpg,Cast,,DAN BRAUN,SUBMARINE,Cast,,first_half,4950,pending,1,dan braun,,,ambiguous,"[{""nconst"": ""nm2308591"", ""normalized_name"": ""dan braun"", ""normalized_name_with_nickname"": null, ""primaryName"": ""Dan Braun"", ""primaryProfession"": ""actor"", ""birthYear"": null, ""deathYear"": null}, {""nconst"": ""nm9592550"", ""normalized_name"": ""dan braun"", ""normalized_name_with_nickname"": null, ""primaryName"": ""Dan Braun"", ""primaryProfession"": ""actor"", ""birthYear"": null, ""deathYear"": null}]",,"{""timestamp"": ""2026-10-03T14:29:00.231840+00:00"", ""model"": ""gemma-4-12b-it-qat-q4_0.gguf"", ""api_version"": null}"
909,Honeyland,scene_000_scroll_032_num04950_sim0.jpg,Cast,,BEN BRAUN,SUBMARINE,Cast,,first_half,4950,pending,1,ben braun,,,ambiguous,"[{""nconst"": ""nm14902916"", ""normalized_name"": ""ben braun"", ""normalized_name_with_nickname"": null, ""primaryName"": ""Ben Braun"", ""primaryProfession"": ""actor"", ""birthYear"": null, ""deathYear"": null}, {""nconst"": ""nm1591325"", ""normalized_name"": ""ben braun"", ""normalized_name_with_nickname"": null, ""primaryName"": ""Ben Braun"", ""primaryProfession"": ""actor,producer,executive"", ""birthYear"": 1979, ""deathYear"": null}, {""nconst"": ""nm6686633"", ""normalized_name"": ""ben braun"", ""normalized_name_with_nickname"": null, ""primaryName"": ""Ben Braun"", ""primaryProfession"": ""actor"", ""birthYear"": null, ""deathYear"": null}]",,"{""timestamp"": ""2026-10-03T14:29:00.231840+00:00"", ""model"": ""gemma-4-12b-it-qat-q4_0.gguf"", ""api_version"": null}"
910,Honeyland,scene_000_scroll_032_num04950_sim0.jpg,Cast,,MATT BRIKE,SUBMARINE,Cast,,first_half,4950,pending,1,matt brike,,,ambiguous,"[{""nconst"": ""nm11100257"", ""normalized_name"": ""matt bricker"", ""normalized_name_with_nickname"": null, ""primaryName"": ""Matt Bricker"", ""primaryProfession"": ""actor,stunts"", ""birthYear"": null, ""deathYear"": null, ""fuzzy_similarity"": ""91"", ""matched_string"": ""matt bricker""}, {""nconst"": ""nm4770583"", ""normalized_name"": ""matt bricker"", ""normalized_name_with_nickname"": null, ""primaryName"": ""Matt Bricker"", ""primaryProfession"": ""actor"", ""birthYear"": null, ""deathYear"": null, ""fuzzy_similarity"": ""91"", ""matched_string"": ""matt bricker""}, {""nconst"": ""nm13767628"", ""normalized_name"": ""matt burke"", ""normalized_name_with_nickname"": null, ""primaryName"": ""Matt Burke"", ""primaryProfession"": ""actor"", ""birthYear"": null, ""deathYear"": null, ""fuzzy_similarity"": ""90"", ""matched_string"": ""matt burke""}, {""nconst"": ""nm15805213"", ""normalized_name"": ""matt burke"", ""normalized_name_with_nickname"": null, ""primaryName"": ""Matt Burke"", ""primaryProfession"": ""actor"", ""birthYear"": null, ""deathYear"": null, ""fuzzy_similarity"": ""90"", ""matched_string"": ""matt burke""}, {""nconst"": ""nm16603781"", ""normalized_name"": ""matt burke"", ""normalized_name_with_nickname"": null, ""primaryName"": ""Matt Burke"", ""primaryProfession"": ""actor"", ""birthYear"": null, ""deathYear"": null, ""fuzzy_similarity"": ""90"", ""matched_string"": ""matt burke""}, {""nconst"": ""nm3232788"", ""normalized_name"": ""matt burke"", ""normalized_name_with_nickname"": null, ""primaryName"": ""Matt Burke"", ""primaryProfession"": ""actor,director"", ""birthYear"": null, ""deathYear"": null, ""fuzzy_similarity"": ""90"", ""matched_string"": ""matt burke""}, {""nconst"": ""nm3502036"", ""normalized_name"": ""matt brick"", ""normalized_name_with_nickname"": null, ""primaryName"": ""Matt Brick"", ""primaryProfession"": ""actor"", ""birthYear"": null, ""deathYear"": null, ""fuzzy_similarity"": ""90"", ""matched_string"": ""matt brick""}, {""nconst"": ""nm5486335"", ""normalized_name"": ""matt burke"", ""normalized_name_with_nickname"": null, ""primaryName"": ""Matt Burke"", ""primaryProfession"": ""actor"", ""birthYear"": null, ""deathYear"": null, ""fuzzy_similarity"": ""90"", ""matched_string"": ""matt burke""}, {""nconst"": ""nm7932635"", ""normalized_name"": ""matt burke"", ""normalized_name_with_nickname"": null, ""primaryName"": ""Matt Burke"", ""primaryProfession"": ""actor"", ""birthYear"": null, ""deathYear"": null, ""fuzzy_similarity"": ""90"", ""matched_string"": ""matt burke""}, {""nconst"": ""nm7964980"", ""normalized_name"": ""matt burke"", ""normalized_name_with_nickname"": null, ""primaryName"": ""Matt Burke"", ""primaryProfession"": ""actor,cinematographer,producer"", ""birthYear"": null, ""deathYear"": null, ""fuzzy_similarity"": ""90"", ""matched_string"": ""matt burke""}]",,"{""timestamp"": ""2026-10-03T14:29:00.231840+00:00"", ""model"": ""gemma-4-12b-it-qat-q4_0.gguf"", ""api_version"": null}"
911,Honeyland,scene_000_scroll_032_num04950_sim0.jpg,Cast,,BEN SCHWARTZ,SUBMARINE,Cast,,first_half,4950,pending,1,ben schwartz,,,ambiguous,"[{""nconst"": ""nm0777156"", ""normalized_name"": ""ben schwartz"", ""normalized_name_with_nickname"": null, ""primaryName"": ""Ben Schwartz"", ""primaryProfession"": ""actor"", ""birthYear"": null, ""deathYear"": null}, {""nconst"": ""nm10405520"", ""normalized_name"": ""ben schwartz"", ""normalized_name_with_nickname"": null, ""primaryName"": ""Ben Schwartz"", ""primaryProfession"": ""actor"", ""birthYear"": null, ""deathYear"": null}, {""nconst"": ""nm11230486"", ""normalized_name"": ""ben schwartz"", ""normalized_name_with_nickname"": null, ""primaryName"": ""Ben Schwartz"", ""primaryProfession"": ""director,writer,actor"", ""birthYear"": null, ""deathYear"": null}, {""nconst"": ""nm2355635"", ""normalized_name"": ""ben schwartz"", ""normalized_name_with_nickname"": null, ""primaryName"": ""Ben Schwartz"", ""primaryProfession"": ""actor,writer,producer"", ""birthYear"": 1981, ""deathYear"": null}, {""nconst"": ""nm4836729"", ""normalized_name"": ""ben schwartz"", ""normalized_name_with_nickname"": null, ""primaryName"": ""Ben Schwartz"", ""primaryProfession"": ""actor"", ""birthYear"": null, ""deathYear"": null}, {""nconst"": ""nm5197232"", ""normalized_name"": ""ben schwartz"", ""normalized_name_with_nickname"": null, ""primaryName"": ""Ben Schwartz"", ""primaryProfession"": ""actor,cinematographer,assistant_director"", ""birthYear"": null, ""deathYear"": null}, {""nconst"": ""nm9435253"", ""normalized_name"": ""ben schwartz"", ""normalized_name_with_nickname"": null, ""primaryName"": ""Ben Schwartz"", ""primaryProfession"": ""actor,sound_department"", ""birthYear"": null, ""deathYear"": null}, {""nconst"": ""nm9978141"", ""normalized_name"": ""ben schwartz"", ""normalized_name_with_nickname"": null, ""primaryName"": ""Ben Schwartz"", ""primaryProfession"": ""actor"", ""birthYear"": null, ""deathYear"": null}]",,"{""timestamp"": ""2026-10-03T14:29:00.231840+00:00"", ""model"": ""gemma-4-12b-it-qat-q4_0.gguf"", ""api_version"": null}"
912,Honeyland,"scene_000_scroll_032_num04950_sim0.jpg,scene_000_scroll_033_num05100_sim0.jpg",Miscellaneous Companies,,HONEYLANCEART,WWW.HONEYLANCEART.COM,Miscellaneous Companies,,first_half,"4950,5100",pending,0,honeylanceart,,cm0000063,internal_assigned,,,"{""timestamp"": ""2026-10-03T14:29:00.231840+00:00"", ""model"": ""gemma-4-12b-it-qat-q4_0.gguf"", ""api_version"": null}"
913,Honeyland,scene_000_scroll_033_num05100_sim0.jpg,Additional Crew,,HENRI BECKETI,LOCAUTI INFORMATIVON,Additional Crew,,first_half,5100,pending,1,henri becketi,,gp0000240,internal_assigned,,,"{""timestamp"": ""2026-10-03T14:29:00.231840+00:00"", ""model"": ""gemma-4-12b-it-qat-q4_0.gguf"", ""api_version"": null}"
914,Persepolis,scene_000_scroll_000_num00150_sim0.jpg,Directors,,Marijane Satrapi,Un film de,Directors,,first_half,150,pending,1,marijane satrapi,,nm2277869,auto_assigned,,Marjane Satrapi,"{""timestamp"": ""2026-10-03T14:57:31.930564+00:00"", ""model"": ""gemma-4-12b-it-qat-q4_0.gguf"", ""api_version"": null}"
915,Persepolis,scene_000_scroll_000_num00150_sim0.jpg,Directors,,Vincent Paronnaud,Un film de,Directors,,first_half,150,pending,1,vincent paronnaud,,nm1749112,auto_assigned,,Vincent Paronnaud,"{""timestamp"": ""2026-10-03T14:57:31.930564+00:00"", ""model"": ""gemma-4-12b-it-qat-q4_0.gguf"", ""api_version"": null}"
916,Persepolis,scene_000_scroll_000_num00150_sim0.jpg,Producers,,Marc-Antoine Robert,Produit par,Producers,,first_half,150,pending,1,marc antoine robert,,nm2274042,auto_assigned,,Marc-Antoine Robert,"{""timestamp"": ""2026-10-03T14:57:31.930564+00:00"", ""model"": ""gemma-4-12b-it-qat-q4_0.gguf"", ""api_version"": null}"
917,Persepolis,scene_000_scroll_000_num00150_sim0.jpg,Producers,,Xavier Rigault,Produit par,Producers,,first_half,150,pending,1,xavier rigault,,nm2275877,auto_assigned,,Xavier Rigault,"{""timestamp"": ""2026-10-03T14:57:31.930564+00:00"", ""model"": ""gemma-4-12b-it-qat-q4_0.gguf"", ""api_version"": null}"
918,Persepolis,scene_000_scroll_000_num00150_sim0.jpg,Voice Actors - Dubbing,,Chiara Mastroianni,MARIANE ADOLESCENTE ET ADULTE,Voice Actors - Dubbing,,first_half,150,pending,1,chiara mastroianni,,nm0557859,auto_assigned,,Chiara Mastroianni,"{""timestamp"": ""2026-10-03T14:57:31.930564+00:00"", ""model"": ""gemma-4-12b-it-qat-q4_0.gguf"", ""api_version"": null}"
919,Persepolis,scene_000_scroll_000_num00150_sim0.jpg,Voice Actors - Dubbing,,Catherine Deneuve,LA MÈRE,Voice Actors - Dubbing,,first_half,150,pending,1,catherine deneuve,,nm0000366,auto_assigned,,Catherine Deneuve,"{""timestamp"": ""2026-10-03T14:57:31.930564+00:00"", ""model"": ""gemma-4-12b-it-qat-q4_0.gguf"", ""api_version"": null}"
920,Persepolis,scene_000_scroll_000_num00150_sim0.jpg,Voice Actors - Dubbing,,Danielle Darrieux,LA GRAND-MÈRE,Voice Actors - Dubbing,,first_half,150,pending,1,danielle darrieux,,nm0201638,auto_assigned,,Danielle Darrieux,"{""timestamp"": ""2026-10-03T14:57:31.930564+00:00"", ""model"": ""gemma-4-12b-it-qat-q4_0.gguf"", ""api_version"": null}"
921,Persepolis,scene_000_scroll_000_num00150_sim0.jpg,Voice Actors - Dubbing,,Simon Abkarian,LE PÈRE,Voice Actors - Dubbing,,first_half,150,pending,1,simon abkarian,,nm0008787,auto_assigned,,Simon Abkarian,"{""timestamp"": ""2026-10-03T14:57:31.930564+00:00"", ""model"": ""gemma-4-12b-it-qat-q4_0.gguf"", ""api_version"": null}"
922,Persepolis,scene_000_scroll_000_num00150_sim0.jpg,Voice Actors - Dubbing,,Gabrielle Lopes,MARIANE ENFANT,Voice Actors - Dubbing,,first_half,150,pending,1,gabrielle lopes,,nm1102715,auto_assigned,,Gabrielle Lopes,"{""timestamp"": ""2026-10-03T14:57:31.930564+00:00"", ""model"": ""gemma-4-12b-it-qat-q4_0.gguf"", ""api_version"": null}"
923,Persepolis,scene_000_scroll_000_num00150_sim0.jpg,Voice Actors - Dubbing,,François Jerosme,ONCLE ANOUCHE,Voice Actors - Dubbing,,first_half,150,pending,1,francois jerosme,,nm0422045,auto_assigned,,François Jerosme,"{""timestamp"": ""2026-10-03T14:57:31.930564+00:00"", ""model"": ""gemma-4-12b-it-qat-q4_0.gguf"", ""api_version"": null}"
924,Persepolis,scene_000_scroll_000_num00150_sim0.jpg,Voice Actors - Dubbing,,Sophie Arthuys,ÉT LES VOIX DE :,Voice Actors - Dubbing,,first_half,150,pending,1,sophie arthuys,,nm0037871,auto_assigned,,Sophie Arthuys,"{""timestamp"": ""2026-10-03T14:57:31.930564+00:00"", ""model"": ""gemma-4-12b-it-qat-q4_0.gguf"", ""api_version"": null}"
925,Persepolis,scene_000_scroll_000_num00150_sim0.jpg,Voice Actors - Dubbing,,Arié Elmaleh,ÉT LES VOIX DE :,Voice Actors - Dubbing,,first_half,150,pending,1,arie elmaleh,,nm1065166,auto_assigned,,Arié Elmaleh,"{""timestamp"": ""2026-10-03T14:57:31.930564+00:00"", ""model"": ""gemma-4-12b-it-qat-q4_0.gguf"", ""api_version"": null}"
926,Persepolis,scene_000_scroll_000_num00150_sim0.jpg,Voice Actors - Dubbing,,Jean-François Gallotte,ÉT LES VOIX DE :,Voice Actors - Dubbing,,first_half,150,pending,1,jean francois gallotte,,nm0303145,auto_assigned,,Jean-François Gallotte,"{""timestamp"": ""2026-10-03T14:57:31.930564+00:00"", ""model"": ""gemma-4-12b-it-qat-q4_0.gguf"", ""api_version"": null}"
927,Persepolis,scene_000_scroll_000_num00150_sim0.jpg,Voice Actors - Dubbing,,Mathias Mlekuz,ÉT LES VOIX DE :,Voice Actors - Dubbing,,first_half,150,pending,1,mathias mlekuz,,nm0594856,auto_assigned,,Mathias Mlekuz,"{""timestamp"": ""2026-10-03T14:57:31.930564+00:00"", ""model"": ""gemma-4-12b-it-qat-q4_0.gguf"", ""api_version"": null}"
928,Persepolis,scene_001_scroll_000_num00196_sim0.jpg,Cast,,Sacha Alliel,ET :,Cast,,first_half,196,pending,1,sacha alliel,,nm1444936,auto_assigned,,Sasha Alliel,"{""timestamp"": ""2026-10-03T14:57:31.930564+00:00"", ""model"": ""gemma-4-12b-it-qat-q4_0.gguf"", ""api_version"": null}"
929,Persepolis,scene_001_scroll_000_num00196_sim0.jpg,Cast,,Virginie Antico,ET :,Cast,,first_half,196,pending,1,virginie antico,,nm13950735,auto_assigned,,Virginie Antico,"{""timestamp"": ""2026-10-03T14:57:31.930564+00:00"", ""model"": ""gemma-4-12b-it-qat-q4_0.gguf"", ""api_version"": null}"
930,Persepolis,scene_001_scroll_000_num00196_sim0.jpg,Cast,,Sylvain Audi,ET :,Cast,,first_half,196,pending,1,sylvain audi,,nm3197263,auto_assigned,,Sylvain Audi,"{""timestamp"": ""2026-10-03T14:57:31.930564+00:00"", ""model"": ""gemma-4-12b-it-qat-q4_0.gguf"", ""api_version"": null}"
931,Persepolis,scene_001_scroll_000_num00196_sim0.jpg,Cast,,Bénédicte Battesti,ET :,Cast,,first_half,196,pending,1,benedicte battesti,,nm6781230,auto_assigned,,Bénédicte Battesti,"{""timestamp"": ""2026-10-03T14:57:31.930564+00:00"", ""model"": ""gemma-4-12b-it-qat-q4_0.gguf"", ""api_version"": null}"
932,Persepolis,scene_001_scroll_000_num00196_sim0.jpg,Cast,,M. Julia Marine,ET :,Cast,,first_half,196,pending,1,m julia marine,,,ambiguous,"[{""nconst"": ""nm14776736"", ""normalized_name"": ""julia mac marie"", ""normalized_name_with_nickname"": null, ""primaryName"": ""Julia Mac Marie"", ""primaryProfession"": ""actress"", ""birthYear"": null, ""deathYear"": null, ""fuzzy_similarity"": ""90"", ""matched_string"": ""julia mac marie""}, {""nconst"": ""nm10921991"", ""normalized_name"": ""julia marin"", ""normalized_name_with_nickname"": null, ""primaryName"": ""Julia Marin"", ""primaryProfession"": ""actress"", ""birthYear"": null, ""deathYear"": null, ""fuzzy_similarity"": ""88"", ""matched_string"": ""julia marin""}, {""nconst"": ""nm12579209"", ""normalized_name"": ""julia marie"", ""normalized_name_with_nickname"": null, ""primaryName"": ""Julia Marie"", ""primaryProfession"": ""actor"", ""birthYear"": null, ""deathYear"": null, ""fuzzy_similarity"": ""88"", ""matched_string"": ""julia marie""}, {""nconst"": ""nm3634429"", ""normalized_name"": ""julia marie"", ""normalized_name_with_nickname"": null, ""primaryName"": ""Julia Marie"", ""primaryProfession"": ""actress"", ""birthYear"": null, ""deathYear"": null, ""fuzzy_similarity"": ""88"", ""matched_string"": ""julia marie""}, {""nconst"": ""nm8556903"", ""normalized_name"": ""julia marin"", ""normalized_name_with_nickname"": null, ""primaryName"": ""Julia Mar\u00edn"", ""primaryProfession"": ""actress"", ""birthYear"": null, ""deathYear"": null, ""fuzzy_similarity"": ""88"", ""matched_string"": ""julia marin""}, {""nconst"": ""nm8790991"", ""normalized_name"": ""julia marie"", ""normalized_name_with_nickname"": null, ""primaryName"": ""Julia Marie"", ""primaryProfession"": ""actress"", ""birthYear"": null, ""deathYear"": null, ""fuzzy_similarity"": ""88"", ""matched_string"": ""julia marie""}]",,"{""timestamp"": ""2026-10-03T14:57:31.930564+00:00"", ""model"": ""gemma-4-12b-it-qat-q4_0.gguf"", ""api_version"": null}"
933,Persepolis,scene_001_scroll_000_num00196_sim0.jpg,Cast,,Lesceline Haase,ET :,Cast,,first_half,196,pending,1,lesceline haase,,nm11996263,auto_assigned,,Lesceline Hasse,"{""timestamp"": ""2026-10-03T14:57:31.930564+00:00"", ""model"": ""gemma-4-12b-it-qat-q4_0.gguf"", ""api_version"": null}"
934,Persepolis,scene_001_scroll_000_num00196_sim0.jpg,Cast,,Marc Jousset,ET :,Cast,,first_half,196,pending,1,marc jousset,,nm1268946,auto_assigned,,Marc Jousset,"{""timestamp"": ""2026-10-03T14:57:31.930564+00:00"", ""model"": ""gemma-4-12b-it-qat-q4_0.gguf"", ""api_version"": null}"
935,Persepolis,scene_001_scroll_000_num00196_sim0.jpg,Cast,,Nicolas Leroy,ET :,Cast,,first_half,196,pending,1,nicolas leroy,,nm3612843,auto_assigned,,Nicolas Leroy,"{""timestamp"": ""2026-10-03T14:57:31.930564+00:00"", ""model"": ""gemma-4-12b-it-qat-q4_0.gguf"", ""api_version"": null}"
936,Persepolis,scene_001_scroll_000_num00196_sim0.jpg,Cast,,Candide Lopes,ET :,Cast,,first_half,196,pending,1,candide lopes,,nm13950736,auto_assigned,,Candide Lopes,"{""timestamp"": ""2026-10-03T14:57:31.930564+00:00"", ""model"": ""gemma-4-12b-it-qat-q4_0.gguf"", ""api_version"": null}"
937,Persepolis,scene_001_scroll_000_num00196_sim0.jpg,Cast,,M. Maïnne Brôt,ET :,Cast,,first_half,196,pending,1,m mainne brot,,gp0000370,internal_assigned,,,"{""timestamp"": ""2026-10-03T14:57:31.930564+00:00"", ""model"": ""gemma-4-12b-it-qat-q4_0.gguf"", ""api_version"": null}"
938,Persepolis,scene_001_scroll_001_num00346_sim0.jpg,Cast,,Hubert Benhamdine,ET :,Cast,,first_half,346,pending,1,hubert benhamdine,,nm1095243,auto_assigned,,Hubert Benhamdine,"{""timestamp"": ""2026-10-03T14:57:31.930564+00:00"", ""model"": ""gemma-4-12b-it-qat-q4_0.gguf"", ""api_version"": null}"
939,Persepolis,scene_001_scroll_001_num00346_sim0.jpg,Cast,,Ninon Bretecher,ET :,Cast,,first_half,346,pending,1,ninon bretecher,,nm1458092,auto_assigned,,Ninon Brétécher,"{""timestamp"": ""2026-10-03T14:57:31.930564+00:00"", ""model"": ""gemma-4-12b-it-qat-q4_0.gguf"", ""api_version"": null}"
940,Persepolis,scene_001_scroll_001_num00346_sim0.jpg,Cast,,Jean-Philippe Callet,ET :,Cast,,first_half,346,pending,1,jean philippe callet,,nm1317563,auto_assigned,,Jean-Philippe Callet,"{""timestamp"": ""2026-10-03T14:57:31.930564+00:00"", ""model"": ""gemma-4-12b-it-qat-q4_0.gguf"", ""api_version"": null}"
941,Persepolis,scene_001_scroll_001_num00346_sim0.jpg,Cast,,Idit Cebula,ET :,Cast,,first_half,346,pending,1,idit cebula,,nm0147544,auto_assigned,,Idit Cebula,"{""timestamp"": ""2026-10-03T14:57:31.930564+00:00"", ""model"": ""gemma-4-12b-it-qat-q4_0.gguf"", ""api_version"": null}"
942,Persepolis,scene_001_scroll_001_num00346_sim0.jpg,Cast,,Carlos Chahine,ET :,Cast,,first_half,346,pending,1,carlos chahine,,nm1178312,auto_assigned,,Carlos Chahine,"{""timestamp"": ""2026-10-03T14:57:31.930564+00:00"", ""model"": ""gemma-4-12b-it-qat-q4_0.gguf"", ""api_version"": null}"
943,Persepolis,scene_001_scroll_001_num00346_sim0.jpg,Cast,,Eric Chevallier,ET :,Cast,,first_half,346,pending,1,eric chevallier,,,ambiguous,"[{""nconst"": ""nm1396676"", ""normalized_name"": ""eric chevallier"", ""normalized_name_with_nickname"": null, ""primaryName"": ""Eric Chevallier"", ""primaryProfession"": ""actor"", ""birthYear"": null, ""deathYear"": null}, {""nconst"": ""nm16990949"", ""normalized_name"": ""eric chevallier"", ""normalized_name_with_nickname"": null, ""primaryName"": ""Eric Chevallier"", ""primaryProfession"": ""actor"", ""birthYear"": null, ""deathYear"": null}]",,"{""timestamp"": ""2026-10-03T14:57:31.930564+00:00"", ""model"": ""gemma-4-12b-it-qat-q4_0.gguf"", ""api_version"": null}"
944,Persepolis,scene_001_scroll_001_num00346_sim0.jpg,Cast,,Isabelle Chipot,ET :,Cast,,first_half,346,pending,1,isabelle chipot,,nm13950765,auto_assigned,,Isabelle Chipot,"{""timestamp"": ""2026-10-03T14:57:31.930564+00:00"", ""model"": ""gemma-4-12b-it-qat-q4_0.gguf"", ""api_version"": null}"
945,Persepolis,scene_001_scroll_001_num00346_sim0.jpg,Cast,,Jean-Marc Couderc,ET :,Cast,,first_half,346,pending,1,jean marc couderc,,nm13950766,auto_assigned,,Jean-Marc Couderc,"{""timestamp"": ""2026-10-03T14:57:31.930564+00:00"", ""model"": ""gemma-4-12b-it-qat-q4_0.gguf"", ""api_version"": null}"
946,Persepolis,scene_001_scroll_001_num00346_sim0.jpg,Cast,,Fanny Dalle-Rive,ET :,Cast,,first_half,346,pending,1,fanny dalle rive,,nm13950767,auto_assigned,,Fanny Dalle-Rive,"{""timestamp"": ""2026-10-03T14:57:31.930564+00:00"", ""model"": ""gemma-4-12b-it-qat-q4_0.gguf"", ""api_version"": null}"
947,Persepolis,scene_001_scroll_001_num00346_sim0.jpg,Cast,,Fanny Daurat,ET :,Cast,,first_half,346,pending,1,fanny daurat,,nm13950768,auto_assigned,,Fanny Daurat,"{""timestamp"": ""2026-10-03T14:57:31.930564+00:00"", ""model"": ""gemma-4-12b-it-qat-q4_0.gguf"", ""api_version"": null}"
948,Persepolis,scene_001_scroll_001_num00346_sim0.jpg,Cast,,Anne Deleuze,ET :,Cast,,first_half,346,pending,1,anne deleuze,,nm0216815,auto_assigned,,Anne Deleuze,"{""timestamp"": ""2026-10-03T14:57:31.930564+00:00"", ""model"": ""gemma-4-12b-it-qat-q4_0.gguf"", ""api_version"": null}"
949,Persepolis,scene_001_scroll_001_num00346_sim0.jpg,Cast,,Gilles Duval,ET :,Cast,,first_half,346,pending,1,gilles duval,,nm5037654,auto_assigned,,Gilles Duval,"{""timestamp"": ""2026-10-03T14:57:31.930564+00:00"", ""model"": ""gemma-4-12b-it-qat-q4_0.gguf"", ""api_version"": null}"
950,Persepolis,scene_001_scroll_001_num00346_sim0.jpg,Cast,,Stéphane Foenkinos,ET :,Cast,,first_half,346,pending,1,stephane foenkinos,,nm0283810,auto_assigned,,Stéphane Foenkinos,"{""timestamp"": ""2026-10-03T14:57:31.930564+00:00"", ""model"": ""gemma-4-12b-it-qat-q4_0.gguf"", ""api_version"": null}"
951,Persepolis,scene_001_scroll_001_num00346_sim0.jpg,Cast,,Marie Gili-Pierre,ET :,Cast,,first_half,346,pending,1,marie gili pierre,,nm0318568,auto_assigned,,Marie Gili-Pierre,"{""timestamp"": ""2026-10-03T14:57:31.930564+00:00"", ""model"": ""gemma-4-12b-it-qat-q4_0.gguf"", ""api_version"": null}"
952,Persepolis,scene_001_scroll_001_num00346_sim0.jpg,Cast,,François Girard,ET :,Cast,,first_half,346,pending,1,francois girard,,,ambiguous,"[{""nconst"": ""nm12715214"", ""normalized_name"": ""francois girard"", ""normalized_name_with_nickname"": null, ""primaryName"": ""Fran\u00e7ois Girard"", ""primaryProfession"": ""actor"", ""birthYear"": null, ""deathYear"": null}, {""nconst"": ""nm15826458"", ""normalized_name"": ""francois girard"", ""normalized_name_with_nickname"": null, ""primaryName"": ""Fran\u00e7ois Girard"", ""primaryProfession"": ""actor"", ""birthYear"": null, ""deathYear"": null}, {""nconst"": ""nm4230240"", ""normalized_name"": ""francois girard"", ""normalized_name_with_nickname"": null, ""primaryName"": ""Fran\u00e7ois Girard"", ""primaryProfession"": ""actor,stunts,director"", ""birthYear"": null, ""deathYear"": null}]",,"{""timestamp"": ""2026-10-03T14:57:31.930564+00:00"", ""model"": ""gemma-4-12b-it-qat-q4_0.gguf"", ""api_version"": null}"
953,Persepolis,scene_001_scroll_001_num00346_sim0.jpg,Cast,,Tilly Mandelbrot,ET :,Cast,,first_half,346,pending,1,tilly mandelbrot,,nm1346793,auto_assigned,,Tilly Mandelbrot,"{""timestamp"": ""2026-10-03T14:57:31.930564+00:00"", ""model"": ""gemma-4-12b-it-qat-q4_0.gguf"", ""api_version"": null}"
954,Persepolis,scene_001_scroll_001_num00346_sim0.jpg,Cast,,Jean-Christophe Menu,ET :,Cast,,first_half,346,pending,1,jean christophe menu,,nm5012165,auto_assigned,,Jean-christophe Menu,"{""timestamp"": ""2026-10-03T14:57:31.930564+00:00"", ""model"": ""gemma-4-12b-it-qat-q4_0.gguf"", ""api_version"": null}"
955,Persepolis,scene_001_scroll_001_num00346_sim0.jpg,Cast,,Céline Merrien,ET :,Cast,,first_half,346,pending,1,celine merrien,,nm13950763,auto_assigned,,Céline Merrien,"{""timestamp"": ""2026-10-03T14:57:31.930564+00:00"", ""model"": ""gemma-4-12b-it-qat-q4_0.gguf"", ""api_version"": null}"
956,Persepolis,scene_001_scroll_001_num00346_sim0.jpg,Cast,,Charlotte Miquel,ET :,Cast,,first_half,346,pending,1,charlotte miquel,,,ambiguous,"[{""nconst"": ""nm13950764"", ""normalized_name"": ""charlotte miquel"", ""normalized_name_with_nickname"": null, ""primaryName"": ""Charlotte Miquel"", ""primaryProfession"": ""actress"", ""birthYear"": null, ""deathYear"": null}, {""nconst"": ""nm17694184"", ""normalized_name"": ""charlotte miquel"", ""normalized_name_with_nickname"": null, ""primaryName"": ""Charlotte Miquel"", ""primaryProfession"": ""actress"", ""birthYear"": null, ""deathYear"": null}]",,"{""timestamp"": ""2026-10-03T14:57:31.930564+00:00"", ""model"": ""gemma-4-12b-it-qat-q4_0.gguf"", ""api_version"": null}"
957,Persepolis,scene_001_scroll_001_num00346_sim0.jpg,Cast,,Farida Ouchani,ET :,Cast,,first_half,346,pending,1,farida ouchani,,nm1560551,auto_assigned,,Farida Ouchani,"{""timestamp"": ""2026-10-03T14:57:31.930564+00:00"", ""model"": ""gemma-4-12b-it-qat-q4_0.gguf"", ""api_version"": null}"
958,Persepolis,scene_001_scroll_001_num00346_sim0.jpg,Cast,,Vincent Paronnaud,ET :,Cast,,first_half,346,pending,1,vincent paronnaud,,,manual_required,"[{""nconst"": ""nm1749112"", ""normalized_name"": ""vincent paronnaud"", ""normalized_name_with_nickname"": null, ""primaryName"": ""Vincent Paronnaud"", ""primaryProfession"": ""writer,director,art_department"", ""birthYear"": 1970, ""deathYear"": null}]",,"{""timestamp"": ""2026-10-03T14:57:31.930564+00:00"", ""model"": ""gemma-4-12b-it-qat-q4_0.gguf"", ""api_version"": null}"
959,Persepolis,scene_001_scroll_001_num00346_sim0.jpg,Cast,,Françoise Pavy,ET :,Cast,,first_half,346,pending,1,francoise pavy,,nm0667654,auto_assigned,,Françoise Pavy,"{""timestamp"": ""2026-10-03T14:57:31.930564+00:00"", ""model"": ""gemma-4-12b-it-qat-q4_0.gguf"", ""api_version"": null}"
960,Persepolis,scene_001_scroll_001_num00346_sim0.jpg,Cast,,Emmanuel Payet,ET :,Cast,,first_half,346,pending,1,emmanuel payet,,nm0668205,auto_assigned,,Emmanuel Payet,"{""timestamp"": ""2026-10-03T14:57:31.930564+00:00"", ""model"": ""gemma-4-12b-it-qat-q4_0.gguf"", ""api_version"": null}"
961,Persepolis,scene_001_scroll_001_num00346_sim0.jpg,Cast,,Xavier Rigault,ET :,Cast,,first_half,346,pending,1,xavier rigault,,nm2275877,auto_assigned,,Xavier Rigault,"{""timestamp"": ""2026-10-03T14:57:31.930564+00:00"", ""model"": ""gemma-4-12b-it-qat-q4_0.gguf"", ""api_version"": null}"
962,Persepolis,scene_001_scroll_001_num00346_sim0.jpg,Cast,,Gaspard Robert,ET :,Cast,,first_half,346,pending,1,gaspard robert,,nm13950769,auto_assigned,,Gaspard Robert,"{""timestamp"": ""2026-10-03T14:57:31.930564+00:00"", ""model"": ""gemma-4-12b-it-qat-q4_0.gguf"", ""api_version"": null}"
963,Persepolis,scene_001_scroll_001_num00346_sim0.jpg,Cast,,Marc-Antoine Robert,ET :,Cast,,first_half,346,pending,1,marc antoine robert,,nm2274042,auto_assigned,,Marc-Antoine Robert,"{""timestamp"": ""2026-10-03T14:57:31.930564+00:00"", ""model"": ""gemma-4-12b-it-qat-q4_0.gguf"", ""api_version"": null}"
964,Persepolis,scene_001_scroll_001_num00346_sim0.jpg,Cast,,Stéphane Roche,ET :,Cast,,first_half,346,pending,1,stephane roche,,,ambiguous,"[{""nconst"": ""nm0733983"", ""normalized_name"": ""stephane roche"", ""normalized_name_with_nickname"": null, ""primaryName"": ""St\u00e9phane Roche"", ""primaryProfession"": ""actor"", ""birthYear"": null, ""deathYear"": null}, {""nconst"": ""nm2717663"", ""normalized_name"": ""stephane roche"", ""normalized_name_with_nickname"": null, ""primaryName"": ""St\u00e9phane Roche"", ""primaryProfession"": ""editor,director,actor"", ""birthYear"": null, ""deathYear"": null}]",,"{""timestamp"": ""2026-10-03T14:57:31.930564+00:00"", ""model"": ""gemma-4-12b-it-qat-q4_0.gguf"", ""api_version"": null}"
965,Persepolis,scene_001_scroll_001_num00346_sim0.jpg,Cast,,Marijane Satrapi,ET :,Cast,,first_half,346,pending,1,marijane satrapi,,nm2277869,auto_assigned,,Marjane Satrapi,"{""timestamp"": ""2026-10-03T14:57:31.930564+00:00"", ""model"": ""gemma-4-12b-it-qat-q4_0.gguf"", ""api_version"": null}"
966,Persepolis,scene_001_scroll_001_num00346_sim0.jpg,Cast,,Théo Sampaio,ET :,Cast,,first_half,346,pending,1,theo sampaio,,nm2402009,auto_assigned,,Théo Sampaio,"{""timestamp"": ""2026-10-03T14:57:31.930564+00:00"", ""model"": ""gemma-4-12b-it-qat-q4_0.gguf"", ""api_version"": null}"
967,Persepolis,scene_001_scroll_001_num00346_sim0.jpg,Cast,,Denis Walgenwitz,ET :,Cast,,first_half,346,pending,1,denis walgenwitz,,nm3264191,auto_assigned,,Denis Walgenwitz,"{""timestamp"": ""2026-10-03T14:57:31.930564+00:00"", ""model"": ""gemma-4-12b-it-qat-q4_0.gguf"", ""api_version"": null}"
968,Persepolis,scene_001_scroll_001_num00346_sim0.jpg,Art Directors,,Marc Jousset,Directeur Artistique,Art Directors,,first_half,346,pending,1,marc jousset,,,manual_required,"[{""nconst"": ""nm1268946"", ""normalized_name"": ""marc jousset"", ""normalized_name_with_nickname"": null, ""primaryName"": ""Marc Jousset"", ""primaryProfession"": ""producer,actor,animation_department"", ""birthYear"": null, ""deathYear"": null}]",,"{""timestamp"": ""2026-10-03T14:57:31.930564+00:00"", ""model"": ""gemma-4-12b-it-qat-q4_0.gguf"", ""api_version"": null}"
969,Persepolis,scene_001_scroll_001_num00346_sim0.jpg,Second Unit Directors or Assistant Directors,,Denis Walgenwitz,1er Assistant Réalisateur,Second Unit Directors or Assistant Directors,,first_half,346,pending,1,denis walgenwitz,,nm3264191,auto_assigned,,Denis Walgenwitz,"{""timestamp"": ""2026-10-03T14:57:31.930564+00:00"", ""model"": ""gemma-4-12b-it-qat-q4_0.gguf"", ""api_version"": null}"
970,Persepolis,scene_001_scroll_002_num00496_sim0.jpg,Art Directors,,MARC JOUSSET,DIRECTEUR ARTISTIQUE,Art Directors,,first_half,496,pending,1,marc jousset,,,manual_required,"[{""nconst"": ""nm1268946"", ""normalized_name"": ""marc jousset"", ""normalized_name_with_nickname"": null, ""primaryName"": ""Marc Jousset"", ""primaryProfession"": ""producer,actor,animation_department"", ""birthYear"": null, ""deathYear"": null}]",,"{""timestamp"": ""2026-10-03T14:57:31.930564+00:00"", ""model"": ""gemma-4-12b-it-qat-q4_0.gguf"", ""api_version"": null}"
971,Persepolis,scene_001_scroll_002_num00496_sim0.jpg,Producers,,TARA GRACE,COPRODUCTRICE ETATS-UNIS,Producers,,first_half,496,pending,1,tara grace,,nm2185403,auto_assigned,,Tara Grace,"{""timestamp"": ""2026-10-03T14:57:31.930564+00:00"", ""model"": ""gemma-4-12b-it-qat-q4_0.gguf"", ""api_version"": null}"
972,Persepolis,scene_001_scroll_002_num00496_sim0.jpg,Thanks,,TPS STAR,AVEC LA PARTICIPATION DE,Thanks,,first_half,496,pending,0,tps star,,cm0000108,internal_assigned,,,"{""timestamp"": ""2026-10-03T14:57:31.930564+00:00"", ""model"": ""gemma-4-12b-it-qat-q4_0.gguf"", ""api_version"": null}"
973,Persepolis,scene_001_scroll_002_num00496_sim0.jpg,Thanks,,RÉMI BURAH,PRODUIT AVEC LA COMPLICITÉ DE,Thanks,,first_half,496,pending,1,remi burah,,gp0000375,internal_assigned,,,"{""timestamp"": ""2026-10-03T14:57:31.930564+00:00"", ""model"": ""gemma-4-12b-it-qat-q4_0.gguf"", ""api_version"": null}"
974,Persepolis,scene_001_scroll_002_num00496_sim0.jpg,Art Department,,JEAN-CHARLES FINCK,SCÉNARIMAGE,Art Department,,first_half,496,pending,1,jean charles finck,,nm2483286,auto_assigned,,Jean-Charles Finck,"{""timestamp"": ""2026-10-03T14:57:31.930564+00:00"", ""model"": ""gemma-4-12b-it-qat-q4_0.gguf"", ""api_version"": null}"
975,Persepolis,scene_001_scroll_002_num00496_sim0.jpg,Art Department,,ALEXANDRE HESSE,SCÉNARIMAGE,Art Department,,first_half,496,pending,1,alexandre hesse,,nm2405468,auto_assigned,,Alexandre Hesse,"{""timestamp"": ""2026-10-03T14:57:31.930564+00:00"", ""model"": ""gemma-4-12b-it-qat-q4_0.gguf"", ""api_version"": null}"
976,Persepolis,scene_001_scroll_002_num00496_sim0.jpg,Art Department,,DAVID ETIEN,ASSISTANT SCÉNARIMAGE,Art Department,,first_half,496,pending,1,david etien,,nm8138076,auto_assigned,,David Etien,"{""timestamp"": ""2026-10-03T14:57:31.930564+00:00"", ""model"": ""gemma-4-12b-it-qat-q4_0.gguf"", ""api_version"": null}"
977,Persepolis,"scene_001_scroll_002_num00496_sim0.jpg,scene_002_scroll_000_num00699_sim0.jpg",Art Department,,ALICE LIA,ASSISTANT SCÉNARIMAGE,Art Department,,first_half,"496,699",pending,1,alice lia,,nm4922554,auto_assigned,,Alice Lia,"{""timestamp"": ""2026-10-03T14:57:31.930564+00:00"", ""model"": ""gemma-4-12b-it-qat-q4_0.gguf"", ""api_version"": null}"
978,Persepolis,scene_001_scroll_002_num00496_sim0.jpg,Art Department,,CAROLINE PICHON,ASSISTANT SCÉNARIMAGE,Art Department,,first_half,496,pending,1,caroline pichon,,nm5309518,auto_assigned,,Caroline Piochon,"{""timestamp"": ""2026-10-03T14:57:31.930564+00:00"", ""model"": ""gemma-4-12b-it-qat-q4_0.gguf"", ""api_version"": null}"
979,Persepolis,scene_001_scroll_002_num00496_sim0.jpg,Art Department,,ALEXIS VENET,ASSISTANT SCÉNARIMAGE,Art Department,,first_half,496,pending,1,alexis venet,,nm2906378,auto_assigned,,Alexis Venet,"{""timestamp"": ""2026-10-03T14:57:31.930564+00:00"", ""model"": ""gemma-4-12b-it-qat-q4_0.gguf"", ""api_version"": null}"
980,Persepolis,"scene_001_scroll_002_num00496_sim0.jpg,scene_002_scroll_000_num00699_sim0.jpg",Art Department,,BENOÎT BAYART,SCÉNARIMAGE SUPPLÉMENTAIRE,Art Department,,first_half,"496,699",pending,1,benoit bayart,,nm17753485,auto_assigned,,Benoît Bayart,"{""timestamp"": ""2026-10-03T14:57:31.930564+00:00"", ""model"": ""gemma-4-12b-it-qat-q4_0.gguf"", ""api_version"": null}"
981,Persepolis,scene_001_scroll_002_num00496_sim0.jpg,Art Department,,STÉPHANE BEAU,SCÉNARIMAGE SUPPLÉMENTAIRE,Art Department,,first_half,496,pending,1,stephane beau,,nm4131949,auto_assigned,,Stéphane Beau,"{""timestamp"": ""2026-10-03T14:57:31.930564+00:00"", ""model"": ""gemma-4-12b-it-qat-q4_0.gguf"", ""api_version"": null}"
982,Persepolis,scene_001_scroll_002_num00496_sim0.jpg,Animation Department,,STÉPHANE ROCHE,ANIMATIC,Animation Department,,first_half,496,pending,1,stephane roche,,,manual_required,"[{""nconst"": ""nm0733983"", ""normalized_name"": ""stephane roche"", ""normalized_name_with_nickname"": null, ""primaryName"": ""St\u00e9phane Roche"", ""primaryProfession"": ""actor"", ""birthYear"": null, ""deathYear"": null}, {""nconst"": ""nm11319681"", ""normalized_name"": ""stephane roche"", ""normalized_name_with_nickname"": null, ""primaryName"": ""St\u00e9phane Roche"", ""primaryProfession"": null, ""birthYear"": null, ""deathYear"": null}, {""nconst"": ""nm11335918"", ""normalized_name"": ""stephane roche"", ""normalized_name_with_nickname"": null, ""primaryName"": ""St\u00e9phane Roche"", ""primaryProfession"": ""producer"", ""birthYear"": null, ""deathYear"": null}, {""nconst"": ""nm12121507"", ""normalized_name"": ""stephane roche"", ""normalized_name_with_nickname"": null, ""primaryName"": ""St\u00e9phane Roche"", ""primaryProfession"": ""assistant_director"", ""birthYear"": null, ""deathYear"": null}, {""nconst"": ""nm1920230"", ""normalized_name"": ""stephane roche"", ""normalized_name_with_nickname"": null, ""primaryName"": ""St\u00e9phane Roch\u00e9"", ""primaryProfession"": ""sound_department,composer"", ""birthYear"": 1981, ""deathYear"": null}, {""nconst"": ""nm2717663"", ""normalized_name"": ""stephane roche"", ""normalized_name_with_nickname"": null, ""primaryName"": ""St\u00e9phane Roche"", ""primaryProfession"": ""editor,director,actor"", ""birthYear"": null, ""deathYear"": null}]",,"{""timestamp"": ""2026-10-03T14:57:31.930564+00:00"", ""model"": ""gemma-4-12b-it-qat-q4_0.gguf"", ""api_version"": null}"
983,Persepolis,scene_001_scroll_003_num00646_sim0.jpg,Animation Department,,JOCELYN GALLON,ASSISTANT ANIMATIC,Animation Department,,first_half,646,pending,1,jocelyn gallon,,nm7009967,auto_assigned,,Jocelyn Gallon,"{""timestamp"": ""2026-10-03T14:57:31.930564+00:00"", ""model"": ""gemma-4-12b-it-qat-q4_0.gguf"", ""api_version"": null}"
984,Persepolis,scene_001_scroll_003_num00646_sim0.jpg,Animation Department,,NICOLAS HAUTE,ASSISTANT ANIMATIC,Animation Department,,first_half,646,pending,1,nicolas haute,,nm14280335,auto_assigned,,Nicolas Haute,"{""timestamp"": ""2026-10-03T14:57:31.930564+00:00"", ""model"": ""gemma-4-12b-it-qat-q4_0.gguf"", ""api_version"": null}"
985,Persepolis,scene_001_scroll_003_num00646_sim0.jpg,Animation Department,,CATHERINE HELMER,ASSISTANT ANIMATIC,Animation Department,,first_half,646,pending,1,catherine helmer,,,ambiguous,"[{""nconst"": ""nm2436289"", ""normalized_name"": ""catherine hebert"", ""normalized_name_with_nickname"": null, ""primaryName"": ""Catherine H\u00e9bert"", ""primaryProfession"": ""visual_effects,animation_department"", ""birthYear"": null, ""deathYear"": null, ""fuzzy_similarity"": ""88"", ""matched_string"": ""catherine hebert""}, {""nconst"": ""nm2539104"", ""normalized_name"": ""catherine gemier"", ""normalized_name_with_nickname"": null, ""primaryName"": ""Catherine Gemier"", ""primaryProfession"": ""animation_department"", ""birthYear"": null, ""deathYear"": null, ""fuzzy_similarity"": ""88"", ""matched_string"": ""catherine gemier""}]",,"{""timestamp"": ""2026-10-03T14:57:31.930564+00:00"", ""model"": ""gemma-4-12b-it-qat-q4_0.gguf"", ""api_version"": null}"
986,Persepolis,scene_001_scroll_003_num00646_sim0.jpg,Animation Department,,MATHIEU ROBERT,STAGIAIRE ANIMATIC,Animation Department,,first_half,646,pending,1,mathieu robert,,nm17753480,auto_assigned,,Mathieu Robert,"{""timestamp"": ""2026-10-03T14:57:31.930564+00:00"", ""model"": ""gemma-4-12b-it-qat-q4_0.gguf"", ""api_version"": null}"
987,Persepolis,"scene_001_scroll_003_num00646_sim0.jpg,scene_003_scroll_000_num00734_sim0.jpg",Art Department,,MARISA MUSY,SUPERVISION RECHERCHES DÉCORS,Art Department,,first_half,"646,734",pending,1,marisa musy,,nm1650570,auto_assigned,,Marisa Musy,"{""timestamp"": ""2026-10-03T14:57:31.930564+00:00"", ""model"": ""gemma-4-12b-it-qat-q4_0.gguf"", ""api_version"": null}"
988,Persepolis,"scene_001_scroll_003_num00646_sim0.jpg,scene_003_scroll_000_num00734_sim0.jpg",Art Department,,FRÉDÉRIC BONIAUD,RECHERCHES DÉCORS,Art Department,,first_half,"646,734",pending,1,frederic boniaud,,nm5211282,auto_assigned,,Frédéric Boniaud,"{""timestamp"": ""2026-10-03T14:57:31.930564+00:00"", ""model"": ""gemma-4-12b-it-qat-q4_0.gguf"", ""api_version"": null}"
989,Persepolis,"scene_001_scroll_003_num00646_sim0.jpg,scene_003_scroll_000_num00734_sim0.jpg",Art Department,,LYONNEL MATHIEU,RECHERCHES DÉCORS SUPPLÉMENTAIRES,Art Department,,first_half,"646,734",pending,1,lyonnel mathieu,,gp0000369,internal_assigned,,,"{""timestamp"": ""2026-10-03T14:57:31.930564+00:00"", ""model"": ""gemma-4-12b-it-qat-q4_0.gguf"", ""api_version"": null}"
990,Persepolis,scene_001_scroll_003_num00646_sim0.jpg,Art Department,,DAMIEN BARRAU,RECHERCHES PERSONNAGES,Art Department,,first_half,646,pending,1,damien barrau,,nm2239347,auto_assigned,,Damien Barrau,"{""timestamp"": ""2026-10-03T14:57:31.930564+00:00"", ""model"": ""gemma-4-12b-it-qat-q4_0.gguf"", ""api_version"": null}"
991,Persepolis,"scene_001_scroll_003_num00646_sim0.jpg,scene_003_scroll_000_num00734_sim0.jpg",Art Department,,THIERRY PÉRÈS,RECHERCHES PERSONNAGES,Art Department,,first_half,"646,734",pending,1,thierry peres,,nm2831108,auto_assigned,,Thierry Peres,"{""timestamp"": ""2026-10-03T14:57:31.930564+00:00"", ""model"": ""gemma-4-12b-it-qat-q4_0.gguf"", ""api_version"": null}"
992,Persepolis,"scene_001_scroll_003_num00646_sim0.jpg,scene_003_scroll_000_num00734_sim0.jpg",Art Department,,NILSEN ROBIN,RECHERCHES PERSONNAGES,Art Department,,first_half,"646,734",pending,1,nilsen robin,,nm14280336,auto_assigned,,Nilsen Robin,"{""timestamp"": ""2026-10-03T14:57:31.930564+00:00"", ""model"": ""gemma-4-12b-it-qat-q4_0.gguf"", ""api_version"": null}"
993,Persepolis,scene_002_scroll_000_num00699_sim0.jpg,Art Department,,FRANCK BONAY,RECHERCHES PERSONNAGES,Art Department,,first_half,699,pending,1,franck bonay,,nm2636364,auto_assigned,,Franck Bonay,"{""timestamp"": ""2026-10-03T14:57:31.930564+00:00"", ""model"": ""gemma-4-12b-it-qat-q4_0.gguf"", ""api_version"": null}"
994,Persepolis,scene_002_scroll_000_num00699_sim0.jpg,Art Department,,YING WANG,RECHERCHES PERSONNAGES,Art Department,,first_half,699,pending,1,ying wang,,,ambiguous,"[{""nconst"": ""nm10855031"", ""normalized_name"": ""wang ying"", ""normalized_name_with_nickname"": null, ""primaryName"": ""Wang Ying"", ""primaryProfession"": ""art_department"", ""birthYear"": null, ""deathYear"": null}, {""nconst"": ""nm4705795"", ""normalized_name"": ""ying wang"", ""normalized_name_with_nickname"": null, ""primaryName"": ""Ying Wang"", ""primaryProfession"": ""art_department,camera_department,director"", ""birthYear"": null, ""deathYear"": null}, {""nconst"": ""nm7551194"", ""normalized_name"": ""ying wang"", ""normalized_name_with_nickname"": null, ""primaryName"": ""Ying Wang"", ""primaryProfession"": ""art_department"", ""birthYear"": null, ""deathYear"": null}]",,"{""timestamp"": ""2026-10-03T14:57:31.930564+00:00"", ""model"": ""gemma-4-12b-it-qat-q4_0.gguf"", ""api_version"": null}"
995,Persepolis,scene_002_scroll_000_num00699_sim0.jpg,Animation Department,,FABRICE FOUQUET,TEST ANIMATION PREPRODUCTION,Animation Department,,first_half,699,pending,1,fabrice fouquet,,nm1089722,auto_assigned,,Fabrice Fouquet,"{""timestamp"": ""2026-10-03T14:57:31.930564+00:00"", ""model"": ""gemma-4-12b-it-qat-q4_0.gguf"", ""api_version"": null}"
996,Persepolis,scene_002_scroll_000_num00699_sim0.jpg,Animation Department,,ALEXANDRE HESSE,TEST ANIMATION PREPRODUCTION,Animation Department,,first_half,699,pending,1,alexandre hesse,,nm2405468,auto_assigned,,Alexandre Hesse,"{""timestamp"": ""2026-10-03T14:57:31.930564+00:00"", ""model"": ""gemma-4-12b-it-qat-q4_0.gguf"", ""api_version"": null}"
997,Persepolis,"scene_003_scroll_000_num00734_sim0.jpg,scene_003_scroll_002_num01034_sim0.jpg",Animation Department,,DAMIEN BARRAU,TEST ANIMATION PREPRODUCTION,Animation Department,,first_half,"734,1034",pending,1,damien barrau,,nm2239347,auto_assigned,,Damien Barrau,"{""timestamp"": ""2026-10-03T14:57:31.930564+00:00"", ""model"": ""gemma-4-12b-it-qat-q4_0.gguf"", ""api_version"": null}"
998,Persepolis,scene_003_scroll_000_num00734_sim0.jpg,Animation Department,,CHRISTOPHE FERREIRA,TEST ANIMATION PREPRODUCTION,Animation Department,,first_half,734,pending,1,christophe ferreira,,nm5119166,auto_assigned,,Christophe Ferreira,"{""timestamp"": ""2026-10-03T14:57:31.930564+00:00"", ""model"": ""gemma-4-12b-it-qat-q4_0.gguf"", ""api_version"": null}"
999,Persepolis,scene_003_scroll_000_num00734_sim0.jpg,Animation Department,,HABIB LOUATI,TEST ANIMATION PREPRODUCTION,Animation Department,,first_half,734,pending,1,habib louati,,nm4941027,auto_assigned,,Habib Louati,"{""timestamp"": ""2026-10-03T14:57:31.930564+00:00"", ""model"": ""gemma-4-12b-it-qat-q4_0.gguf"", ""api_version"": null}"
1000,Persepolis,scene_003_scroll_000_num00734_sim0.jpg,Animation Department,,NICOLAS PAWLOWSKI,TEST ANIMATION PREPRODUCTION,Animation Department,,first_half,734,pending,1,nicolas pawlowski,,nm8903921,auto_assigned,,Nicolas Pawlowski,"{""timestamp"": ""2026-10-03T14:57:31.930564+00:00"", ""model"": ""gemma-4-12b-it-qat-q4_0.gguf"", ""api_version"": null}"
1001,Persepolis,scene_003_scroll_000_num00734_sim0.jpg,Dubbing,,JULIE BERVICO,CASTING DES VOIX,Dubbing,,first_half,734,pending,1,julie bervico,,gp0000363,internal_assigned,,,"{""timestamp"": ""2026-10-03T14:57:31.930564+00:00"", ""model"": ""gemma-4-12b-it-qat-q4_0.gguf"", ""api_version"": null}"
1002,Persepolis,scene_003_scroll_001_num00884_sim0.jpg,Cast,,FABRICE FOUQUET,FABRICE FOUQUET,Cast,,first_half,884,pending,1,fabrice fouquet,,,manual_required,"[{""nconst"": ""nm1089722"", ""normalized_name"": ""fabrice fouquet"", ""normalized_name_with_nickname"": null, ""primaryName"": ""Fabrice Fouquet"", ""primaryProfession"": ""art_department,director,animation_department"", ""birthYear"": null, ""deathYear"": null}]",,"{""timestamp"": ""2026-10-03T14:57:31.930564+00:00"", ""model"": ""gemma-4-12b-it-qat-q4_0.gguf"", ""api_version"": null}"
1003,Persepolis,scene_003_scroll_001_num00884_sim0.jpg,Cast,,NILSEN ROBIN,NILSEN ROBIN,Cast,,first_half,884,pending,1,nilsen robin,,,manual_required,"[{""nconst"": ""nm14280336"", ""normalized_name"": ""nilsen robin"", ""normalized_name_with_nickname"": null, ""primaryName"": ""Nilsen Robin"", ""primaryProfession"": ""animation_department,art_department"", ""birthYear"": null, ""deathYear"": null}]",,"{""timestamp"": ""2026-10-03T14:57:31.930564+00:00"", ""model"": ""gemma-4-12b-it-qat-q4_0.gguf"", ""api_version"": null}"
1004,Persepolis,scene_003_scroll_001_num00884_sim0.jpg,Cast,,CHRISTOPHE FERREIRA,CHRISTOPHE FERREIRA,Cast,,first_half,884,pending,1,christophe ferreira,,nm7224437,auto_assigned,,Christophe Ferreira,"{""timestamp"": ""2026-10-03T14:57:31.930564+00:00"", ""model"": ""gemma-4-12b-it-qat-q4_0.gguf"", ""api_version"": null}"
1005,Persepolis,scene_003_scroll_001_num00884_sim0.jpg,Cast,,JING WANG,JING WANG,Cast,,first_half,884,pending,1,jing wang,,,ambiguous,"[{""nconst"": ""nm13609585"", ""normalized_name"": ""jing wang"", ""normalized_name_with_nickname"": null, ""primaryName"": ""Jing Wang"", ""primaryProfession"": ""actress"", ""birthYear"": null, ""deathYear"": null}, {""nconst"": ""nm14862587"", ""normalized_name"": ""jing wang"", ""normalized_name_with_nickname"": null, ""primaryName"": ""Jing Wang"", ""primaryProfession"": ""actress,producer"", ""birthYear"": null, ""deathYear"": null}, {""nconst"": ""nm16233759"", ""normalized_name"": ""jing wang"", ""normalized_name_with_nickname"": null, ""primaryName"": ""Jing Wang"", ""primaryProfession"": ""actress,writer"", ""birthYear"": null, ""deathYear"": null}, {""nconst"": ""nm16499133"", ""normalized_name"": ""jing wang"", ""normalized_name_with_nickname"": null, ""primaryName"": ""Jing Wang"", ""primaryProfession"": ""actress"", ""birthYear"": null, ""deathYear"": null}, {""nconst"": ""nm17389125"", ""normalized_name"": ""jing wang"", ""normalized_name_with_nickname"": null, ""primaryName"": ""Jing Wang"", ""primaryProfession"": ""actor"", ""birthYear"": null, ""deathYear"": null}, {""nconst"": ""nm17485007"", ""normalized_name"": ""jing wang"", ""normalized_name_with_nickname"": null, ""primaryName"": ""Jing Wang"", ""primaryProfession"": ""actor"", ""birthYear"": null, ""deathYear"": null}, {""nconst"": ""nm2595626"", ""normalized_name"": ""jing wang"", ""normalized_name_with_nickname"": null, ""primaryName"": ""Jing Wang"", ""primaryProfession"": ""actress,miscellaneous,assistant_director"", ""birthYear"": null, ""deathYear"": null}, {""nconst"": ""nm3334314"", ""normalized_name"": ""jing wang"", ""normalized_name_with_nickname"": null, ""primaryName"": ""Jing Wang"", ""primaryProfession"": ""actress"", ""birthYear"": 1963, ""deathYear"": null}, {""nconst"": ""nm5232416"", ""normalized_name"": ""jing wang"", ""normalized_name_with_nickname"": null, ""primaryName"": ""Jing Wang"", ""primaryProfession"": ""actress"", ""birthYear"": null, ""deathYear"": null}, {""nconst"": ""nm7555948"", ""normalized_name"": ""jing wang"", ""normalized_name_with_nickname"": null, ""primaryName"": ""Jing Wang"", ""primaryProfession"": ""actress,production_department"", ""birthYear"": null, ""deathYear"": null}, {""nconst"": ""nm8868334"", ""normalized_name"": ""jing wang"", ""normalized_name_with_nickname"": null, ""primaryName"": ""Jing Wang"", ""primaryProfession"": ""actress"", ""birthYear"": null, ""deathYear"": null}, {""nconst"": ""nm8904626"", ""normalized_name"": ""jing wang"", ""normalized_name_with_nickname"": null, ""primaryName"": ""Jing Wang"", ""primaryProfession"": ""actor"", ""birthYear"": null, ""deathYear"": null}, {""nconst"": ""nm9313814"", ""normalized_name"": ""jing wang"", ""normalized_name_with_nickname"": null, ""primaryName"": ""Jing Wang"", ""primaryProfession"": ""actress"", ""birthYear"": null, ""deathYear"": null}, {""nconst"": ""nm9398933"", ""normalized_name"": ""jing wang"", ""normalized_name_with_nickname"": null, ""primaryName"": ""Jing Wang"", ""primaryProfession"": ""actress"", ""birthYear"": null, ""deathYear"": null}, {""nconst"": ""nm9705863"", ""normalized_name"": ""jing wang"", ""normalized_name_with_nickname"": null, ""primaryName"": ""Jing Wang"", ""primaryProfession"": ""actor"", ""birthYear"": null, ""deathYear"": null}, {""nconst"": ""nm10657520"", ""normalized_name"": ""wang jing"", ""normalized_name_with_nickname"": null, ""primaryName"": ""Wang Jing"", ""primaryProfession"": ""actress"", ""birthYear"": null, ""deathYear"": null}, {""nconst"": ""nm11547829"", ""normalized_name"": ""wang jing"", ""normalized_name_with_nickname"": null, ""primaryName"": ""Wang Jing"", ""primaryProfession"": ""actress"", ""birthYear"": null, ""deathYear"": null}, {""nconst"": ""nm12843686"", ""normalized_name"": ""wang jing"", ""normalized_name_with_nickname"": null, ""primaryName"": ""Wang Jing"", ""primaryProfession"": ""actress"", ""birthYear"": null, ""deathYear"": null}, {""nconst"": ""nm14420380"", ""normalized_name"": ""wang jing"", ""normalized_name_with_nickname"": null, ""primaryName"": ""Wang Jing"", ""primaryProfession"": ""actor"", ""birthYear"": null, ""deathYear"": null}, {""nconst"": ""nm9355428"", ""normalized_name"": ""wang jing"", ""normalized_name_with_nickname"": null, ""primaryName"": ""Wang Jing"", ""primaryProfession"": ""actor"", ""birthYear"": null, ""deathYear"": null}]",,"{""timestamp"": ""2026-10-03T14:57:31.930564+00:00"", ""model"": ""gemma-4-12b-it-qat-q4_0.gguf"", ""api_version"": null}"
1006,Persepolis,scene_003_scroll_001_num00884_sim0.jpg,Cast,,HABIB LOUATI,HABIB LOUATI,Cast,,first_half,884,pending,1,habib louati,,,manual_required,"[{""nconst"": ""nm10172550"", ""normalized_name"": ""habib louati"", ""normalized_name_with_nickname"": null, ""primaryName"": ""Habib Louati"", ""primaryProfession"": ""camera_department"", ""birthYear"": null, ""deathYear"": null}, {""nconst"": ""nm4941027"", ""normalized_name"": ""habib louati"", ""normalized_name_with_nickname"": null, ""primaryName"": ""Habib Louati"", ""primaryProfession"": ""art_department,animation_department,director"", ""birthYear"": null, ""deathYear"": null}]",,"{""timestamp"": ""2026-10-03T14:57:31.930564+00:00"", ""model"": ""gemma-4-12b-it-qat-q4_0.gguf"", ""api_version"": null}"
1007,Persepolis,scene_003_scroll_001_num00884_sim0.jpg,Cast,,NICOLAS PAWLOWSKI,NICOLAS PAWLOWSKI,Cast,,first_half,884,pending,1,nicolas pawlowski,,,manual_required,"[{""nconst"": ""nm8903921"", ""normalized_name"": ""nicolas pawlowski"", ""normalized_name_with_nickname"": null, ""primaryName"": ""Nicolas Pawlowski"", ""primaryProfession"": ""animation_department,art_department"", ""birthYear"": null, ""deathYear"": null}]",,"{""timestamp"": ""2026-10-03T14:57:31.930564+00:00"", ""model"": ""gemma-4-12b-it-qat-q4_0.gguf"", ""api_version"": null}"
1008,Persepolis,scene_003_scroll_001_num00884_sim0.jpg,Dubbing,,SYLVIE PEYRUÇO,CASTING DES VOIX,Dubbing,,first_half,884,pending,1,sylvie peyruco,,gp0000378,internal_assigned,,,"{""timestamp"": ""2026-10-03T14:57:31.930564+00:00"", ""model"": ""gemma-4-12b-it-qat-q4_0.gguf"", ""api_version"": null}"
1009,Persepolis,scene_003_scroll_001_num00884_sim0.jpg,Dubbing,,EMMANUELLE PRÉVOST,ASSISTÉE D'EMMANUELLE PRÉVOST,Dubbing,,first_half,884,pending,1,emmanuelle prevost,,,manual_required,"[{""nconst"": ""nm1228655"", ""normalized_name"": ""emmanuelle prevost"", ""normalized_name_with_nickname"": null, ""primaryName"": ""Emmanuelle Pr\u00e9vost"", ""primaryProfession"": ""casting_director,casting_department"", ""birthYear"": null, ""deathYear"": null}, {""nconst"": ""nm2307994"", ""normalized_name"": ""emmanuelle prevost"", ""normalized_name_with_nickname"": null, ""primaryName"": ""Emmanuelle Pr\u00e9vost"", ""primaryProfession"": ""actress"", ""birthYear"": null, ""deathYear"": null}, {""nconst"": ""nm6669539"", ""normalized_name"": ""emmanuelle prevost"", ""normalized_name_with_nickname"": null, ""primaryName"": ""Emmanuelle Pr\u00e9vost"", ""primaryProfession"": null, ""birthYear"": null, ""deathYear"": null}]",,"{""timestamp"": ""2026-10-03T14:57:31.930564+00:00"", ""model"": ""gemma-4-12b-it-qat-q4_0.gguf"", ""api_version"": null}"
1010,Persepolis,scene_003_scroll_001_num00884_sim0.jpg,Additional Crew,,CÉLINE MERRIEN,CONSULTANTE,Additional Crew,,first_half,884,pending,1,celine merrien,,nm13950763,auto_assigned,,Céline Merrien,"{""timestamp"": ""2026-10-03T14:57:31.930564+00:00"", ""model"": ""gemma-4-12b-it-qat-q4_0.gguf"", ""api_version"": null}"
1011,Persepolis,scene_003_scroll_001_num00884_sim0.jpg,Production Department,,AZIZA GHALILA,CONSULTANTE PRÉPRODUCTION,Production Department,,first_half,884,pending,1,aziza ghalila,,,manual_required,"[{""nconst"": ""nm1148849"", ""normalized_name"": ""aziza ghalila"", ""normalized_name_with_nickname"": null, ""primaryName"": ""Aziza Ghalila"", ""primaryProfession"": ""producer,assistant_director,visual_effects"", ""birthYear"": null, ""deathYear"": null}]",,"{""timestamp"": ""2026-10-03T14:57:31.930564+00:00"", ""model"": ""gemma-4-12b-it-qat-q4_0.gguf"", ""api_version"": null}"
1012,Persepolis,scene_003_scroll_001_num00884_sim0.jpg,Additional Crew,,SYLVIE GOURGNER,DÉTECTION,Additional Crew,,first_half,884,pending,1,sylvie gourgner,,,manual_required,"[{""nconst"": ""nm4922337"", ""normalized_name"": ""sylvie gourgner"", ""normalized_name_with_nickname"": null, ""primaryName"": ""Sylvie Gourgner"", ""primaryProfession"": ""sound_department"", ""birthYear"": null, ""deathYear"": null}]",,"{""timestamp"": ""2026-10-03T14:57:31.930564+00:00"", ""model"": ""gemma-4-12b-it-qat-q4_0.gguf"", ""api_version"": null}"
1013,Persepolis,scene_003_scroll_001_num00884_sim0.jpg,Additional Crew,,JEAN-FRANÇOIS RAMOS,DÉPOUILLEMENT,Additional Crew,,first_half,884,pending,1,jean francois ramos,,,manual_required,"[{""nconst"": ""nm1192498"", ""normalized_name"": ""jean francois ramos"", ""normalized_name_with_nickname"": null, ""primaryName"": ""Jean-Fran\u00e7ois Ramos"", ""primaryProfession"": ""production_manager,producer,composer"", ""birthYear"": null, ""deathYear"": null}, {""nconst"": ""nm4766920"", ""normalized_name"": ""jean francois ramos"", ""normalized_name_with_nickname"": null, ""primaryName"": ""Jean-Francois Ramos"", ""primaryProfession"": ""production_department,assistant_director,producer"", ""birthYear"": null, ""deathYear"": null}]",,"{""timestamp"": ""2026-10-03T14:57:31.930564+00:00"", ""model"": ""gemma-4-12b-it-qat-q4_0.gguf"", ""api_version"": null}"
1014,Persepolis,scene_003_scroll_001_num00884_sim0.jpg,Additional Crew,,GENEVIÈVE MABIRE,MINUTAGE,Additional Crew,,first_half,884,pending,1,genevieve mabire,,gp0000360,internal_assigned,,,"{""timestamp"": ""2026-10-03T14:57:31.930564+00:00"", ""model"": ""gemma-4-12b-it-qat-q4_0.gguf"", ""api_version"": null}"
1015,Persepolis,scene_003_scroll_001_num00884_sim0.jpg,Dubbing,,JODI,TRADUCTION DU SCÉNARIO,Dubbing,,first_half,884,pending,1,jodi,,,manual_required,"[{""nconst"": ""nm0423510"", ""normalized_name"": ""jodi"", ""normalized_name_with_nickname"": null, ""primaryName"": ""Jodi"", ""primaryProfession"": ""actress"", ""birthYear"": null, ""deathYear"": null}, {""nconst"": ""nm10110801"", ""normalized_name"": ""jodi"", ""normalized_name_with_nickname"": null, ""primaryName"": ""Jodi"", ""primaryProfession"": ""actress"", ""birthYear"": null, ""deathYear"": null}, {""nconst"": ""nm10380085"", ""normalized_name"": ""jodi"", ""normalized_name_with_nickname"": null, ""primaryName"": ""Jodi"", ""primaryProfession"": null, ""birthYear"": null, ""deathYear"": null}, {""nconst"": ""nm10861873"", ""normalized_name"": ""jodi"", ""normalized_name_with_nickname"": null, ""primaryName"": ""Jodi"", ""primaryProfession"": ""actress"", ""birthYear"": null, ""deathYear"": null}, {""nconst"": ""nm11455825"", ""normalized_name"": ""jodi"", ""normalized_name_with_nickname"": null, ""primaryName"": ""Jodi"", ""primaryProfession"": ""actress"", ""birthYear"": null, ""deathYear"": null}, {""nconst"": ""nm11821138"", ""normalized_name"": ""jodi"", ""normalized_name_with_nickname"": null, ""primaryName"": ""Jodi"", ""primaryProfession"": null, ""birthYear"": null, ""deathYear"": null}, {""nconst"": ""nm12046865"", ""normalized_name"": ""jodi"", ""normalized_name_with_nickname"": null, ""primaryName"": ""Jodi"", ""primaryProfession"": ""actress"", ""birthYear"": null, ""deathYear"": null}, {""nconst"": ""nm1230771"", ""normalized_name"": ""jodi"", ""normalized_name_with_nickname"": null, ""primaryName"": ""Jodi"", ""primaryProfession"": ""actor"", ""birthYear"": null, ""deathYear"": null}, {""nconst"": ""nm12722656"", ""normalized_name"": ""jodi"", ""normalized_name_with_nickname"": null, ""primaryName"": ""Jodi"", ""primaryProfession"": null, ""birthYear"": null, ""deathYear"": null}, {""nconst"": ""nm12793709"", ""normalized_name"": ""jodi"", ""normalized_name_with_nickname"": null, ""primaryName"": ""Jodi"", ""primaryProfession"": null, ""birthYear"": null, ""deathYear"": null}, {""nconst"": ""nm12833303"", ""normalized_name"": ""jodi"", ""normalized_name_with_nickname"": null, ""primaryName"": ""Jodi"", ""primaryProfession"": null, ""birthYear"": null, ""deathYear"": null}, {""nconst"": ""nm13482061"", ""normalized_name"": ""jodi"", ""normalized_name_with_nickname"": null, ""primaryName"": ""Jodi"", ""primaryProfession"": ""actress"", ""birthYear"": null, ""deathYear"": null}, {""nconst"": ""nm13989438"", ""normalized_name"": ""jodi"", ""normalized_name_with_nickname"": null, ""primaryName"": ""Jodi"", ""primaryProfession"": null, ""birthYear"": null, ""deathYear"": null}, {""nconst"": ""nm14716963"", ""normalized_name"": ""jodi"", ""normalized_name_with_nickname"": null, ""primaryName"": ""Jodi"", ""primaryProfession"": null, ""birthYear"": null, ""deathYear"": null}, {""nconst"": ""nm14991449"", ""normalized_name"": ""jodi"", ""normalized_name_with_nickname"": null, ""primaryName"": ""Jodi"", ""primaryProfession"": null, ""birthYear"": null, ""deathYear"": null}, {""nconst"": ""nm15115549"", ""normalized_name"": ""jodi"", ""normalized_name_with_nickname"": null, ""primaryName"": ""Jodi"", ""primaryProfession"": ""actress"", ""birthYear"": null, ""deathYear"": null}, {""nconst"": ""nm15374988"", ""normalized_name"": ""jodi"", ""normalized_name_with_nickname"": null, ""primaryName"": ""Jodi"", ""primaryProfession"": ""actress,archive_footage"", ""birthYear"": null, ""deathYear"": null}, {""nconst"": ""nm1686449"", ""normalized_name"": ""jodi"", ""normalized_name_with_nickname"": null, ""primaryName"": ""Jodi"", ""primaryProfession"": ""camera_department"", ""birthYear"": null, ""deathYear"": null}, {""nconst"": ""nm5162522"", ""normalized_name"": ""jodi"", ""normalized_name_with_nickname"": null, ""primaryName"": ""Jodi"", ""primaryProfession"": null, ""birthYear"": null, ""deathYear"": null}, {""nconst"": ""nm9166589"", ""normalized_name"": ""jodi"", ""normalized_name_with_nickname"": null, ""primaryName"": ""Jodi"", ""primaryProfession"": ""actress,production_department,costume_department"", ""birthYear"": null, ""deathYear"": null}]",,"{""timestamp"": ""2026-10-03T14:57:31.930564+00:00"", ""model"": ""gemma-4-12b-it-qat-q4_0.gguf"", ""api_version"": null}"
1016,Persepolis,scene_003_scroll_001_num00884_sim0.jpg,Dubbing,,ANDREW VÉRITY,TRADUCTION DU SCÉNARIO,Dubbing,,first_half,884,pending,1,andrew verity,,,manual_required,"[{""nconst"": ""nm3692317"", ""normalized_name"": ""andrew verity"", ""normalized_name_with_nickname"": null, ""primaryName"": ""Andrew Verity"", ""primaryProfession"": null, ""birthYear"": null, ""deathYear"": null}, {""nconst"": ""nm5978171"", ""normalized_name"": ""andrew verity"", ""normalized_name_with_nickname"": null, ""primaryName"": ""Andrew Verity"", ""primaryProfession"": null, ""birthYear"": null, ""deathYear"": null}, {""nconst"": ""nm8948690"", ""normalized_name"": ""andrew verity"", ""normalized_name_with_nickname"": null, ""primaryName"": ""Andrew Verity"", ""primaryProfession"": null, ""birthYear"": null, ""deathYear"": null}]",,"{""timestamp"": ""2026-10-03T14:57:31.930564+00:00"", ""model"": ""gemma-4-12b-it-qat-q4_0.gguf"", ""api_version"": null}"
1017,Persepolis,"scene_003_scroll_001_num00884_sim0.jpg,scene_003_scroll_002_num01034_sim0.jpg",Production Managers,,OLIVIER BIZET,DIRECTION DE PRODUCTION,Production Managers,,first_half,"884,1034",pending,1,olivier bizet,,nm0084686,auto_assigned,,Olivier Bizet,"{""timestamp"": ""2026-10-03T14:57:31.930564+00:00"", ""model"": ""gemma-4-12b-it-qat-q4_0.gguf"", ""api_version"": null}"
1018,Persepolis,scene_003_scroll_001_num00884_sim0.jpg,Visual Effects,Production Department,JING WANG,SUPERVISION LAYOUT,Visual Effects,,first_half,884,pending,1,jing wang,,,ambiguous,"[{""nconst"": ""nm5237745"", ""normalized_name"": ""jing wang"", ""normalized_name_with_nickname"": null, ""primaryName"": ""Jing Wang"", ""primaryProfession"": ""visual_effects,production_manager"", ""birthYear"": null, ""deathYear"": null}, {""nconst"": ""nm8764179"", ""normalized_name"": ""wang jing"", ""normalized_name_with_nickname"": null, ""primaryName"": ""Wang Jing"", ""primaryProfession"": ""art_department,cinematographer,visual_effects"", ""birthYear"": null, ""deathYear"": null}]",,"{""timestamp"": ""2026-10-03T14:57:31.930564+00:00"", ""model"": ""gemma-4-12b-it-qat-q4_0.gguf"", ""api_version"": null}"
1019,Persepolis,scene_003_scroll_002_num01034_sim0.jpg,Visual Effects,Production Department,DAVID ÉTIEN,LAYOUT,Visual Effects,,first_half,1034,pending,1,david etien,,,manual_required,"[{""nconst"": ""nm8138076"", ""normalized_name"": ""david etien"", ""normalized_name_with_nickname"": null, ""primaryName"": ""David Etien"", ""primaryProfession"": ""animation_department,art_department"", ""birthYear"": null, ""deathYear"": null}]",,"{""timestamp"": ""2026-10-03T14:57:31.930564+00:00"", ""model"": ""gemma-4-12b-it-qat-q4_0.gguf"", ""api_version"": null}"
1020,Persepolis,scene_003_scroll_002_num01034_sim0.jpg,Visual Effects,Production Department,FRÉDÉRIC MARTIN,LAYOUT,Visual Effects,,first_half,1034,pending,1,frederic martin,,,manual_required,"[{""nconst"": ""nm1048043"", ""normalized_name"": ""frederic martin"", ""normalized_name_with_nickname"": null, ""primaryName"": ""Fr\u00e9d\u00e9ric Martin"", ""primaryProfession"": ""actor"", ""birthYear"": null, ""deathYear"": null}, {""nconst"": ""nm10630859"", ""normalized_name"": ""frederic martin"", ""normalized_name_with_nickname"": null, ""primaryName"": ""Fr\u00e9d\u00e9ric Martin"", ""primaryProfession"": ""set_decorator"", ""birthYear"": null, ""deathYear"": null}, {""nconst"": ""nm10961773"", ""normalized_name"": ""frederic martin"", ""normalized_name_with_nickname"": null, ""primaryName"": ""Fr\u00e9d\u00e9ric Martin"", ""primaryProfession"": ""writer"", ""birthYear"": null, ""deathYear"": null}, {""nconst"": ""nm10973491"", ""normalized_name"": ""frederic martin"", ""normalized_name_with_nickname"": null, ""primaryName"": ""Fr\u00e9d\u00e9ric Martin"", ""primaryProfession"": null, ""birthYear"": null, ""deathYear"": null}, {""nconst"": ""nm11411760"", ""normalized_name"": ""frederic martin"", ""normalized_name_with_nickname"": null, ""primaryName"": ""Fr\u00e9d\u00e9ric Martin"", ""primaryProfession"": ""camera_department"", ""birthYear"": null, ""deathYear"": null}, {""nconst"": ""nm11934943"", ""normalized_name"": ""frederic martin"", ""normalized_name_with_nickname"": null, ""primaryName"": ""Frederic Martin"", ""primaryProfession"": ""director,writer"", ""birthYear"": null, ""deathYear"": null}, {""nconst"": ""nm13280932"", ""normalized_name"": ""frederic martin"", ""normalized_name_with_nickname"": null, ""primaryName"": ""Fr\u00e9d\u00e9ric Martin"", ""primaryProfession"": null, ""birthYear"": null, ""deathYear"": null}, {""nconst"": ""nm14280337"", ""normalized_name"": ""frederic martin"", ""normalized_name_with_nickname"": null, ""primaryName"": ""Fr\u00e9d\u00e9ric Martin"", ""primaryProfession"": ""animation_department"", ""birthYear"": null, ""deathYear"": null}, {""nconst"": ""nm1771151"", ""normalized_name"": ""frederic martin"", ""normalized_name_with_nickname"": null, ""primaryName"": ""Frederic Martin"", ""primaryProfession"": ""camera_department"", ""birthYear"": null, ""deathYear"": null}, {""nconst"": ""nm17749078"", ""normalized_name"": ""frederic martin"", ""normalized_name_with_nickname"": null, ""primaryName"": ""Fr\u00e9d\u00e9ric Martin"", ""primaryProfession"": null, ""birthYear"": null, ""deathYear"": null}, {""nconst"": ""nm2066881"", ""normalized_name"": ""frederic martin"", ""normalized_name_with_nickname"": null, ""primaryName"": ""Fr\u00e9d\u00e9ric Martin"", ""primaryProfession"": ""camera_department,cinematographer"", ""birthYear"": null, ""deathYear"": null}, {""nconst"": ""nm2843813"", ""normalized_name"": ""frederic martin"", ""normalized_name_with_nickname"": null, ""primaryName"": ""Fr\u00e9d\u00e9ric Martin"", ""primaryProfession"": ""camera_department"", ""birthYear"": null, ""deathYear"": null}, {""nconst"": ""nm3889889"", ""normalized_name"": ""frederic martin"", ""normalized_name_with_nickname"": null, ""primaryName"": ""Fr\u00e9d\u00e9ric Martin"", ""primaryProfession"": ""actor"", ""birthYear"": null, ""deathYear"": null}, {""nconst"": ""nm3959839"", ""normalized_name"": ""frederic martin"", ""normalized_name_with_nickname"": null, ""primaryName"": ""Fr\u00e9d\u00e9ric Martin"", ""primaryProfession"": ""director,writer"", ""birthYear"": null, ""deathYear"": null}, {""nconst"": ""nm4072104"", ""normalized_name"": ""frederic martin"", ""normalized_name_with_nickname"": null, ""primaryName"": ""Fr\u00e9d\u00e9ric Martin"", ""primaryProfession"": ""art_department"", ""birthYear"": null, ""deathYear"": null}, {""nconst"": ""nm4104347"", ""normalized_name"": ""frederic martin"", ""normalized_name_with_nickname"": null, ""primaryName"": ""Fr\u00e9d\u00e9ric Martin"", ""primaryProfession"": ""art_department,animation_department,miscellaneous"", ""birthYear"": null, ""deathYear"": null}, {""nconst"": ""nm6302260"", ""normalized_name"": ""frederic martin"", ""normalized_name_with_nickname"": null, ""primaryName"": ""Frederic Martin"", ""primaryProfession"": ""director,writer"", ""birthYear"": null, ""deathYear"": null}, {""nconst"": ""nm7107946"", ""normalized_name"": ""frederic martin"", ""normalized_name_with_nickname"": null, ""primaryName"": ""Frederic Martin"", ""primaryProfession"": null, ""birthYear"": null, ""deathYear"": null}, {""nconst"": ""nm7179101"", ""normalized_name"": ""frederic martin"", ""normalized_name_with_nickname"": null, ""primaryName"": ""Frederic Martin"", ""primaryProfession"": ""cinematographer,camera_department"", ""birthYear"": null, ""deathYear"": null}, {""nconst"": ""nm7856958"", ""normalized_name"": ""frederic martin"", ""normalized_name_with_nickname"": null, ""primaryName"": ""Fr\u00e9d\u00e9ric Martin"", ""primaryProfession"": null, ""birthYear"": null, ""deathYear"": null}, {""nconst"": ""nm8209277"", ""normalized_name"": ""frederic martin"", ""normalized_name_with_nickname"": null, ""primaryName"": ""Frederic Martin"", ""primaryProfession"": ""camera_department,cinematographer,miscellaneous"", ""birthYear"": null, ""deathYear"": null}, {""nconst"": ""nm8827339"", ""normalized_name"": ""frederic martin"", ""normalized_name_with_nickname"": null, ""primaryName"": ""Fr\u00e9d\u00e9ric Martin"", ""primaryProfession"": null, ""birthYear"": null, ""deathYear"": null}, {""nconst"": ""nm9681879"", ""normalized_name"": ""frederic martin"", ""normalized_name_with_nickname"": null, ""primaryName"": ""Fr\u00e9d\u00e9ric Martin"", ""primaryProfession"": ""producer"", ""birthYear"": null, ""deathYear"": null}]",,"{""timestamp"": ""2026-10-03T14:57:31.930564+00:00"", ""model"": ""gemma-4-12b-it-qat-q4_0.gguf"", ""api_version"": null}"
1021,Persepolis,scene_003_scroll_002_num01034_sim0.jpg,Visual Effects,Production Department,GUY QUELQUEJEU,LAYOUT,Visual Effects,,first_half,1034,pending,1,guy quelquejeu,,,manual_required,"[{""nconst"": ""nm1650623"", ""normalized_name"": ""guy quelquejeu"", ""normalized_name_with_nickname"": null, ""primaryName"": ""Guy Quelquejeu"", ""primaryProfession"": ""animation_department,art_department"", ""birthYear"": null, ""deathYear"": null}]",,"{""timestamp"": ""2026-10-03T14:57:31.930564+00:00"", ""model"": ""gemma-4-12b-it-qat-q4_0.gguf"", ""api_version"": null}"
1022,Persepolis,scene_003_scroll_002_num01034_sim0.jpg,Visual Effects,Production Department,ODILE COMON,LAYOUT SUPPLÉMENTAIRE,Visual Effects,,first_half,1034,pending,1,odile comon,,,manual_required,"[{""nconst"": ""nm1209521"", ""normalized_name"": ""odile comon"", ""normalized_name_with_nickname"": null, ""primaryName"": ""Odile Comon"", ""primaryProfession"": ""animation_department,art_department"", ""birthYear"": null, ""deathYear"": null}]",,"{""timestamp"": ""2026-10-03T14:57:31.930564+00:00"", ""model"": ""gemma-4-12b-it-qat-q4_0.gguf"", ""api_version"": null}"
1023,Persepolis,"scene_003_scroll_002_num01034_sim0.jpg,scene_005_scroll_000_num01342_sim0.jpg",Visual Effects,Production Department,ALEXIS VENET,LAYOUT SUPPLÉMENTAIRE,Visual Effects,,first_half,"1034,1342",pending,1,alexis venet,,nm2906378,auto_assigned,,Alexis Venet,"{""timestamp"": ""2026-10-03T14:57:31.930564+00:00"", ""model"": ""gemma-4-12b-it-qat-q4_0.gguf"", ""api_version"": null}"
1024,Persepolis,scene_003_scroll_002_num01034_sim0.jpg,Art Department,,MARISA MUSY,SUPERVISION DÉCORS,Art Department,,first_half,1034,pending,1,marisa musy,"marisa musy ""zaza""",nm1650570,auto_assigned,,Marisa Musy,"{""timestamp"": ""2026-10-03T14:57:31.930564+00:00"", ""model"": ""gemma-4-12b-it-qat-q4_0.gguf"", ""api_version"": null}"
1025,Persepolis,scene_003_scroll_002_num01034_sim0.jpg,Art Department,,PATRICIA GUILMARD,DÉCORS,Art Department,,first_half,1034,pending,1,patricia guilmard,,nm0589550,auto_assigned,,Patricia Guilmard,"{""timestamp"": ""2026-10-03T14:57:31.930564+00:00"", ""model"": ""gemma-4-12b-it-qat-q4_0.gguf"", ""api_version"": null}"
1026,Persepolis,scene_003_scroll_002_num01034_sim0.jpg,Art Department,,THIERRY MILLION,DÉCORS,Art Department,,first_half,1034,pending,1,thierry million,,nm2188766,auto_assigned,,Thierry Million,"{""timestamp"": ""2026-10-03T14:57:31.930564+00:00"", ""model"": ""gemma-4-12b-it-qat-q4_0.gguf"", ""api_version"": null}"
1027,Persepolis,scene_003_scroll_002_num01034_sim0.jpg,Animation Department,,CHRISTIAN DESMARES,SUPERVISION ANIMATION 2D,Animation Department,,first_half,1034,pending,1,christian desmares,,nm2903634,auto_assigned,,Christian Desmares,"{""timestamp"": ""2026-10-03T14:57:31.930564+00:00"", ""model"": ""gemma-4-12b-it-qat-q4_0.gguf"", ""api_version"": null}"
1028,Persepolis,scene_003_scroll_002_num01034_sim0.jpg,Animation Department,,FRANCE ROMAN,ANIMATION 2D,Animation Department,,first_half,1034,pending,1,france roman,,,manual_required,"[{""nconst"": ""nm6256216"", ""normalized_name"": ""roman france"", ""normalized_name_with_nickname"": null, ""primaryName"": ""Roman France"", ""primaryProfession"": ""camera_department,miscellaneous,actor"", ""birthYear"": null, ""deathYear"": null}]",,"{""timestamp"": ""2026-10-03T14:57:31.930564+00:00"", ""model"": ""gemma-4-12b-it-qat-q4_0.gguf"", ""api_version"": null}"
1029,Persepolis,scene_003_scroll_002_num01034_sim0.jpg,Animation Department,,VIRGINIE HANRIGOU,ANIMATION 2D,Animation Department,,first_half,1034,pending,1,virginie hanrigou,,nm3708049,auto_assigned,,Virginie Hanrigou,"{""timestamp"": ""2026-10-03T14:57:31.930564+00:00"", ""model"": ""gemma-4-12b-it-qat-q4_0.gguf"", ""api_version"": null}"
1030,Persepolis,scene_003_scroll_002_num01034_sim0.jpg,Animation Department,,MARIANNE LEFERI,ANIMATION 2D,Animation Department,,first_half,1034,pending,1,marianne leferi,,gp0000372,internal_assigned,,,"{""timestamp"": ""2026-10-03T14:57:31.930564+00:00"", ""model"": ""gemma-4-12b-it-qat-q4_0.gguf"", ""api_version"": null}"
1031,Persepolis,"scene_004_scroll_000_num01092_sim0.jpg,scene_006_scroll_000_num01366_sim0.jpg,scene_006_scroll_001_num01516_sim0.jpg",Animation Department,,FRANCK BONAY,ANIMATION 2D,Animation Department,,first_half,"1092,1366,1516",pending,1,franck bonay,,nm2636364,auto_assigned,,Franck Bonay,"{""timestamp"": ""2026-10-03T14:57:31.930564+00:00"", ""model"": ""gemma-4-12b-it-qat-q4_0.gguf"", ""api_version"": null}"
1032,Persepolis,scene_004_scroll_000_num01092_sim0.jpg,Animation Department,,JEAN-YVES CASTILLON,ANIMATION 2D,Animation Department,,first_half,1092,pending,1,jean yves castillon,,nm3015270,auto_assigned,,Jean-Yves Castillon,"{""timestamp"": ""2026-10-03T14:57:31.930564+00:00"", ""model"": ""gemma-4-12b-it-qat-q4_0.gguf"", ""api_version"": null}"
1033,Persepolis,scene_004_scroll_000_num01092_sim0.jpg,Animation Department,,ANAÏS CHEVILLARD,ANIMATION 2D,Animation Department,,first_half,1092,pending,1,anais chevillard,,nm7917895,auto_assigned,,Anaïs Chevillard,"{""timestamp"": ""2026-10-03T14:57:31.930564+00:00"", ""model"": ""gemma-4-12b-it-qat-q4_0.gguf"", ""api_version"": null}"
1034,Persepolis,scene_004_scroll_000_num01092_sim0.jpg,Animation Department,,PATRICK COHEN,ANIMATION 2D,Animation Department,,first_half,1092,pending,1,patrick cohen,,nm0169673,auto_assigned,,Patrick Cohen,"{""timestamp"": ""2026-10-03T14:57:31.930564+00:00"", ""model"": ""gemma-4-12b-it-qat-q4_0.gguf"", ""api_version"": null}"
1035,Persepolis,scene_004_scroll_000_num01092_sim0.jpg,Animation Department,,CÉCILE DOULIBEUF,ANIMATION 2D,Animation Department,,first_half,1092,pending,1,cecile doulibeuf,,nm14280338,auto_assigned,,Cécile Coulibeuf,"{""timestamp"": ""2026-10-03T14:57:31.930564+00:00"", ""model"": ""gemma-4-12b-it-qat-q4_0.gguf"", ""api_version"": null}"
1036,Persepolis,"scene_004_scroll_000_num01092_sim0.jpg,scene_006_scroll_001_num01516_sim0.jpg",Animation Department,,ANTOINE DARTIGE DU FOURNET,ANIMATION 2D,Animation Department,,first_half,"1092,1516",pending,1,antoine dartige du fournet,,gp0000354,internal_assigned,,,"{""timestamp"": ""2026-10-03T14:57:31.930564+00:00"", ""model"": ""gemma-4-12b-it-qat-q4_0.gguf"", ""api_version"": null}"
1037,Persepolis,scene_004_scroll_000_num01092_sim0.jpg,Animation Department,,LUCAS DEVAUX,ANIMATION 2D,Animation Department,,first_half,1092,pending,1,lucas devaux,,,manual_required,"[{""nconst"": ""nm8894500"", ""normalized_name"": ""lucas devaux"", ""normalized_name_with_nickname"": null, ""primaryName"": ""Lucas Devaux"", ""primaryProfession"": ""actor"", ""birthYear"": null, ""deathYear"": null}]",,"{""timestamp"": ""2026-10-03T14:57:31.930564+00:00"", ""model"": ""gemma-4-12b-it-qat-q4_0.gguf"", ""api_version"": null}"
1038,Persepolis,"scene_004_scroll_000_num01092_sim0.jpg,scene_006_scroll_000_num01366_sim0.jpg,scene_006_scroll_001_num01516_sim0.jpg",Animation Department,,ALICE LIA,ANIMATION 2D,Animation Department,,first_half,"1092,1366,1516",pending,1,alice lia,,nm4922554,auto_assigned,,Alice Lia,"{""timestamp"": ""2026-10-03T14:57:31.930564+00:00"", ""model"": ""gemma-4-12b-it-qat-q4_0.gguf"", ""api_version"": null}"
1039,Persepolis,scene_004_scroll_000_num01092_sim0.jpg,Animation Department,,CHARLOTTE MAZERAN,ANIMATION 2D,Animation Department,,first_half,1092,pending,1,charlotte mazeran,,nm3074990,auto_assigned,,Charlotte Mazeran,"{""timestamp"": ""2026-10-03T14:57:31.930564+00:00"", ""model"": ""gemma-4-12b-it-qat-q4_0.gguf"", ""api_version"": null}"
1040,Persepolis,scene_004_scroll_000_num01092_sim0.jpg,Animation Department,,BENOÎT MEURZEC,ANIMATION 2D,Animation Department,,first_half,1092,pending,1,benoit meurzec,,nm2478501,auto_assigned,,Benoit Meurzec,"{""timestamp"": ""2026-10-03T14:57:31.930564+00:00"", ""model"": ""gemma-4-12b-it-qat-q4_0.gguf"", ""api_version"": null}"
1041,Persepolis,scene_004_scroll_000_num01092_sim0.jpg,Animation Department,,DAMIEN MILLEREAU,ANIMATION 2D,Animation Department,,first_half,1092,pending,1,damien millereau,,nm2642670,auto_assigned,,Damien Millereau,"{""timestamp"": ""2026-10-03T14:57:31.930564+00:00"", ""model"": ""gemma-4-12b-it-qat-q4_0.gguf"", ""api_version"": null}"
1042,Persepolis,scene_004_scroll_000_num01092_sim0.jpg,Animation Department,,ADELINE MONIN,ANIMATION 2D,Animation Department,,first_half,1092,pending,1,adeline monin,,nm1348766,auto_assigned,,Adeline Monin,"{""timestamp"": ""2026-10-03T14:57:31.930564+00:00"", ""model"": ""gemma-4-12b-it-qat-q4_0.gguf"", ""api_version"": null}"
1043,Persepolis,scene_004_scroll_000_num01092_sim0.jpg,Animation Department,,LUCAS DAMIWSKI,ANIMATION 2D,Animation Department,,first_half,1092,pending,1,lucas damiwski,,gp0000368,internal_assigned,,,"{""timestamp"": ""2026-10-03T14:57:31.930564+00:00"", ""model"": ""gemma-4-12b-it-qat-q4_0.gguf"", ""api_version"": null}"
1044,Persepolis,scene_004_scroll_001_num01242_sim0.jpg,Animation Department,,ODILE COMON,ODILE COMON,Animation Department,,first_half,1242,pending,1,odile comon,,nm1209521,auto_assigned,,Odile Comon,"{""timestamp"": ""2026-10-03T14:57:31.930564+00:00"", ""model"": ""gemma-4-12b-it-qat-q4_0.gguf"", ""api_version"": null}"
1045,Persepolis,scene_004_scroll_001_num01242_sim0.jpg,Animation Department,,SANDRA DERVAL,SANDRA DERVAL,Animation Department,,first_half,1242,pending,1,sandra derval,,nm3481771,auto_assigned,,Sandra Derval,"{""timestamp"": ""2026-10-03T14:57:31.930564+00:00"", ""model"": ""gemma-4-12b-it-qat-q4_0.gguf"", ""api_version"": null}"
1046,Persepolis,scene_004_scroll_001_num01242_sim0.jpg,Animation Department,,SERGE EISSALDE,SERGE EISSALDE,Animation Department,,first_half,1242,pending,1,serge eissalde,,nm0253727,auto_assigned,,Serge Elissalde,"{""timestamp"": ""2026-10-03T14:57:31.930564+00:00"", ""model"": ""gemma-4-12b-it-qat-q4_0.gguf"", ""api_version"": null}"
1047,Persepolis,scene_004_scroll_001_num01242_sim0.jpg,Animation Department,,FLORIAN FIEBIG,FLORIAN FIEBIG,Animation Department,,first_half,1242,pending,1,florian fiebig,,nm0275804,auto_assigned,,Florian Fiebig,"{""timestamp"": ""2026-10-03T14:57:31.930564+00:00"", ""model"": ""gemma-4-12b-it-qat-q4_0.gguf"", ""api_version"": null}"
1048,Persepolis,"scene_004_scroll_001_num01242_sim0.jpg,scene_006_scroll_001_num01516_sim0.jpg",Animation Department,,EMMANUEL GUILLE,EMMANUEL GUILLE,Animation Department,,first_half,"1242,1516",pending,1,emmanuel guille,,,manual_required,"[{""nconst"": ""nm1257308"", ""normalized_name"": ""emmanuel guille"", ""normalized_name_with_nickname"": null, ""primaryName"": ""Emmanuel Guille"", ""primaryProfession"": ""production_manager,actor,producer"", ""birthYear"": null, ""deathYear"": null}]",,"{""timestamp"": ""2026-10-03T14:57:31.930564+00:00"", ""model"": ""gemma-4-12b-it-qat-q4_0.gguf"", ""api_version"": null}"
1049,Persepolis,scene_004_scroll_001_num01242_sim0.jpg,Animation Department,,NICOLAS PADLOWSKI,NICOLAS PADLOWSKI,Animation Department,,first_half,1242,pending,1,nicolas padlowski,,,ambiguous,"[{""nconst"": ""nm8903921"", ""normalized_name"": ""nicolas pawlowski"", ""normalized_name_with_nickname"": null, ""primaryName"": ""Nicolas Pawlowski"", ""primaryProfession"": ""animation_department,art_department"", ""birthYear"": null, ""deathYear"": null, ""fuzzy_similarity"": ""94"", ""matched_string"": ""nicolas pawlowski""}, {""nconst"": ""nm2238784"", ""normalized_name"": ""nicolas pavloski"", ""normalized_name_with_nickname"": null, ""primaryName"": ""Nicolas Pavloski"", ""primaryProfession"": ""animation_department,director,art_department"", ""birthYear"": null, ""deathYear"": null, ""fuzzy_similarity"": ""91"", ""matched_string"": ""nicolas pavloski""}]",,"{""timestamp"": ""2026-10-03T14:57:31.930564+00:00"", ""model"": ""gemma-4-12b-it-qat-q4_0.gguf"", ""api_version"": null}"
1050,Persepolis,scene_004_scroll_001_num01242_sim0.jpg,Animation Department,,JULES STROMBONI,JULES STROMBONI,Animation Department,,first_half,1242,pending,1,jules stromboni,,nm6034497,auto_assigned,,Jules Stromboni,"{""timestamp"": ""2026-10-03T14:57:31.930564+00:00"", ""model"": ""gemma-4-12b-it-qat-q4_0.gguf"", ""api_version"": null}"
1051,Persepolis,scene_004_scroll_001_num01242_sim0.jpg,Animation Department,,RÉMI ZAARCOUR,RÉMI ZAARCOUR,Animation Department,,first_half,1242,pending,1,remi zaarcour,,nm2013409,auto_assigned,,Rémi Zaarour,"{""timestamp"": ""2026-10-03T14:57:31.930564+00:00"", ""model"": ""gemma-4-12b-it-qat-q4_0.gguf"", ""api_version"": null}"
1052,Persepolis,scene_004_scroll_001_num01242_sim0.jpg,Animation Department,,NILSEN ROBIN,ANIMATION FLASH,Animation Department,,first_half,1242,pending,1,nilsen robin,,nm14280336,auto_assigned,,Nilsen Robin,"{""timestamp"": ""2026-10-03T14:57:31.930564+00:00"", ""model"": ""gemma-4-12b-it-qat-q4_0.gguf"", ""api_version"": null}"
1053,Persepolis,scene_004_scroll_001_num01242_sim0.jpg,Animation Department,,STÉPHANIE DELMAS,ANIMATION FLASH,Animation Department,,first_half,1242,pending,1,stephanie delmas,,nm6244960,auto_assigned,,Stéphanie Delmas,"{""timestamp"": ""2026-10-03T14:57:31.930564+00:00"", ""model"": ""gemma-4-12b-it-qat-q4_0.gguf"", ""api_version"": null}"
1054,Persepolis,scene_004_scroll_001_num01242_sim0.jpg,Animation Department,,FRANÇOIS LEROY,ANIMATION AFTER FX,Animation Department,,first_half,1242,pending,1,francois leroy,,nm1461549,auto_assigned,,François Leroy,"{""timestamp"": ""2026-10-03T14:57:31.930564+00:00"", ""model"": ""gemma-4-12b-it-qat-q4_0.gguf"", ""api_version"": null}"
1055,Persepolis,"scene_004_scroll_001_num01242_sim0.jpg,scene_005_scroll_000_num01342_sim0.jpg,scene_006_scroll_000_num01366_sim0.jpg",Animation Department,,VÉRONIQUE LANGDON,ANIMATION SUPPLÉMENTAIRE,Animation Department,,first_half,"1242,1342,1366",pending,1,veronique langdon,,nm0486061,auto_assigned,,Veronique Langdon,"{""timestamp"": ""2026-10-03T14:57:31.930564+00:00"", ""model"": ""gemma-4-12b-it-qat-q4_0.gguf"", ""api_version"": null}"
1056,Persepolis,"scene_004_scroll_001_num01242_sim0.jpg,scene_006_scroll_000_num01366_sim0.jpg,scene_006_scroll_001_num01516_sim0.jpg",Animation Department,,PIERRE MINOUX,ANIMATION SUPPLÉMENTAIRE,Animation Department,,first_half,"1242,1366,1516",pending,1,pierre minoux,,nm2243591,auto_assigned,,Pierre Minoux,"{""timestamp"": ""2026-10-03T14:57:31.930564+00:00"", ""model"": ""gemma-4-12b-it-qat-q4_0.gguf"", ""api_version"": null}"
1057,Persepolis,"scene_004_scroll_001_num01242_sim0.jpg,scene_006_scroll_000_num01366_sim0.jpg,scene_006_scroll_001_num01516_sim0.jpg",Animation Department,,DENIS VAUTRIN,ANIMATION SUPPLÉMENTAIRE,Animation Department,,first_half,"1242,1366,1516",pending,1,denis vautrin,,,manual_required,"[{""nconst"": ""nm1460458"", ""normalized_name"": ""denis vautrin"", ""normalized_name_with_nickname"": null, ""primaryName"": ""Denis Vautrin"", ""primaryProfession"": ""composer,sound_department,music_department"", ""birthYear"": null, ""deathYear"": null}]",,"{""timestamp"": ""2026-10-03T14:57:31.930564+00:00"", ""model"": ""gemma-4-12b-it-qat-q4_0.gguf"", ""api_version"": null}"
1058,Persepolis,"scene_004_scroll_001_num01242_sim0.jpg,scene_006_scroll_000_num01366_sim0.jpg",Additional Crew,,CÉCILE DUBOIS-HERRY,STAGIAIRES ANIMATION,Additional Crew,,first_half,"1242,1366",pending,1,cecile dubois herry,,,manual_required,"[{""nconst"": ""nm3041611"", ""normalized_name"": ""cecile dubois herry"", ""normalized_name_with_nickname"": null, ""primaryName"": ""Cecile Dubois-Herry"", ""primaryProfession"": ""animation_department,visual_effects,director"", ""birthYear"": null, ""deathYear"": null}]",,"{""timestamp"": ""2026-10-03T14:57:31.930564+00:00"", ""model"": ""gemma-4-12b-it-qat-q4_0.gguf"", ""api_version"": null}"
1059,Persepolis,"scene_004_scroll_001_num01242_sim0.jpg,scene_006_scroll_000_num01366_sim0.jpg",Additional Crew,,ETIENNE MATTERA,STAGIAIRES ANIMATION,Additional Crew,,first_half,"1242,1366",pending,1,etienne mattera,,,manual_required,"[{""nconst"": ""nm7917896"", ""normalized_name"": ""etienne mattera"", ""normalized_name_with_nickname"": null, ""primaryName"": ""Etienne Mattera"", ""primaryProfession"": ""art_department,animation_department,director"", ""birthYear"": null, ""deathYear"": null}]",,"{""timestamp"": ""2026-10-03T14:57:31.930564+00:00"", ""model"": ""gemma-4-12b-it-qat-q4_0.gguf"", ""api_version"": null}"
1060,Persepolis,"scene_005_scroll_000_num01342_sim0.jpg,scene_007_scroll_000_num01932_sim0.jpg,scene_009_scroll_000_num01982_sim0.jpg",Visual Effects,,PIERRE MINOUX,ANIMATION EFFETS SPÉCIAUX,Visual Effects,,first_half,"1342,1932,1982",pending,1,pierre minoux,,nm2243591,auto_assigned,,Pierre Minoux,"{""timestamp"": ""2026-10-03T14:57:31.930564+00:00"", ""model"": ""gemma-4-12b-it-qat-q4_0.gguf"", ""api_version"": null}"
1061,Persepolis,scene_005_scroll_000_num01342_sim0.jpg,Visual Effects,,ADELINE MONIN,ANIMATION EFFETS SPÉCIAUX,Visual Effects,,first_half,1342,pending,1,adeline monin,,nm1348766,auto_assigned,,Adeline Monin,"{""timestamp"": ""2026-10-03T14:57:31.930564+00:00"", ""model"": ""gemma-4-12b-it-qat-q4_0.gguf"", ""api_version"": null}"
1062,Persepolis,scene_005_scroll_000_num01342_sim0.jpg,Animation Department,,THIERRY PÉRÉS,SUPERVISION ASSISTANAT ANIMATION 2D,Animation Department,,first_half,1342,pending,1,thierry peres,,nm2831108,auto_assigned,,Thierry Peres,"{""timestamp"": ""2026-10-03T14:57:31.930564+00:00"", ""model"": ""gemma-4-12b-it-qat-q4_0.gguf"", ""api_version"": null}"
1063,Persepolis,scene_005_scroll_000_num01342_sim0.jpg,Animation Department,,ALEXIS VENET,SUPERVISION ASSISTANAT ANIMATION 2D,Animation Department,,first_half,1342,pending,1,alexis venet,,nm2906378,auto_assigned,,Alexis Venet,"{""timestamp"": ""2026-10-03T14:57:31.930564+00:00"", ""model"": ""gemma-4-12b-it-qat-q4_0.gguf"", ""api_version"": null}"
1064,Persepolis,scene_005_scroll_000_num01342_sim0.jpg,Animation Department,,KEVIN AUDI-GRIVETTA,ASSISTANAT ANIMATION 2D,Animation Department,,first_half,1342,pending,1,kevin audi grivetta,,nm14361015,auto_assigned,,Kevin Audi-Grivetta,"{""timestamp"": ""2026-10-03T14:57:31.930564+00:00"", ""model"": ""gemma-4-12b-it-qat-q4_0.gguf"", ""api_version"": null}"
1065,Persepolis,"scene_005_scroll_000_num01342_sim0.jpg,scene_006_scroll_001_num01516_sim0.jpg",Animation Department,,RICCARDO AUDISIO,ASSISTANAT ANIMATION 2D,Animation Department,,first_half,"1342,1516",pending,1,riccardo audisio,,nm1089033,auto_assigned,,Riccardo Audisio,"{""timestamp"": ""2026-10-03T14:57:31.930564+00:00"", ""model"": ""gemma-4-12b-it-qat-q4_0.gguf"", ""api_version"": null}"
1066,Persepolis,scene_005_scroll_000_num01342_sim0.jpg,Animation Department,,SOPHIE BABADUC,ASSISTANAT ANIMATION 2D,Animation Department,,first_half,1342,pending,1,sophie babaduc,,nm3036602,auto_assigned,,Sophie Baraduc,"{""timestamp"": ""2026-10-03T14:57:31.930564+00:00"", ""model"": ""gemma-4-12b-it-qat-q4_0.gguf"", ""api_version"": null}"
1067,Persepolis,"scene_005_scroll_000_num01342_sim0.jpg,scene_006_scroll_001_num01516_sim0.jpg",Animation Department,,MARIANNE LEBEL,ASSISTANAT ANIMATION 2D,Animation Department,,first_half,"1342,1516",pending,1,marianne lebel,,nm2156600,auto_assigned,,Marianne Lebel,"{""timestamp"": ""2026-10-03T14:57:31.930564+00:00"", ""model"": ""gemma-4-12b-it-qat-q4_0.gguf"", ""api_version"": null}"
1068,Persepolis,scene_005_scroll_000_num01342_sim0.jpg,Animation Department,,GRÉGORY LECODO,ASSISTANAT ANIMATION 2D,Animation Department,,first_half,1342,pending,1,gregory lecodo,,gp0000361,internal_assigned,,,"{""timestamp"": ""2026-10-03T14:57:31.930564+00:00"", ""model"": ""gemma-4-12b-it-qat-q4_0.gguf"", ""api_version"": null}"
1069,Persepolis,"scene_006_scroll_000_num01366_sim0.jpg,scene_006_scroll_001_num01516_sim0.jpg",Animation Department,,GÉRALDINE LE MOIGNE,ASSISTANAT ANIMATION 2D,Animation Department,,first_half,"1366,1516",pending,1,geraldine le moigne,,nm14361016,auto_assigned,,Géraldine Le Moigne,"{""timestamp"": ""2026-10-03T14:57:31.930564+00:00"", ""model"": ""gemma-4-12b-it-qat-q4_0.gguf"", ""api_version"": null}"
1070,Persepolis,"scene_006_scroll_000_num01366_sim0.jpg,scene_006_scroll_001_num01516_sim0.jpg",Animation Department,,ANNE CALANDRE,ASSISTANAT ANIMATION 2D,Animation Department,,first_half,"1366,1516",pending,1,anne calandre,,nm9134778,auto_assigned,,Anne Calandre,"{""timestamp"": ""2026-10-03T14:57:31.930564+00:00"", ""model"": ""gemma-4-12b-it-qat-q4_0.gguf"", ""api_version"": null}"
1071,Persepolis,"scene_006_scroll_000_num01366_sim0.jpg,scene_006_scroll_001_num01516_sim0.jpg",Animation Department,,CLÉMENT CEARD,ASSISTANAT ANIMATION 2D,Animation Department,,first_half,"1366,1516",pending,1,clement ceard,,nm5701358,auto_assigned,,Clément Céard,"{""timestamp"": ""2026-10-03T14:57:31.930564+00:00"", ""model"": ""gemma-4-12b-it-qat-q4_0.gguf"", ""api_version"": null}"
1072,Persepolis,scene_006_scroll_001_num01516_sim0.jpg,Animation Department,,KEVIN BOUTI-ARIVITA,,Animation Department,,first_half,1516,pending,1,kevin bouti arivita,,gp0000364,internal_assigned,,,"{""timestamp"": ""2026-10-03T14:57:31.930564+00:00"", ""model"": ""gemma-4-12b-it-qat-q4_0.gguf"", ""api_version"": null}"
1073,Persepolis,scene_006_scroll_001_num01516_sim0.jpg,Animation Department,,SOPHIE BARADUC,,Animation Department,,first_half,1516,pending,1,sophie baraduc,,nm3036602,auto_assigned,,Sophie Baraduc,"{""timestamp"": ""2026-10-03T14:57:31.930564+00:00"", ""model"": ""gemma-4-12b-it-qat-q4_0.gguf"", ""api_version"": null}"
1074,Persepolis,scene_006_scroll_001_num01516_sim0.jpg,Animation Department,,PHILIPPE CULAS,,Animation Department,,first_half,1516,pending,1,philippe culas,,nm2913949,auto_assigned,,Philippe Culas,"{""timestamp"": ""2026-10-03T14:57:31.930564+00:00"", ""model"": ""gemma-4-12b-it-qat-q4_0.gguf"", ""api_version"": null}"
1075,Persepolis,scene_006_scroll_001_num01516_sim0.jpg,Animation Department,,NICOLE DE BELLEFROID,,Animation Department,,first_half,1516,pending,1,nicole de bellefroid,,nm2482872,auto_assigned,,Nicole de Bellefroid,"{""timestamp"": ""2026-10-03T14:57:31.930564+00:00"", ""model"": ""gemma-4-12b-it-qat-q4_0.gguf"", ""api_version"": null}"
1076,Persepolis,scene_006_scroll_001_num01516_sim0.jpg,Animation Department,,BERNARD DOURDENT,,Animation Department,,first_half,1516,pending,1,bernard dourdent,,nm2475424,auto_assigned,,Bernard Dourdent,"{""timestamp"": ""2026-10-03T14:57:31.930564+00:00"", ""model"": ""gemma-4-12b-it-qat-q4_0.gguf"", ""api_version"": null}"
1077,Persepolis,scene_006_scroll_001_num01516_sim0.jpg,Animation Department,,GRÉGORY DUROY,,Animation Department,,first_half,1516,pending,1,gregory duroy,,nm5675834,auto_assigned,,Grégory Duroy,"{""timestamp"": ""2026-10-03T14:57:31.930564+00:00"", ""model"": ""gemma-4-12b-it-qat-q4_0.gguf"", ""api_version"": null}"
1078,Persepolis,scene_006_scroll_001_num01516_sim0.jpg,Animation Department,,DIDIER GOURDIN,,Animation Department,,first_half,1516,pending,1,didier gourdin,,nm0332665,auto_assigned,,Didier Gourdin,"{""timestamp"": ""2026-10-03T14:57:31.930564+00:00"", ""model"": ""gemma-4-12b-it-qat-q4_0.gguf"", ""api_version"": null}"
1079,Persepolis,scene_006_scroll_001_num01516_sim0.jpg,Animation Department,,LESCLINGE IHAAS,,Animation Department,,first_half,1516,pending,1,lesclinge ihaas,,gp0000367,internal_assigned,,,"{""timestamp"": ""2026-10-03T14:57:31.930564+00:00"", ""model"": ""gemma-4-12b-it-qat-q4_0.gguf"", ""api_version"": null}"
1080,Persepolis,scene_006_scroll_001_num01516_sim0.jpg,Animation Department,,ANNE-MARIE IRLANDE,,Animation Department,,first_half,1516,pending,1,anne marie irlande,,nm2410239,auto_assigned,,Anne-Marie Irlande,"{""timestamp"": ""2026-10-03T14:57:31.930564+00:00"", ""model"": ""gemma-4-12b-it-qat-q4_0.gguf"", ""api_version"": null}"
1081,Persepolis,scene_006_scroll_001_num01516_sim0.jpg,Animation Department,,GRÉGORY LECOCQ,,Animation Department,,first_half,1516,pending,1,gregory lecocq,,nm2909841,auto_assigned,,Gregory Lecocq,"{""timestamp"": ""2026-10-03T14:57:31.930564+00:00"", ""model"": ""gemma-4-12b-it-qat-q4_0.gguf"", ""api_version"": null}"
1082,Persepolis,scene_006_scroll_001_num01516_sim0.jpg,Animation Department,,ETIENNE PINAULT,,Animation Department,,first_half,1516,pending,1,etienne pinault,,nm2313652,auto_assigned,,Etienne Pinault,"{""timestamp"": ""2026-10-03T14:57:31.930564+00:00"", ""model"": ""gemma-4-12b-it-qat-q4_0.gguf"", ""api_version"": null}"
1083,Persepolis,scene_006_scroll_001_num01516_sim0.jpg,Animation Department,,CHRISTOPHE PINTO,,Animation Department,,first_half,1516,pending,1,christophe pinto,,nm4329089,auto_assigned,,Christophe Pinto,"{""timestamp"": ""2026-10-03T14:57:31.930564+00:00"", ""model"": ""gemma-4-12b-it-qat-q4_0.gguf"", ""api_version"": null}"
1084,Persepolis,scene_006_scroll_001_num01516_sim0.jpg,Animation Department,,MARIELLE RABOURDIN,,Animation Department,,first_half,1516,pending,1,marielle rabourdin,,nm2928919,auto_assigned,,Marielle Rabourdin,"{""timestamp"": ""2026-10-03T14:57:31.930564+00:00"", ""model"": ""gemma-4-12b-it-qat-q4_0.gguf"", ""api_version"": null}"
1085,Persepolis,scene_006_scroll_001_num01516_sim0.jpg,Animation Department,,MARIE RACCAUD-PÉRÈS,,Animation Department,,first_half,1516,pending,1,marie raccaud peres,,gp0000373,internal_assigned,,,"{""timestamp"": ""2026-10-03T14:57:31.930564+00:00"", ""model"": ""gemma-4-12b-it-qat-q4_0.gguf"", ""api_version"": null}"
1086,Persepolis,scene_006_scroll_001_num01516_sim0.jpg,Animation Department,,NICOLAS RUEDY,,Animation Department,,first_half,1516,pending,1,nicolas ruedy,,nm2408269,auto_assigned,,Nicolas Ruedy,"{""timestamp"": ""2026-10-03T14:57:31.930564+00:00"", ""model"": ""gemma-4-12b-it-qat-q4_0.gguf"", ""api_version"": null}"
1087,Persepolis,scene_006_scroll_001_num01516_sim0.jpg,Animation Department,,VALÉRIE SCHAEFER,,Animation Department,,first_half,1516,pending,1,valerie schaefer,,nm2405731,auto_assigned,,Valérie Schaefer,"{""timestamp"": ""2026-10-03T14:57:31.930564+00:00"", ""model"": ""gemma-4-12b-it-qat-q4_0.gguf"", ""api_version"": null}"
1088,Persepolis,scene_006_scroll_001_num01516_sim0.jpg,Animation Department,,JULIEN THOMPSON,,Animation Department,,first_half,1516,pending,1,julien thompson,,nm7144680,auto_assigned,,Julien Thompson,"{""timestamp"": ""2026-10-03T14:57:31.930564+00:00"", ""model"": ""gemma-4-12b-it-qat-q4_0.gguf"", ""api_version"": null}"
1089,Persepolis,scene_006_scroll_001_num01516_sim0.jpg,Animation Department,,BLIAS YANG,,Animation Department,,first_half,1516,pending,1,blias yang,,nm14361017,auto_assigned,,Blias Yang,"{""timestamp"": ""2026-10-03T14:57:31.930564+00:00"", ""model"": ""gemma-4-12b-it-qat-q4_0.gguf"", ""api_version"": null}"
1090,Persepolis,scene_006_scroll_001_num01516_sim0.jpg,Production Department,,JACQUES JARCZYK,ASSISTANAT SUPPLÉMENTAIRE,Production Department,,first_half,1516,pending,1,jacques jarczyk,,,manual_required,"[{""nconst"": ""nm14419078"", ""normalized_name"": ""jacques jarczyk"", ""normalized_name_with_nickname"": null, ""primaryName"": ""Jacques Jarczyk"", ""primaryProfession"": ""director,animation_department,art_department"", ""birthYear"": null, ""deathYear"": null}]",,"{""timestamp"": ""2026-10-03T14:57:31.930564+00:00"", ""model"": ""gemma-4-12b-it-qat-q4_0.gguf"", ""api_version"": null}"
1091,Persepolis,scene_006_scroll_001_num01516_sim0.jpg,Production Department,,BERTRAND PREVOT,ASSISTANAT SUPPLÉMENTAIRE,Production Department,,first_half,1516,pending,1,bertrand prevot,,,manual_required,"[{""nconst"": ""nm17753456"", ""normalized_name"": ""bertrand prevot"", ""normalized_name_with_nickname"": null, ""primaryName"": ""Bertrand Prevot"", ""primaryProfession"": ""animation_department"", ""birthYear"": null, ""deathYear"": null}, {""nconst"": ""nm2414449"", ""normalized_name"": ""bertrand prevot"", ""normalized_name_with_nickname"": null, ""primaryName"": ""Bertrand Pr\u00e9vot"", ""primaryProfession"": ""camera_department"", ""birthYear"": null, ""deathYear"": null}]",,"{""timestamp"": ""2026-10-03T14:57:31.930564+00:00"", ""model"": ""gemma-4-12b-it-qat-q4_0.gguf"", ""api_version"": null}"
1092,Persepolis,"scene_006_scroll_001_num01516_sim0.jpg,scene_006_scroll_002_num01666_sim0.jpg",Production Department,,GUILLAUME QUATRAVAUX,ASSISTANAT SUPPLÉMENTAIRE,Production Department,,first_half,"1516,1666",pending,1,guillaume quatravaux,,,manual_required,"[{""nconst"": ""nm16221559"", ""normalized_name"": ""guillaume quatravaux"", ""normalized_name_with_nickname"": null, ""primaryName"": ""Guillaume Quatravaux"", ""primaryProfession"": ""animation_department"", ""birthYear"": null, ""deathYear"": null}, {""nconst"": ""nm1738315"", ""normalized_name"": ""guillaume quatravaux"", ""normalized_name_with_nickname"": null, ""primaryName"": ""Guillaume Quatravaux"", ""primaryProfession"": ""actor,soundtrack"", ""birthYear"": null, ""deathYear"": null}]",,"{""timestamp"": ""2026-10-03T14:57:31.930564+00:00"", ""model"": ""gemma-4-12b-it-qat-q4_0.gguf"", ""api_version"": null}"
1093,Persepolis,scene_006_scroll_001_num01516_sim0.jpg,Production Department,,MIREILLE SARAULT,ASSISTANAT SUPPLÉMENTAIRE,Production Department,,first_half,1516,pending,1,mireille sarault,,,manual_required,"[{""nconst"": ""nm2593890"", ""normalized_name"": ""mireille sarault"", ""normalized_name_with_nickname"": null, ""primaryName"": ""Mireille Sarault"", ""primaryProfession"": ""animation_department,art_department"", ""birthYear"": null, ""deathYear"": null}]",,"{""timestamp"": ""2026-10-03T14:57:31.930564+00:00"", ""model"": ""gemma-4-12b-it-qat-q4_0.gguf"", ""api_version"": null}"
1094,Persepolis,scene_006_scroll_001_num01516_sim0.jpg,Production Department,,SARAH VAN DER BOOM,ASSISTANAT SUPPLÉMENTAIRE,Production Department,,first_half,1516,pending,1,sarah van der boom,,,manual_required,"[{""nconst"": ""nm17753482"", ""normalized_name"": ""sarah van der boom"", ""normalized_name_with_nickname"": null, ""primaryName"": ""Sarah van der Boom"", ""primaryProfession"": ""animation_department"", ""birthYear"": null, ""deathYear"": null}]",,"{""timestamp"": ""2026-10-03T14:57:31.930564+00:00"", ""model"": ""gemma-4-12b-it-qat-q4_0.gguf"", ""api_version"": null}"
1095,Persepolis,"scene_006_scroll_001_num01516_sim0.jpg,scene_006_scroll_002_num01666_sim0.jpg",Additional Crew,,SOPHIA CHEVIER,STAGIAIRES ASSISTANAT,Additional Crew,,first_half,"1516,1666",pending,1,sophia chevier,,gp0000377,internal_assigned,,,"{""timestamp"": ""2026-10-03T14:57:31.930564+00:00"", ""model"": ""gemma-4-12b-it-qat-q4_0.gguf"", ""api_version"": null}"
1096,Persepolis,"scene_006_scroll_001_num01516_sim0.jpg,scene_006_scroll_002_num01666_sim0.jpg",Additional Crew,,MAËL GOURMELEN,STAGIAIRES ASSISTANAT,Additional Crew,,first_half,"1516,1666",pending,1,mael gourmelen,,,manual_required,"[{""nconst"": ""nm15676685"", ""normalized_name"": ""mael gourmelen"", ""normalized_name_with_nickname"": null, ""primaryName"": ""Mael Gourmelen"", ""primaryProfession"": null, ""birthYear"": null, ""deathYear"": null}, {""nconst"": ""nm3350470"", ""normalized_name"": ""mael gourmelen"", ""normalized_name_with_nickname"": null, ""primaryName"": ""Mael Gourmelen"", ""primaryProfession"": ""animation_department,art_department"", ""birthYear"": null, ""deathYear"": null}]",,"{""timestamp"": ""2026-10-03T14:57:31.930564+00:00"", ""model"": ""gemma-4-12b-it-qat-q4_0.gguf"", ""api_version"": null}"
1097,Persepolis,"scene_006_scroll_001_num01516_sim0.jpg,scene_006_scroll_002_num01666_sim0.jpg",Additional Crew,,SÉBASTIEN ROUXEL,STAGIAIRES ASSISTANAT,Additional Crew,,first_half,"1516,1666",pending,1,sebastien rouxel,,,manual_required,"[{""nconst"": ""nm4921979"", ""normalized_name"": ""sebastien rouxel"", ""normalized_name_with_nickname"": null, ""primaryName"": ""S\u00e9bastien Rouxel"", ""primaryProfession"": ""animation_department,art_department"", ""birthYear"": null, ""deathYear"": null}]",,"{""timestamp"": ""2026-10-03T14:57:31.930564+00:00"", ""model"": ""gemma-4-12b-it-qat-q4_0.gguf"", ""api_version"": null}"
1098,Persepolis,scene_006_scroll_002_num01666_sim0.jpg,Production Department,,FRANK MIYET,SUPERVISION TRACE,Production Department,,first_half,1666,pending,1,frank miyet,,,manual_required,"[{""nconst"": ""nm2717017"", ""normalized_name"": ""frank miyet"", ""normalized_name_with_nickname"": null, ""primaryName"": ""Frank Miyet"", ""primaryProfession"": ""animation_department"", ""birthYear"": null, ""deathYear"": null}]",,"{""timestamp"": ""2026-10-03T14:57:31.930564+00:00"", ""model"": ""gemma-4-12b-it-qat-q4_0.gguf"", ""api_version"": null}"
1099,Persepolis,scene_006_scroll_002_num01666_sim0.jpg,Production Department,,EMMANUEL BESSON,TRACE,Production Department,,first_half,1666,pending,1,emmanuel besson,,,manual_required,"[{""nconst"": ""nm13812994"", ""normalized_name"": ""emmanuel besson"", ""normalized_name_with_nickname"": null, ""primaryName"": ""Emmanuel Besson"", ""primaryProfession"": null, ""birthYear"": null, ""deathYear"": null}, {""nconst"": ""nm17753473"", ""normalized_name"": ""emmanuel besson"", ""normalized_name_with_nickname"": null, ""primaryName"": ""Emmanuel Besson"", ""primaryProfession"": ""animation_department"", ""birthYear"": null, ""deathYear"": null}]",,"{""timestamp"": ""2026-10-03T14:57:31.930564+00:00"", ""model"": ""gemma-4-12b-it-qat-q4_0.gguf"", ""api_version"": null}"
1100,Persepolis,scene_006_scroll_002_num01666_sim0.jpg,Production Department,,SALLY BORNOT,TRACE,Production Department,,first_half,1666,pending,1,sally bornot,,,manual_required,"[{""nconst"": ""nm17753458"", ""normalized_name"": ""sally bornot"", ""normalized_name_with_nickname"": null, ""primaryName"": ""Sally Bornot"", ""primaryProfession"": ""animation_department"", ""birthYear"": null, ""deathYear"": null}]",,"{""timestamp"": ""2026-10-03T14:57:31.930564+00:00"", ""model"": ""gemma-4-12b-it-qat-q4_0.gguf"", ""api_version"": null}"
1101,Persepolis,scene_006_scroll_002_num01666_sim0.jpg,Production Department,,MAUD BUCHWALDER,TRACE,Production Department,,first_half,1666,pending,1,maud buchwalder,,,manual_required,"[{""nconst"": ""nm17753487"", ""normalized_name"": ""maud buchwalder"", ""normalized_name_with_nickname"": null, ""primaryName"": ""Maud Buchwalder"", ""primaryProfession"": ""animation_department"", ""birthYear"": null, ""deathYear"": null}]",,"{""timestamp"": ""2026-10-03T14:57:31.930564+00:00"", ""model"": ""gemma-4-12b-it-qat-q4_0.gguf"", ""api_version"": null}"
1102,Persepolis,scene_006_scroll_002_num01666_sim0.jpg,Production Department,,VIOLETTA COMPAIN,TRACE,Production Department,,first_half,1666,pending,1,violetta compain,,,manual_required,"[{""nconst"": ""nm17753471"", ""normalized_name"": ""violetta compain"", ""normalized_name_with_nickname"": null, ""primaryName"": ""Violetta Compain"", ""primaryProfession"": ""animation_department"", ""birthYear"": null, ""deathYear"": null}]",,"{""timestamp"": ""2026-10-03T14:57:31.930564+00:00"", ""model"": ""gemma-4-12b-it-qat-q4_0.gguf"", ""api_version"": null}"
1103,Persepolis,scene_006_scroll_002_num01666_sim0.jpg,Production Department,,AUDREY DELPUECH,TRACE,Production Department,,first_half,1666,pending,1,audrey delpuech,,,manual_required,"[{""nconst"": ""nm1374907"", ""normalized_name"": ""audrey delpuech"", ""normalized_name_with_nickname"": null, ""primaryName"": ""Audrey Delpuech"", ""primaryProfession"": ""assistant_director,art_department,animation_department"", ""birthYear"": null, ""deathYear"": null}]",,"{""timestamp"": ""2026-10-03T14:57:31.930564+00:00"", ""model"": ""gemma-4-12b-it-qat-q4_0.gguf"", ""api_version"": null}"
1104,Persepolis,scene_006_scroll_002_num01666_sim0.jpg,Production Department,,ANNIE FAUDEMER,TRACE,Production Department,,first_half,1666,pending,1,annie faudemer,,,manual_required,"[{""nconst"": ""nm2534783"", ""normalized_name"": ""annie faudemer"", ""normalized_name_with_nickname"": null, ""primaryName"": ""Annie Faudemer"", ""primaryProfession"": ""animation_department"", ""birthYear"": null, ""deathYear"": null}]",,"{""timestamp"": ""2026-10-03T14:57:31.930564+00:00"", ""model"": ""gemma-4-12b-it-qat-q4_0.gguf"", ""api_version"": null}"
1105,Persepolis,scene_006_scroll_002_num01666_sim0.jpg,Production Department,,AURORRE GRILLOT,TRACE,Production Department,,first_half,1666,pending,1,aurorre grillot,,gp0000355,internal_assigned,,,"{""timestamp"": ""2026-10-03T14:57:31.930564+00:00"", ""model"": ""gemma-4-12b-it-qat-q4_0.gguf"", ""api_version"": null}"
1106,Persepolis,scene_006_scroll_002_num01666_sim0.jpg,Production Department,,LESCLINE HAAS,TRACE,Production Department,,first_half,1666,pending,1,lescline haas,,gp0000366,internal_assigned,,,"{""timestamp"": ""2026-10-03T14:57:31.930564+00:00"", ""model"": ""gemma-4-12b-it-qat-q4_0.gguf"", ""api_version"": null}"
1107,Persepolis,scene_006_scroll_002_num01666_sim0.jpg,Production Department,,GÉRALDINE LE MOIGNE,TRACE,Production Department,,first_half,1666,pending,1,geraldine le moigne,,nm14361016,auto_assigned,,Géraldine Le Moigne,"{""timestamp"": ""2026-10-03T14:57:31.930564+00:00"", ""model"": ""gemma-4-12b-it-qat-q4_0.gguf"", ""api_version"": null}"
1108,Persepolis,scene_006_scroll_002_num01666_sim0.jpg,Production Department,,JULIETTE LOUBIÈRES,TRACE,Production Department,,first_half,1666,pending,1,juliette loubieres,,,manual_required,"[{""nconst"": ""nm1473969"", ""normalized_name"": ""juliette loubieres"", ""normalized_name_with_nickname"": null, ""primaryName"": ""Juliette Loubieres"", ""primaryProfession"": ""animation_department,director,writer"", ""birthYear"": null, ""deathYear"": null}]",,"{""timestamp"": ""2026-10-03T14:57:31.930564+00:00"", ""model"": ""gemma-4-12b-it-qat-q4_0.gguf"", ""api_version"": null}"
1109,Persepolis,scene_006_scroll_002_num01666_sim0.jpg,Production Department,,ALI MAFAKHERI,TRACE,Production Department,,first_half,1666,pending,1,ali mafakheri,,,manual_required,"[{""nconst"": ""nm17753470"", ""normalized_name"": ""ali mafakheri"", ""normalized_name_with_nickname"": null, ""primaryName"": ""Ali Mafakheri"", ""primaryProfession"": ""animation_department"", ""birthYear"": null, ""deathYear"": null}, {""nconst"": ""nm5327910"", ""normalized_name"": ""ali mafakheri"", ""normalized_name_with_nickname"": null, ""primaryName"": ""Ali Mafakheri"", ""primaryProfession"": ""actor"", ""birthYear"": null, ""deathYear"": null}]",,"{""timestamp"": ""2026-10-03T14:57:31.930564+00:00"", ""model"": ""gemma-4-12b-it-qat-q4_0.gguf"", ""api_version"": null}"
1110,Persepolis,scene_006_scroll_002_num01666_sim0.jpg,Production Department,,HÉLÈNE MERRIEN,TRACE,Production Department,,first_half,1666,pending,1,helene merrien,,,manual_required,"[{""nconst"": ""nm17753459"", ""normalized_name"": ""helene merrien"", ""normalized_name_with_nickname"": null, ""primaryName"": ""H\u00e9l\u00e8ne Merrien"", ""primaryProfession"": ""animation_department"", ""birthYear"": null, ""deathYear"": null}]",,"{""timestamp"": ""2026-10-03T14:57:31.930564+00:00"", ""model"": ""gemma-4-12b-it-qat-q4_0.gguf"", ""api_version"": null}"
1111,Persepolis,scene_006_scroll_002_num01666_sim0.jpg,Production Department,,ANNE-CATHERINE OTT,TRACE,Production Department,,first_half,1666,pending,1,anne catherine ott,,,manual_required,"[{""nconst"": ""nm17753467"", ""normalized_name"": ""anne catherine ott"", ""normalized_name_with_nickname"": null, ""primaryName"": ""Anne-Catherine Ott"", ""primaryProfession"": ""animation_department"", ""birthYear"": null, ""deathYear"": null}]",,"{""timestamp"": ""2026-10-03T14:57:31.930564+00:00"", ""model"": ""gemma-4-12b-it-qat-q4_0.gguf"", ""api_version"": null}"
1112,Persepolis,scene_006_scroll_002_num01666_sim0.jpg,Production Department,,MARYAM PIR,TRACE,Production Department,,first_half,1666,pending,1,maryam pir,,,manual_required,"[{""nconst"": ""nm17753486"", ""normalized_name"": ""maryam pir"", ""normalized_name_with_nickname"": null, ""primaryName"": ""Maryam Pir"", ""primaryProfession"": ""animation_department"", ""birthYear"": null, ""deathYear"": null}]",,"{""timestamp"": ""2026-10-03T14:57:31.930564+00:00"", ""model"": ""gemma-4-12b-it-qat-q4_0.gguf"", ""api_version"": null}"
1113,Persepolis,scene_006_scroll_002_num01666_sim0.jpg,Production Department,,CÉCILE PRIM,TRACE,Production Department,,first_half,1666,pending,1,cecile prim,,,manual_required,"[{""nconst"": ""nm17753464"", ""normalized_name"": ""cecile prim"", ""normalized_name_with_nickname"": null, ""primaryName"": ""C\u00e9cile Prim"", ""primaryProfession"": ""animation_department"", ""birthYear"": null, ""deathYear"": null}, {""nconst"": ""nm4061252"", ""normalized_name"": ""cecile prim"", ""normalized_name_with_nickname"": null, ""primaryName"": ""C\u00e9cile Prim"", ""primaryProfession"": ""costume_designer"", ""birthYear"": null, ""deathYear"": null}]",,"{""timestamp"": ""2026-10-03T14:57:31.930564+00:00"", ""model"": ""gemma-4-12b-it-qat-q4_0.gguf"", ""api_version"": null}"
1114,Persepolis,scene_006_scroll_002_num01666_sim0.jpg,Production Department,,ARNAUD ROGER,TRACE,Production Department,,first_half,1666,pending,1,arnaud roger,,,manual_required,"[{""nconst"": ""nm17753469"", ""normalized_name"": ""arnaud roger"", ""normalized_name_with_nickname"": null, ""primaryName"": ""Arnaud Roger"", ""primaryProfession"": ""animation_department"", ""birthYear"": null, ""deathYear"": null}, {""nconst"": ""nm4509845"", ""normalized_name"": ""arnaud roger"", ""normalized_name_with_nickname"": null, ""primaryName"": ""Arnaud Roger"", ""primaryProfession"": ""actor,location_management"", ""birthYear"": null, ""deathYear"": null}, {""nconst"": ""nm9801018"", ""normalized_name"": ""arnaud roger"", ""normalized_name_with_nickname"": null, ""primaryName"": ""Arnaud Roger"", ""primaryProfession"": ""visual_effects"", ""birthYear"": null, ""deathYear"": null}]",,"{""timestamp"": ""2026-10-03T14:57:31.930564+00:00"", ""model"": ""gemma-4-12b-it-qat-q4_0.gguf"", ""api_version"": null}"
1115,Persepolis,scene_006_scroll_002_num01666_sim0.jpg,Production Department,,NADINE SIDAQUI,TRACE,Production Department,,first_half,1666,pending,1,nadine sidaqui,,gp0000374,internal_assigned,,,"{""timestamp"": ""2026-10-03T14:57:31.930564+00:00"", ""model"": ""gemma-4-12b-it-qat-q4_0.gguf"", ""api_version"": null}"
1116,Persepolis,scene_006_scroll_002_num01666_sim0.jpg,Production Department,,SANDRINE STOIANOV,TRACE,Production Department,,first_half,1666,pending,1,sandrine stoianov,,gp0000376,internal_assigned,,,"{""timestamp"": ""2026-10-03T14:57:31.930564+00:00"", ""model"": ""gemma-4-12b-it-qat-q4_0.gguf"", ""api_version"": null}"
1117,Persepolis,scene_006_scroll_002_num01666_sim0.jpg,Production Department,,JULIEN THOMPSON,TRACE,Production Department,,first_half,1666,pending,1,julien thompson,,,manual_required,"[{""nconst"": ""nm7144680"", ""normalized_name"": ""julien thompson"", ""normalized_name_with_nickname"": null, ""primaryName"": ""Julien Thompson"", ""primaryProfession"": ""art_department,animation_department,writer"", ""birthYear"": 1958, ""deathYear"": null}]",,"{""timestamp"": ""2026-10-03T14:57:31.930564+00:00"", ""model"": ""gemma-4-12b-it-qat-q4_0.gguf"", ""api_version"": null}"
1118,Persepolis,scene_006_scroll_002_num01666_sim0.jpg,Production Department,,VIOLETTA VASIC,TRACE,Production Department,,first_half,1666,pending,1,violetta vasic,,gp0000379,internal_assigned,,,"{""timestamp"": ""2026-10-03T14:57:31.930564+00:00"", ""model"": ""gemma-4-12b-it-qat-q4_0.gguf"", ""api_version"": null}"
1119,Persepolis,scene_006_scroll_002_num01666_sim0.jpg,Production Department,,CLAIRE XAVIER,TRACE,Production Department,,first_half,1666,pending,1,claire xavier,,nm2523787,auto_assigned,,Claire Xavier,"{""timestamp"": ""2026-10-03T14:57:31.930564+00:00"", ""model"": ""gemma-4-12b-it-qat-q4_0.gguf"", ""api_version"": null}"
1120,Persepolis,scene_006_scroll_003_num01816_sim0.jpg,Production Department,,CYRIL ESTIENNE,TRACE SUPPLÉMENTAIRE,Production Department,,first_half,1816,pending,1,cyril estienne,,,manual_required,"[{""nconst"": ""nm17753465"", ""normalized_name"": ""cyril estienne"", ""normalized_name_with_nickname"": null, ""primaryName"": ""Cyril Estienne"", ""primaryProfession"": ""animation_department"", ""birthYear"": null, ""deathYear"": null}]",,"{""timestamp"": ""2026-10-03T14:57:31.930564+00:00"", ""model"": ""gemma-4-12b-it-qat-q4_0.gguf"", ""api_version"": null}"
1121,Persepolis,scene_006_scroll_003_num01816_sim0.jpg,Production Department,,HOMA NIKNAM,TRACE SUPPLÉMENTAIRE,Production Department,,first_half,1816,pending,1,homa niknam,,,manual_required,"[{""nconst"": ""nm3358750"", ""normalized_name"": ""homa niknam"", ""normalized_name_with_nickname"": null, ""primaryName"": ""Homa Niknam"", ""primaryProfession"": ""animation_department"", ""birthYear"": null, ""deathYear"": null}]",,"{""timestamp"": ""2026-10-03T14:57:31.930564+00:00"", ""model"": ""gemma-4-12b-it-qat-q4_0.gguf"", ""api_version"": null}"
1122,Persepolis,scene_006_scroll_003_num01816_sim0.jpg,Visual Effects,,AHMIDOU LYAZIDI,SUPERVISION ANIMATION 3D,Visual Effects,,first_half,1816,pending,1,ahmidou lyazidi,,nm1464573,auto_assigned,,Ahmidou Lyazidi,"{""timestamp"": ""2026-10-03T14:57:31.930564+00:00"", ""model"": ""gemma-4-12b-it-qat-q4_0.gguf"", ""api_version"": null}"
1123,Persepolis,scene_006_scroll_003_num01816_sim0.jpg,Visual Effects,,DAVID GALANTE,ANIMATION 3D,Visual Effects,,first_half,1816,pending,1,david galante,,nm3796944,auto_assigned,,David Galante,"{""timestamp"": ""2026-10-03T14:57:31.930564+00:00"", ""model"": ""gemma-4-12b-it-qat-q4_0.gguf"", ""api_version"": null}"
1124,Persepolis,scene_006_scroll_003_num01816_sim0.jpg,Visual Effects,,BRUNE-EVALIE HELIE,ANIMATION 3D,Visual Effects,,first_half,1816,pending,1,brune evalie helie,,nm2964255,auto_assigned,,Bruno-Evalie Helie,"{""timestamp"": ""2026-10-03T14:57:31.930564+00:00"", ""model"": ""gemma-4-12b-it-qat-q4_0.gguf"", ""api_version"": null}"
1125,Persepolis,scene_006_scroll_003_num01816_sim0.jpg,Visual Effects,,NATHALIE MATHE,ANIMATION 3D,Visual Effects,,first_half,1816,pending,1,nathalie mathe,,nm1764424,auto_assigned,,Nathalie Mathé,"{""timestamp"": ""2026-10-03T14:57:31.930564+00:00"", ""model"": ""gemma-4-12b-it-qat-q4_0.gguf"", ""api_version"": null}"
1126,Persepolis,"scene_006_scroll_003_num01816_sim0.jpg,scene_017_scroll_001_num03093_sim0.jpg",Production Department,,YOVANAH RUNGASAWMY,OPÉRATRICES LINETEST,Production Department,,first_half,"1816,3093",pending,1,yovanah rungasawmy,,nm17753466,auto_assigned,,Yovanah Rungasawmy,"{""timestamp"": ""2026-10-03T14:57:31.930564+00:00"", ""model"": ""gemma-4-12b-it-qat-q4_0.gguf"", ""api_version"": null}"
1127,Persepolis,scene_006_scroll_003_num01816_sim0.jpg,Production Department,,BLIAS YANG,OPÉRATRICES LINETEST,Production Department,,first_half,1816,pending,1,blias yang,,,manual_required,"[{""nconst"": ""nm14361017"", ""normalized_name"": ""blias yang"", ""normalized_name_with_nickname"": null, ""primaryName"": ""Blias Yang"", ""primaryProfession"": ""animation_department"", ""birthYear"": null, ""deathYear"": null}]",,"{""timestamp"": ""2026-10-03T14:57:31.930564+00:00"", ""model"": ""gemma-4-12b-it-qat-q4_0.gguf"", ""api_version"": null}"
1128,Persepolis,"scene_006_scroll_003_num01816_sim0.jpg,scene_008_scroll_000_num01955_sim0.jpg",Visual Effects,,MARION CREPEL,"SUPERVISION SCAN, MISE EN COULEURS & COMPOSITING TOONIZ",Visual Effects,,first_half,"1816,1955",pending,1,marion crepel,,nm1997986,auto_assigned,,Marion Crepel,"{""timestamp"": ""2026-10-03T14:57:31.930564+00:00"", ""model"": ""gemma-4-12b-it-qat-q4_0.gguf"", ""api_version"": null}"
1129,Persepolis,scene_006_scroll_003_num01816_sim0.jpg,Production Department,,JIMMY CAPRON,OPÉRATEURS SCAN,Production Department,,first_half,1816,pending,1,jimmy capron,,nm2513832,auto_assigned,,Jimmy Capron,"{""timestamp"": ""2026-10-03T14:57:31.930564+00:00"", ""model"": ""gemma-4-12b-it-qat-q4_0.gguf"", ""api_version"": null}"
1130,Persepolis,scene_007_scroll_000_num01932_sim0.jpg,Visual Effects,,LARA BELINI,MISE EN COULEURS,Visual Effects,,first_half,1932,pending,1,lara belini,,gp0000365,internal_assigned,,,"{""timestamp"": ""2026-10-03T14:57:31.930564+00:00"", ""model"": ""gemma-4-12b-it-qat-q4_0.gguf"", ""api_version"": null}"
1131,Persepolis,scene_007_scroll_000_num01932_sim0.jpg,Visual Effects,,GERALDINE LE MOIGNE,MISE EN COULEURS,Visual Effects,,first_half,1932,pending,1,geraldine le moigne,,,manual_required,"[{""nconst"": ""nm14361016"", ""normalized_name"": ""geraldine le moigne"", ""normalized_name_with_nickname"": null, ""primaryName"": ""G\u00e9raldine Le Moigne"", ""primaryProfession"": ""animation_department,miscellaneous"", ""birthYear"": null, ""deathYear"": null}]",,"{""timestamp"": ""2026-10-03T14:57:31.930564+00:00"", ""model"": ""gemma-4-12b-it-qat-q4_0.gguf"", ""api_version"": null}"
1132,Persepolis,scene_007_scroll_000_num01932_sim0.jpg,Visual Effects,,ARNAUD MORITZ,MISE EN COULEURS,Visual Effects,,first_half,1932,pending,1,arnaud moritz,,,manual_required,"[{""nconst"": ""nm8478337"", ""normalized_name"": ""arnaud moritz"", ""normalized_name_with_nickname"": null, ""primaryName"": ""Arnaud Moritz"", ""primaryProfession"": ""animation_department,miscellaneous"", ""birthYear"": null, ""deathYear"": null}]",,"{""timestamp"": ""2026-10-03T14:57:31.930564+00:00"", ""model"": ""gemma-4-12b-it-qat-q4_0.gguf"", ""api_version"": null}"
1133,Persepolis,"scene_007_scroll_000_num01932_sim0.jpg,scene_009_scroll_000_num01982_sim0.jpg",Visual Effects,,SYLVIE ATTORRESI,COMPOSITING TOONIZ,Visual Effects,,first_half,"1932,1982",pending,1,sylvie attorresi,"sylvie attorresi ""toto""",nm3999426,auto_assigned,,Sylvie Attorresi,"{""timestamp"": ""2026-10-03T14:57:31.930564+00:00"", ""model"": ""gemma-4-12b-it-qat-q4_0.gguf"", ""api_version"": null}"
1134,Persepolis,"scene_007_scroll_000_num01932_sim0.jpg,scene_009_scroll_000_num01982_sim0.jpg",Visual Effects,,FABRICE RENAUDIN,COMPOSITING TOONIZ,Visual Effects,,first_half,"1932,1982",pending,1,fabrice renaudin,,nm1755516,auto_assigned,,Fabrice Renaudin,"{""timestamp"": ""2026-10-03T14:57:31.930564+00:00"", ""model"": ""gemma-4-12b-it-qat-q4_0.gguf"", ""api_version"": null}"
1135,Persepolis,"scene_007_scroll_000_num01932_sim0.jpg,scene_009_scroll_000_num01982_sim0.jpg",Visual Effects,,STÉPHANE ROCHE,SUPERVISION COMPOSITING AFTER EFFECTS,Visual Effects,,first_half,"1932,1982",pending,1,stephane roche,,,manual_required,"[{""nconst"": ""nm0733983"", ""normalized_name"": ""stephane roche"", ""normalized_name_with_nickname"": null, ""primaryName"": ""St\u00e9phane Roche"", ""primaryProfession"": ""actor"", ""birthYear"": null, ""deathYear"": null}, {""nconst"": ""nm11319681"", ""normalized_name"": ""stephane roche"", ""normalized_name_with_nickname"": null, ""primaryName"": ""St\u00e9phane Roche"", ""primaryProfession"": null, ""birthYear"": null, ""deathYear"": null}, {""nconst"": ""nm11335918"", ""normalized_name"": ""stephane roche"", ""normalized_name_with_nickname"": null, ""primaryName"": ""St\u00e9phane Roche"", ""primaryProfession"": ""producer"", ""birthYear"": null, ""deathYear"": null}, {""nconst"": ""nm12121507"", ""normalized_name"": ""stephane roche"", ""normalized_name_with_nickname"": null, ""primaryName"": ""St\u00e9phane Roche"", ""primaryProfession"": ""assistant_director"", ""birthYear"": null, ""deathYear"": null}, {""nconst"": ""nm1920230"", ""normalized_name"": ""stephane roche"", ""normalized_name_with_nickname"": null, ""primaryName"": ""St\u00e9phane Roch\u00e9"", ""primaryProfession"": ""sound_department,composer"", ""birthYear"": 1981, ""deathYear"": null}, {""nconst"": ""nm2717663"", ""normalized_name"": ""stephane roche"", ""normalized_name_with_nickname"": null, ""primaryName"": ""St\u00e9phane Roche"", ""primaryProfession"": ""editor,director,actor"", ""birthYear"": null, ""deathYear"": null}]",,"{""timestamp"": ""2026-10-03T14:57:31.930564+00:00"", ""model"": ""gemma-4-12b-it-qat-q4_0.gguf"", ""api_version"": null}"
1136,Persepolis,"scene_007_scroll_000_num01932_sim0.jpg,scene_009_scroll_000_num01982_sim0.jpg",Visual Effects,,JEAN-YVES CASTILLON,COMPOSITING AFTER EFFECTS,Visual Effects,,first_half,"1932,1982",pending,1,jean yves castillon,,nm3015270,auto_assigned,,Jean-Yves Castillon,"{""timestamp"": ""2026-10-03T14:57:31.930564+00:00"", ""model"": ""gemma-4-12b-it-qat-q4_0.gguf"", ""api_version"": null}"
1137,Persepolis,"scene_007_scroll_000_num01932_sim0.jpg,scene_009_scroll_000_num01982_sim0.jpg",Visual Effects,,JEAN-PAUL GUIGUE,COMPOSITING AFTER EFFECTS,Visual Effects,,first_half,"1932,1982",pending,1,jean paul guigue,,,manual_required,"[{""nconst"": ""nm5864952"", ""normalized_name"": ""jean paul guigue"", ""normalized_name_with_nickname"": null, ""primaryName"": ""Jean-Paul Guigue"", ""primaryProfession"": ""director,actor,animation_department"", ""birthYear"": null, ""deathYear"": null}, {""nconst"": ""nm9480635"", ""normalized_name"": ""jean paul guigue"", ""normalized_name_with_nickname"": null, ""primaryName"": ""Jean-Paul Guigue"", ""primaryProfession"": ""actor"", ""birthYear"": null, ""deathYear"": null}]",,"{""timestamp"": ""2026-10-03T14:57:31.930564+00:00"", ""model"": ""gemma-4-12b-it-qat-q4_0.gguf"", ""api_version"": null}"
1138,Persepolis,"scene_007_scroll_000_num01932_sim0.jpg,scene_009_scroll_000_num01982_sim0.jpg",Visual Effects,,SERGE CRESTE,COMPOSITING AFTER EFFECTS,Visual Effects,,first_half,"1932,1982",pending,1,serge creste,,nm5205033,auto_assigned,,Serge Creste,"{""timestamp"": ""2026-10-03T14:57:31.930564+00:00"", ""model"": ""gemma-4-12b-it-qat-q4_0.gguf"", ""api_version"": null}"
1139,Persepolis,"scene_007_scroll_000_num01932_sim0.jpg,scene_009_scroll_000_num01982_sim0.jpg",Visual Effects,,FRANÇOIS LEROY,COMPOSITING AFTER EFFECTS,Visual Effects,,first_half,"1932,1982",pending,1,francois leroy,,,manual_required,"[{""nconst"": ""nm1461549"", ""normalized_name"": ""francois leroy"", ""normalized_name_with_nickname"": null, ""primaryName"": ""Fran\u00e7ois Leroy"", ""primaryProfession"": ""animation_department,director,writer"", ""birthYear"": null, ""deathYear"": null}]",,"{""timestamp"": ""2026-10-03T14:57:31.930564+00:00"", ""model"": ""gemma-4-12b-it-qat-q4_0.gguf"", ""api_version"": null}"
1140,Persepolis,scene_007_scroll_000_num01932_sim0.jpg,Visual Effects,,DANIEN GUARDON,COMPOSITING AFTER EFFECTS,Visual Effects,,first_half,1932,pending,1,danien guardon,,gp0000358,internal_assigned,,,"{""timestamp"": ""2026-10-03T14:57:31.930564+00:00"", ""model"": ""gemma-4-12b-it-qat-q4_0.gguf"", ""api_version"": null}"
1141,Persepolis,scene_008_scroll_000_num01955_sim0.jpg,Visual Effects,,CAPRON,OPÉRATEURS SCAN,Visual Effects,,first_half,1955,pending,1,capron,"""jimmy"" capron",gp0000356,internal_assigned,,,"{""timestamp"": ""2026-10-03T14:57:31.930564+00:00"", ""model"": ""gemma-4-12b-it-qat-q4_0.gguf"", ""api_version"": null}"
1142,Persepolis,"scene_008_scroll_000_num01955_sim0.jpg,scene_010_scroll_000_num02009_sim0.jpg",Editors,,STÉPHANE ROCHE,CHEF MONTEUR,Editors,,first_half,"1955,2009",pending,1,stephane roche,,nm2717663,auto_assigned,,Stéphane Roche,"{""timestamp"": ""2026-10-03T14:57:31.930564+00:00"", ""model"": ""gemma-4-12b-it-qat-q4_0.gguf"", ""api_version"": null}"
1143,Persepolis,"scene_008_scroll_000_num01955_sim0.jpg,scene_010_scroll_000_num02009_sim0.jpg",Editors,,FRANÇOIS NABOS,MONTAGE,Editors,,first_half,"1955,2009",pending,1,francois nabos,,nm3612109,auto_assigned,,François Nabos,"{""timestamp"": ""2026-10-03T14:57:31.930564+00:00"", ""model"": ""gemma-4-12b-it-qat-q4_0.gguf"", ""api_version"": null}"
1144,Persepolis,scene_009_scroll_000_num01982_sim0.jpg,Color Department,,LARA BELLINI,MISE EN COULEURS,Color Department,,first_half,1982,pending,1,lara bellini,,nm17753472,auto_assigned,,Lara Bellini,"{""timestamp"": ""2026-10-03T14:57:31.930564+00:00"", ""model"": ""gemma-4-12b-it-qat-q4_0.gguf"", ""api_version"": null}"
1145,Persepolis,scene_009_scroll_000_num01982_sim0.jpg,Color Department,,GERALDINE LE MOIGNE,MISE EN COULEURS,Color Department,,first_half,1982,pending,1,geraldine le moigne,,nm14361016,auto_assigned,,Géraldine Le Moigne,"{""timestamp"": ""2026-10-03T14:57:31.930564+00:00"", ""model"": ""gemma-4-12b-it-qat-q4_0.gguf"", ""api_version"": null}"
1146,Persepolis,scene_009_scroll_000_num01982_sim0.jpg,Color Department,,ARNAUD MORITZ,MISE EN COULEURS,Color Department,,first_half,1982,pending,1,arnaud moritz,,nm8478337,auto_assigned,,Arnaud Moritz,"{""timestamp"": ""2026-10-03T14:57:31.930564+00:00"", ""model"": ""gemma-4-12b-it-qat-q4_0.gguf"", ""api_version"": null}"
1147,Persepolis,scene_009_scroll_000_num01982_sim0.jpg,Visual Effects,,DAMIEN GAILLARDON,COMPOSITING AFTER EFFECTS,Visual Effects,,first_half,1982,pending,1,damien gaillardon,,nm4076210,auto_assigned,,Damien Gaillardon,"{""timestamp"": ""2026-10-03T14:57:31.930564+00:00"", ""model"": ""gemma-4-12b-it-qat-q4_0.gguf"", ""api_version"": null}"
1148,Persepolis,"scene_009_scroll_000_num01982_sim0.jpg,scene_010_scroll_001_num02159_sim0.jpg",Cinematographers,,FRANÇOIS GIRARD,PHOTOGRAPHE,Cinematographers,,first_half,"1982,2159",pending,1,francois girard,,,manual_required,"[{""nconst"": ""nm0320660"", ""normalized_name"": ""francois girard"", ""normalized_name_with_nickname"": null, ""primaryName"": ""Fran\u00e7ois Girard"", ""primaryProfession"": ""director,writer,music_department"", ""birthYear"": 1963, ""deathYear"": null}, {""nconst"": ""nm0320779"", ""normalized_name"": ""francois girard"", ""normalized_name_with_nickname"": null, ""primaryName"": ""Francois Girard"", ""primaryProfession"": ""composer,music_department"", ""birthYear"": null, ""deathYear"": 2002}, {""nconst"": ""nm12715214"", ""normalized_name"": ""francois girard"", ""normalized_name_with_nickname"": null, ""primaryName"": ""Fran\u00e7ois Girard"", ""primaryProfession"": ""actor"", ""birthYear"": null, ""deathYear"": null}, {""nconst"": ""nm13574049"", ""normalized_name"": ""francois girard"", ""normalized_name_with_nickname"": null, ""primaryName"": ""Fran\u00e7ois Girard"", ""primaryProfession"": ""visual_effects"", ""birthYear"": null, ""deathYear"": null}, {""nconst"": ""nm1578571"", ""normalized_name"": ""francois girard"", ""normalized_name_with_nickname"": null, ""primaryName"": ""Fran\u00e7ois Girard"", ""primaryProfession"": ""production_designer,set_decorator,camera_department"", ""birthYear"": null, ""deathYear"": null}, {""nconst"": ""nm15826458"", ""normalized_name"": ""francois girard"", ""normalized_name_with_nickname"": null, ""primaryName"": ""Fran\u00e7ois Girard"", ""primaryProfession"": ""actor"", ""birthYear"": null, ""deathYear"": null}, {""nconst"": ""nm4230240"", ""normalized_name"": ""francois girard"", ""normalized_name_with_nickname"": null, ""primaryName"": ""Fran\u00e7ois Girard"", ""primaryProfession"": ""actor,stunts,director"", ""birthYear"": null, ""deathYear"": null}, {""nconst"": ""nm5206149"", ""normalized_name"": ""francois girard"", ""normalized_name_with_nickname"": null, ""primaryName"": ""Fran\u00e7ois Girard"", ""primaryProfession"": ""animation_department"", ""birthYear"": null, ""deathYear"": null}]",,"{""timestamp"": ""2026-10-03T14:57:31.930564+00:00"", ""model"": ""gemma-4-12b-it-qat-q4_0.gguf"", ""api_version"": null}"
1149,Persepolis,scene_010_scroll_000_num02009_sim0.jpg,Production Department,,LAURENCE MÉOC,ASSISTANTE DE PRODUCTION 2.4.7. FILMS,Production Department,,first_half,2009,pending,1,laurence meoc,,nm1574083,auto_assigned,,Laurence Méoc,"{""timestamp"": ""2026-10-03T14:57:31.930564+00:00"", ""model"": ""gemma-4-12b-it-qat-q4_0.gguf"", ""api_version"": null}"
1150,Persepolis,scene_010_scroll_001_num02159_sim0.jpg,Editorial Department,,CHRISTINA CRASSARIS,DIRECTRICE DE LA POSTPRODUCTION,Editorial Department,,first_half,2159,pending,1,christina crassaris,,nm1132099,auto_assigned,,Christina Crassaris,"{""timestamp"": ""2026-10-03T14:57:31.930564+00:00"", ""model"": ""gemma-4-12b-it-qat-q4_0.gguf"", ""api_version"": null}"
1151,Persepolis,scene_010_scroll_001_num02159_sim0.jpg,Editorial Department,,FABIEN GUIGOU,ASSISTÉE DE,Editorial Department,,first_half,2159,pending,1,fabien guigou,,,manual_required,"[{""nconst"": ""nm2134834"", ""normalized_name"": ""fabien guigou"", ""normalized_name_with_nickname"": null, ""primaryName"": ""Fabien Guigou"", ""primaryProfession"": ""production_manager"", ""birthYear"": null, ""deathYear"": null}]",,"{""timestamp"": ""2026-10-03T14:57:31.930564+00:00"", ""model"": ""gemma-4-12b-it-qat-q4_0.gguf"", ""api_version"": null}"
1152,Persepolis,scene_010_scroll_001_num02159_sim0.jpg,Miscellaneous Companies,,Magnitex,TRAVAUX SONORES SUPERVISÉS PAR,Miscellaneous Companies,,first_half,2159,pending,0,magnitex,,cm0000102,internal_assigned,,,"{""timestamp"": ""2026-10-03T14:57:31.930564+00:00"", ""model"": ""gemma-4-12b-it-qat-q4_0.gguf"", ""api_version"": null}"
1153,Persepolis,"scene_010_scroll_001_num02159_sim0.jpg,scene_012_scroll_000_num02321_sim0.jpg",Sound Department,,THIERRY LEBON,ENREGISTREMENT DES VOIX ET MIXAGE RÉALISÉS PAR,Sound Department,,first_half,"2159,2321",pending,1,thierry lebon,,,ambiguous,"[{""nconst"": ""nm0495814"", ""normalized_name"": ""thierry lebon"", ""normalized_name_with_nickname"": null, ""primaryName"": ""Thierry Lebon"", ""primaryProfession"": ""sound_department,music_department"", ""birthYear"": null, ""deathYear"": null}, {""nconst"": ""nm7678051"", ""normalized_name"": ""thierry lebon"", ""normalized_name_with_nickname"": null, ""primaryName"": ""Thierry Lebon"", ""primaryProfession"": ""sound_department"", ""birthYear"": null, ""deathYear"": null}]",,"{""timestamp"": ""2026-10-03T14:57:31.930564+00:00"", ""model"": ""gemma-4-12b-it-qat-q4_0.gguf"", ""api_version"": null}"
1154,Persepolis,"scene_010_scroll_001_num02159_sim0.jpg,scene_011_scroll_000_num02252_sim0.jpg,scene_012_scroll_000_num02321_sim0.jpg",Sound Department,,SAMY BARDET,ENREGISTREMENT DES VOIX ET MIXAGE RÉALISÉS PAR,Sound Department,,first_half,"2159,2252,2321",pending,1,samy bardet,,nm1161812,auto_assigned,,Samy Bardet,"{""timestamp"": ""2026-10-03T14:57:31.930564+00:00"", ""model"": ""gemma-4-12b-it-qat-q4_0.gguf"", ""api_version"": null}"
1155,Persepolis,scene_011_scroll_000_num02252_sim0.jpg,Sound Department,,ERIC CHEVALLIER,MONTAGE SON,Sound Department,,second_half,2252,pending,1,eric chevallier,,nm0156685,auto_assigned,,Eric Chevallier,"{""timestamp"": ""2026-10-03T14:57:31.930564+00:00"", ""model"": ""gemma-4-12b-it-qat-q4_0.gguf"", ""api_version"": null}"
1156,Persepolis,scene_011_scroll_000_num02252_sim0.jpg,Sound Department,,JEAN-PHILIPPE CALLET,OPÉRATEUR AUDITORIUM,Sound Department,,second_half,2252,pending,1,jean philippe callet,,nm1317563,auto_assigned,,Jean-Philippe Callet,"{""timestamp"": ""2026-10-03T14:57:31.930564+00:00"", ""model"": ""gemma-4-12b-it-qat-q4_0.gguf"", ""api_version"": null}"
1157,Persepolis,scene_011_scroll_000_num02252_sim0.jpg,Sound Department,,JEAN-ALEXANDER VILLEMER,OPÉRATEUR AUDITORIUM,Sound Department,,second_half,2252,pending,1,jean alexander villemer,,nm1787305,auto_assigned,,Jean-Alexandre Villemer,"{""timestamp"": ""2026-10-03T14:57:31.930564+00:00"", ""model"": ""gemma-4-12b-it-qat-q4_0.gguf"", ""api_version"": null}"
1158,Persepolis,scene_011_scroll_000_num02252_sim0.jpg,Sound Department,,JOHANN NALLET,OPÉRATEUR AUDITORIUM,Sound Department,,second_half,2252,pending,1,johann nallet,,nm1976628,auto_assigned,,Johann Nallet,"{""timestamp"": ""2026-10-03T14:57:31.930564+00:00"", ""model"": ""gemma-4-12b-it-qat-q4_0.gguf"", ""api_version"": null}"
1159,Persepolis,scene_011_scroll_000_num02252_sim0.jpg,Sound Department,,PHILIPPE PENOT,BRUTAGE,Sound Department,,second_half,2252,pending,1,philippe penot,,nm0672270,auto_assigned,,Philippe Penot,"{""timestamp"": ""2026-10-03T14:57:31.930564+00:00"", ""model"": ""gemma-4-12b-it-qat-q4_0.gguf"", ""api_version"": null}"
1160,Persepolis,scene_011_scroll_000_num02252_sim0.jpg,Sound Department,,JACQUES DEFRANCE,BRUTAGE,Sound Department,,second_half,2252,pending,1,jacques defrance,,nm2719682,auto_assigned,,Jacques Defrance,"{""timestamp"": ""2026-10-03T14:57:31.930564+00:00"", ""model"": ""gemma-4-12b-it-qat-q4_0.gguf"", ""api_version"": null}"
1161,Persepolis,scene_011_scroll_000_num02252_sim0.jpg,Miscellaneous Companies,,Studio,MUSIQUE ENREGISTRÉE AU STUDIO,Miscellaneous Companies,,second_half,2252,pending,0,studio,,cm0000107,internal_assigned,,,"{""timestamp"": ""2026-10-03T14:57:31.930564+00:00"", ""model"": ""gemma-4-12b-it-qat-q4_0.gguf"", ""api_version"": null}"
1162,Persepolis,scene_012_scroll_000_num02321_sim0.jpg,Composers,,OLIVIER BERNET,"Musique originale composée, orchestrée et dirigée par",Composers,,second_half,2321,pending,1,olivier bernet,,nm1937991,auto_assigned,,Olivier Bernet,"{""timestamp"": ""2026-10-03T14:57:31.930564+00:00"", ""model"": ""gemma-4-12b-it-qat-q4_0.gguf"", ""api_version"": null}"
1163,Persepolis,"scene_012_scroll_000_num02321_sim0.jpg,scene_012_scroll_001_num02471_sim0.jpg",Soundtrack,,JAMES PETERIK,"""EYE OF THE TIGER""",Soundtrack,,second_half,"2321,2471",pending,1,james peterik,,,ambiguous,"[{""nconst"": ""nm1053322"", ""normalized_name"": ""peter james"", ""normalized_name_with_nickname"": null, ""primaryName"": ""Peter James"", ""primaryProfession"": ""actor,stunts,miscellaneous"", ""birthYear"": null, ""deathYear"": null, ""fuzzy_similarity"": ""92"", ""matched_string"": ""peter james""}, {""nconst"": ""nm2582474"", ""normalized_name"": ""james petrick"", ""normalized_name_with_nickname"": null, ""primaryName"": ""James Petrick"", ""primaryProfession"": ""miscellaneous"", ""birthYear"": null, ""deathYear"": null, ""fuzzy_similarity"": ""92"", ""matched_string"": ""james petrick""}, {""nconst"": ""nm3246697"", ""normalized_name"": ""peter james"", ""normalized_name_with_nickname"": null, ""primaryName"": ""Peter James"", ""primaryProfession"": ""production_department,miscellaneous"", ""birthYear"": null, ""deathYear"": null, ""fuzzy_similarity"": ""92"", ""matched_string"": ""peter james""}, {""nconst"": ""nm4347490"", ""normalized_name"": ""peter james"", ""normalized_name_with_nickname"": null, ""primaryName"": ""Peter James"", ""primaryProfession"": ""music_department"", ""birthYear"": null, ""deathYear"": null, ""fuzzy_similarity"": ""92"", ""matched_string"": ""peter james""}, {""nconst"": ""nm5508326"", ""normalized_name"": ""james petranik"", ""normalized_name_with_nickname"": null, ""primaryName"": ""James Petranik"", ""primaryProfession"": ""camera_department,sound_department,miscellaneous"", ""birthYear"": null, ""deathYear"": null, ""fuzzy_similarity"": ""89"", ""matched_string"": ""james petranik""}, {""nconst"": ""nm12472403"", ""normalized_name"": ""james pelter"", ""normalized_name_with_nickname"": null, ""primaryName"": ""James Pelter"", ""primaryProfession"": ""visual_effects,art_department,miscellaneous"", ""birthYear"": null, ""deathYear"": null, ""fuzzy_similarity"": ""88"", ""matched_string"": ""james pelter""}, {""nconst"": ""nm12590693"", ""normalized_name"": ""james petrie"", ""normalized_name_with_nickname"": null, ""primaryName"": ""James Petrie"", ""primaryProfession"": ""music_department,soundtrack"", ""birthYear"": null, ""deathYear"": null, ""fuzzy_similarity"": ""88"", ""matched_string"": ""james petrie""}, {""nconst"": ""nm13707111"", ""normalized_name"": ""james peters"", ""normalized_name_with_nickname"": null, ""primaryName"": ""James Peters"", ""primaryProfession"": ""miscellaneous"", ""birthYear"": null, ""deathYear"": null, ""fuzzy_similarity"": ""88"", ""matched_string"": ""james peters""}, {""nconst"": ""nm1405698"", ""normalized_name"": ""james peters"", ""normalized_name_with_nickname"": null, ""primaryName"": ""James Peters"", ""primaryProfession"": ""animation_department,art_department,miscellaneous"", ""birthYear"": null, ""deathYear"": null, ""fuzzy_similarity"": ""88"", ""matched_string"": ""james peters""}, {""nconst"": ""nm2119652"", ""normalized_name"": ""james peters"", ""normalized_name_with_nickname"": null, ""primaryName"": ""James Peters"", ""primaryProfession"": ""production_department,miscellaneous"", ""birthYear"": null, ""deathYear"": null, ""fuzzy_similarity"": ""88"", ""matched_string"": ""james peters""}]",,"{""timestamp"": ""2026-10-03T14:57:31.930564+00:00"", ""model"": ""gemma-4-12b-it-qat-q4_0.gguf"", ""api_version"": null}"
1164,Persepolis,"scene_012_scroll_000_num02321_sim0.jpg,scene_012_scroll_001_num02471_sim0.jpg",Soundtrack,,FRANCK SULLIVAN III,"""EYE OF THE TIGER""",Soundtrack,,second_half,"2321,2471",pending,1,franck sullivan iii,,gp0000359,internal_assigned,,,"{""timestamp"": ""2026-10-03T14:57:31.930564+00:00"", ""model"": ""gemma-4-12b-it-qat-q4_0.gguf"", ""api_version"": null}"
1165,Persepolis,scene_012_scroll_000_num02321_sim0.jpg,Miscellaneous Companies,,amanitarecords,amanitarecords,Miscellaneous Companies,,second_half,2321,pending,0,amanitarecords,,cm0000111,internal_assigned,,,"{""timestamp"": ""2026-10-03T14:57:31.930564+00:00"", ""model"": ""gemma-4-12b-it-qat-q4_0.gguf"", ""api_version"": null}"
1166,Persepolis,scene_012_scroll_001_num02471_sim0.jpg,Soundtrack,,CHARA MASTROVANNI,INTERPRÉTÉE PAR,Soundtrack,,second_half,2471,pending,1,chara mastrovanni,,gp0000357,internal_assigned,,,"{""timestamp"": ""2026-10-03T14:57:31.930564+00:00"", ""model"": ""gemma-4-12b-it-qat-q4_0.gguf"", ""api_version"": null}"
1167,Persepolis,scene_012_scroll_001_num02471_sim0.jpg,Soundtrack,,OLIVIER BERNET,ARRANGEMENTS PAR,Soundtrack,,second_half,2471,pending,1,olivier bernet,,nm1937991,auto_assigned,,Olivier Bernet,"{""timestamp"": ""2026-10-03T14:57:31.930564+00:00"", ""model"": ""gemma-4-12b-it-qat-q4_0.gguf"", ""api_version"": null}"
1168,Persepolis,scene_012_scroll_001_num02471_sim0.jpg,Soundtrack,,JOHANN STRAUSS,"""MARCHE PERSANNE""",Soundtrack,,second_half,2471,pending,1,johann strauss,,,ambiguous,"[{""nconst"": ""nm0006310"", ""normalized_name"": ""johann strauss"", ""normalized_name_with_nickname"": null, ""primaryName"": ""Johann Strauss"", ""primaryProfession"": ""music_department,composer,writer"", ""birthYear"": 1825, ""deathYear"": 1899}, {""nconst"": ""nm17180511"", ""normalized_name"": ""johann strauss"", ""normalized_name_with_nickname"": null, ""primaryName"": ""Johann Strauss"", ""primaryProfession"": ""composer"", ""birthYear"": null, ""deathYear"": null}]",,"{""timestamp"": ""2026-10-03T14:57:31.930564+00:00"", ""model"": ""gemma-4-12b-it-qat-q4_0.gguf"", ""api_version"": null}"
1169,Persepolis,scene_012_scroll_001_num02471_sim0.jpg,Soundtrack,,MARIANE SATRAPI,CHANSON DU GÉNÉRIQUE DE FIN INTERPRÉTÉE PAR,Soundtrack,,second_half,2471,pending,1,mariane satrapi,,gp0000371,internal_assigned,,,"{""timestamp"": ""2026-10-03T14:57:31.930564+00:00"", ""model"": ""gemma-4-12b-it-qat-q4_0.gguf"", ""api_version"": null}"
1170,Persepolis,"scene_013_scroll_000_num02616_sim0.jpg,scene_013_scroll_001_num02766_sim0.jpg",Music Department,,OLIVIER BERNET,ORCHESTRATION,Music Department,,second_half,"2616,2766",pending,1,olivier bernet,,nm1937991,auto_assigned,,Olivier Bernet,"{""timestamp"": ""2026-10-03T14:57:31.930564+00:00"", ""model"": ""gemma-4-12b-it-qat-q4_0.gguf"", ""api_version"": null}"
1171,Persepolis,scene_013_scroll_000_num02616_sim0.jpg,Sound Department,,STÉPHANE KRIEGER,PRISE DE SON ET MIXAGE,Sound Department,,second_half,2616,pending,1,stephane krieger,,,manual_required,"[{""nconst"": ""nm14361024"", ""normalized_name"": ""stephane krieger"", ""normalized_name_with_nickname"": null, ""primaryName"": ""St\u00e9phane Krieger"", ""primaryProfession"": ""music_department"", ""birthYear"": null, ""deathYear"": null}]",,"{""timestamp"": ""2026-10-03T14:57:31.930564+00:00"", ""model"": ""gemma-4-12b-it-qat-q4_0.gguf"", ""api_version"": null}"
1172,Persepolis,scene_013_scroll_000_num02616_sim0.jpg,Sound Department,,CHRISTIAN ADURIZ,PRISE DE SON ET MIXAGE,Sound Department,,second_half,2616,pending,1,christian aduriz,,,manual_required,"[{""nconst"": ""nm17753479"", ""normalized_name"": ""christian aduriz"", ""normalized_name_with_nickname"": null, ""primaryName"": ""Christian Aduriz"", ""primaryProfession"": ""music_department"", ""birthYear"": null, ""deathYear"": null}]",,"{""timestamp"": ""2026-10-03T14:57:31.930564+00:00"", ""model"": ""gemma-4-12b-it-qat-q4_0.gguf"", ""api_version"": null}"
1173,Persepolis,scene_013_scroll_000_num02616_sim0.jpg,Music Department,,MAITANE SÉBASTIAN,"MUSICIENS : VIOLONCELLE, VOIX",Music Department,,second_half,2616,pending,1,maitane sebastian,,nm0780959,auto_assigned,,Maitane Sebastian,"{""timestamp"": ""2026-10-03T14:57:31.930564+00:00"", ""model"": ""gemma-4-12b-it-qat-q4_0.gguf"", ""api_version"": null}"
1174,Persepolis,scene_013_scroll_000_num02616_sim0.jpg,Music Department,,SOPHIE BOUSQUET,"MUSICIENS : FLÛTE TRAVERSIÈRE, FLÛTE BASSE",Music Department,,second_half,2616,pending,1,sophie bousquet,,nm3462834,auto_assigned,,Sophie Bousquet,"{""timestamp"": ""2026-10-03T14:57:31.930564+00:00"", ""model"": ""gemma-4-12b-it-qat-q4_0.gguf"", ""api_version"": null}"
1175,Persepolis,scene_013_scroll_000_num02616_sim0.jpg,Music Department,,MARIANNE EVA LECLER,MUSICIENS : HARPE,Music Department,,second_half,2616,pending,1,marianne eva lecler,,nm3462079,auto_assigned,,Marianne Eva Lecler,"{""timestamp"": ""2026-10-03T14:57:31.930564+00:00"", ""model"": ""gemma-4-12b-it-qat-q4_0.gguf"", ""api_version"": null}"
1176,Persepolis,scene_013_scroll_000_num02616_sim0.jpg,Music Department,,GILLES RUPERT,"MUSICIENS : VIOLON, VIOLON ALTO",Music Department,,second_half,2616,pending,1,gilles rupert,,nm14361019,auto_assigned,,Gilles Rupert,"{""timestamp"": ""2026-10-03T14:57:31.930564+00:00"", ""model"": ""gemma-4-12b-it-qat-q4_0.gguf"", ""api_version"": null}"
1177,Persepolis,scene_013_scroll_000_num02616_sim0.jpg,Music Department,,BENOÎT GUERIN,"MUSICIENS : BATTERIE, XYLOPHONE",Music Department,,second_half,2616,pending,1,benoit guerin,,nm14361018,auto_assigned,,Benoît Guerin,"{""timestamp"": ""2026-10-03T14:57:31.930564+00:00"", ""model"": ""gemma-4-12b-it-qat-q4_0.gguf"", ""api_version"": null}"
1178,Persepolis,scene_013_scroll_000_num02616_sim0.jpg,Music Department,,CÉDRIC PRIVÉ,MUSICIENS : VIOLON,Music Department,,second_half,2616,pending,1,cedric prive,,nm14361020,auto_assigned,,Cédric Privé,"{""timestamp"": ""2026-10-03T14:57:31.930564+00:00"", ""model"": ""gemma-4-12b-it-qat-q4_0.gguf"", ""api_version"": null}"
1179,Persepolis,scene_013_scroll_000_num02616_sim0.jpg,Music Department,,GILLES LAHONDA,MUSICIENS : GUITARE ACOUSTIQUE & ÉLECTRIQUE,Music Department,,second_half,2616,pending,1,gilles lahonda,,nm14361021,auto_assigned,,Gilles Lahonda,"{""timestamp"": ""2026-10-03T14:57:31.930564+00:00"", ""model"": ""gemma-4-12b-it-qat-q4_0.gguf"", ""api_version"": null}"
1180,Persepolis,scene_013_scroll_000_num02616_sim0.jpg,Music Department,,STÉPHANE GARIN,"MUSICIENS : PERCUSSIONS, BATTERIE",Music Department,,second_half,2616,pending,1,stephane garin,,nm3432623,auto_assigned,,Stéphane Garin,"{""timestamp"": ""2026-10-03T14:57:31.930564+00:00"", ""model"": ""gemma-4-12b-it-qat-q4_0.gguf"", ""api_version"": null}"
1181,Persepolis,scene_013_scroll_000_num02616_sim0.jpg,Music Department,,JUANA ETECHEGOIN,MUSICIENS : FLÛTE,Music Department,,second_half,2616,pending,1,juana etechegoin,,nm14361022,auto_assigned,,Juana Etchegoin,"{""timestamp"": ""2026-10-03T14:57:31.930564+00:00"", ""model"": ""gemma-4-12b-it-qat-q4_0.gguf"", ""api_version"": null}"
1182,Persepolis,"scene_013_scroll_000_num02616_sim0.jpg,scene_013_scroll_001_num02766_sim0.jpg",Music Department,,PIERRE BLANCHOT,"MUSICIENS : ZARB, ZARB, SANTUR",Music Department,,second_half,"2616,2766",pending,1,pierre blanchot,,,ambiguous,"[{""nconst"": ""nm14361023"", ""normalized_name"": ""pierre blanchut"", ""normalized_name_with_nickname"": null, ""primaryName"": ""Pierre Blanchut"", ""primaryProfession"": ""music_department"", ""birthYear"": null, ""deathYear"": null, ""fuzzy_similarity"": ""93"", ""matched_string"": ""pierre blanchut""}, {""nconst"": ""nm5397077"", ""normalized_name"": ""pierre manchot"", ""normalized_name_with_nickname"": null, ""primaryName"": ""Pierre Manchot"", ""primaryProfession"": ""composer,music_department"", ""birthYear"": null, ""deathYear"": null, ""fuzzy_similarity"": ""90"", ""matched_string"": ""pierre manchot""}]",,"{""timestamp"": ""2026-10-03T14:57:31.930564+00:00"", ""model"": ""gemma-4-12b-it-qat-q4_0.gguf"", ""api_version"": null}"
1183,Persepolis,scene_013_scroll_001_num02766_sim0.jpg,Music Department,,XAVIER HAVET,CONTREBASSE,Music Department,,second_half,2766,pending,1,xavier havet,,nm3463080,auto_assigned,,Xavier Hayet,"{""timestamp"": ""2026-10-03T14:57:31.930564+00:00"", ""model"": ""gemma-4-12b-it-qat-q4_0.gguf"", ""api_version"": null}"
1184,Persepolis,scene_013_scroll_001_num02766_sim0.jpg,Music Department,,STÉPHANE KRIEGER,GUITARE BARITONE,Music Department,,second_half,2766,pending,1,stephane krieger,,nm14361024,auto_assigned,,Stéphane Krieger,"{""timestamp"": ""2026-10-03T14:57:31.930564+00:00"", ""model"": ""gemma-4-12b-it-qat-q4_0.gguf"", ""api_version"": null}"
1185,Persepolis,scene_013_scroll_001_num02766_sim0.jpg,Music Department,,VICTOR MARCO,GUITARE ÉLECTRIQUE,Music Department,,second_half,2766,pending,1,victor marco,,nm3432534,auto_assigned,,Victor Marco,"{""timestamp"": ""2026-10-03T14:57:31.930564+00:00"", ""model"": ""gemma-4-12b-it-qat-q4_0.gguf"", ""api_version"": null}"
1186,Persepolis,scene_013_scroll_001_num02766_sim0.jpg,Music Department,,VINCENT PARONNAUD,"BASSE, VOIX",Music Department,,second_half,2766,pending,1,vincent paronnaud,,,manual_required,"[{""nconst"": ""nm1749112"", ""normalized_name"": ""vincent paronnaud"", ""normalized_name_with_nickname"": null, ""primaryName"": ""Vincent Paronnaud"", ""primaryProfession"": ""writer,director,art_department"", ""birthYear"": 1970, ""deathYear"": null}]",,"{""timestamp"": ""2026-10-03T14:57:31.930564+00:00"", ""model"": ""gemma-4-12b-it-qat-q4_0.gguf"", ""api_version"": null}"
1187,Persepolis,scene_013_scroll_001_num02766_sim0.jpg,Music Department,,STEVE ARTUR,PROGRAMMATIONS,Music Department,,second_half,2766,pending,1,steve artur,,nm14361025,auto_assigned,,Steve Artur,"{""timestamp"": ""2026-10-03T14:57:31.930564+00:00"", ""model"": ""gemma-4-12b-it-qat-q4_0.gguf"", ""api_version"": null}"
1188,Persepolis,scene_013_scroll_001_num02766_sim0.jpg,Music Department,,JEAN-CHRISTOPHE POURCEL,ORGUE,Music Department,,second_half,2766,pending,1,jean christophe pourcel,,nm14361026,auto_assigned,,Jean-Christophe Pourcel,"{""timestamp"": ""2026-10-03T14:57:31.930564+00:00"", ""model"": ""gemma-4-12b-it-qat-q4_0.gguf"", ""api_version"": null}"
1189,Persepolis,"scene_013_scroll_001_num02766_sim0.jpg,scene_015_scroll_000_num02908_sim0.jpg,scene_017_scroll_000_num02943_sim0.jpg",Color Department,,CHRISTIAN DUTAC,ÉTALONNEUR PHOTOCHIMIQUE,Color Department,,second_half,"2766,2908,2943",pending,1,christian dutac,,nm1265659,auto_assigned,,Christian Dutac,"{""timestamp"": ""2026-10-03T14:57:31.930564+00:00"", ""model"": ""gemma-4-12b-it-qat-q4_0.gguf"", ""api_version"": null}"
1190,Persepolis,scene_013_scroll_001_num02766_sim0.jpg,Editorial Department,,ANGÉLIQUE MUQUET,SUPERVISION DE POSTPRODUCTION,Editorial Department,,second_half,2766,pending,1,angelique muquet,,nm4019505,auto_assigned,,Angélique Muguet,"{""timestamp"": ""2026-10-03T14:57:31.930564+00:00"", ""model"": ""gemma-4-12b-it-qat-q4_0.gguf"", ""api_version"": null}"
1191,Persepolis,"scene_013_scroll_001_num02766_sim0.jpg,scene_015_scroll_000_num02908_sim0.jpg",Miscellaneous Companies,,L.T.C.,LABORATOIRES IMAGES,Miscellaneous Companies,,second_half,"2766,2908",pending,0,l t c,,cm0000101,internal_assigned,,,"{""timestamp"": ""2026-10-03T14:57:31.930564+00:00"", ""model"": ""gemma-4-12b-it-qat-q4_0.gguf"", ""api_version"": null}"
1192,Persepolis,"scene_013_scroll_001_num02766_sim0.jpg,scene_015_scroll_000_num02908_sim0.jpg",Miscellaneous Companies,,SCANLAB,LABORATOIRES IMAGES,Miscellaneous Companies,,second_half,"2766,2908",pending,0,scanlab,,cm0000105,internal_assigned,,,"{""timestamp"": ""2026-10-03T14:57:31.930564+00:00"", ""model"": ""gemma-4-12b-it-qat-q4_0.gguf"", ""api_version"": null}"
1193,Persepolis,"scene_014_scroll_000_num02869_sim0.jpg,scene_016_scroll_000_num02925_sim0.jpg",Production Department,,OLIVIER GRAVENHORST,CHARGÉ DE PROJET LTC,Production Department,,second_half,"2869,2925",pending,1,olivier gravenhorst,,nm3550608,auto_assigned,,Olivier Gravenhorst,"{""timestamp"": ""2026-10-03T14:57:31.930564+00:00"", ""model"": ""gemma-4-12b-it-qat-q4_0.gguf"", ""api_version"": null}"
1194,Persepolis,"scene_014_scroll_000_num02869_sim0.jpg,scene_016_scroll_000_num02925_sim0.jpg",Editorial Department,,CYRIL VONCK,SUPERVISION DE POSTPRODUCTION,Editorial Department,,second_half,"2869,2925",pending,1,cyril vonck,,,manual_required,"[{""nconst"": ""nm1881963"", ""normalized_name"": ""cyril vonck"", ""normalized_name_with_nickname"": null, ""primaryName"": ""Cyril Vonck"", ""primaryProfession"": ""visual_effects,production_manager,sound_department"", ""birthYear"": null, ""deathYear"": null}]",,"{""timestamp"": ""2026-10-03T14:57:31.930564+00:00"", ""model"": ""gemma-4-12b-it-qat-q4_0.gguf"", ""api_version"": null}"
1195,Persepolis,"scene_014_scroll_000_num02869_sim0.jpg,scene_016_scroll_000_num02925_sim0.jpg",Production Department,,BENOÎT HAY,CHARGÉS DE PROJET SCANLAB,Production Department,,second_half,"2869,2925",pending,1,benoit hay,,,manual_required,"[{""nconst"": ""nm3595925"", ""normalized_name"": ""benoit hay"", ""normalized_name_with_nickname"": null, ""primaryName"": ""Beno\u00eft Hay"", ""primaryProfession"": ""editorial_department"", ""birthYear"": null, ""deathYear"": null}]",,"{""timestamp"": ""2026-10-03T14:57:31.930564+00:00"", ""model"": ""gemma-4-12b-it-qat-q4_0.gguf"", ""api_version"": null}"
1196,Persepolis,"scene_014_scroll_000_num02869_sim0.jpg,scene_016_scroll_000_num02925_sim0.jpg",Production Department,,ANAÏ CABANES,CHARGÉS DE PROJET SCANLAB,Production Department,,second_half,"2869,2925",pending,1,anai cabanes,,,manual_required,"[{""nconst"": ""nm14158436"", ""normalized_name"": ""anai cabanes"", ""normalized_name_with_nickname"": null, ""primaryName"": ""Anai Cabanes"", ""primaryProfession"": ""editorial_department"", ""birthYear"": null, ""deathYear"": null}]",,"{""timestamp"": ""2026-10-03T14:57:31.930564+00:00"", ""model"": ""gemma-4-12b-it-qat-q4_0.gguf"", ""api_version"": null}"
1197,Persepolis,"scene_014_scroll_000_num02869_sim0.jpg,scene_016_scroll_000_num02925_sim0.jpg",Editorial Department,,PIERRE MADROLLES,OPÉRATEURS NUMÉRIQUE,Editorial Department,,second_half,"2869,2925",pending,1,pierre madrolles,,nm13704510,auto_assigned,,Pierre Madrolles,"{""timestamp"": ""2026-10-03T14:57:31.930564+00:00"", ""model"": ""gemma-4-12b-it-qat-q4_0.gguf"", ""api_version"": null}"
1198,Persepolis,"scene_014_scroll_000_num02869_sim0.jpg,scene_016_scroll_000_num02925_sim0.jpg",Editorial Department,,RUDY SIESS,OPÉRATEURS NUMÉRIQUE,Editorial Department,,second_half,"2869,2925",pending,1,rudy siess,,nm15180051,auto_assigned,,Rudy Siess,"{""timestamp"": ""2026-10-03T14:57:31.930564+00:00"", ""model"": ""gemma-4-12b-it-qat-q4_0.gguf"", ""api_version"": null}"
1199,Persepolis,scene_014_scroll_000_num02869_sim0.jpg,Miscellaneous Companies,,CIN ESTEREO,REPORT OPTIQUE,Miscellaneous Companies,,second_half,2869,pending,0,cin estereo,,cm0000098,internal_assigned,,,"{""timestamp"": ""2026-10-03T14:57:31.930564+00:00"", ""model"": ""gemma-4-12b-it-qat-q4_0.gguf"", ""api_version"": null}"
1200,Persepolis,"scene_014_scroll_000_num02869_sim0.jpg,scene_016_scroll_000_num02925_sim0.jpg",Additional Crew,,MARIE COGNÉ,MAKING OF,Additional Crew,,second_half,"2869,2925",pending,1,marie cogne,,nm2693206,auto_assigned,,Marie Cogne,"{""timestamp"": ""2026-10-03T14:57:31.930564+00:00"", ""model"": ""gemma-4-12b-it-qat-q4_0.gguf"", ""api_version"": null}"
1201,Persepolis,"scene_014_scroll_000_num02869_sim0.jpg,scene_016_scroll_000_num02925_sim0.jpg",Additional Crew,,SIMON SASTRE,,Additional Crew,,second_half,"2869,2925",pending,1,simon sastre,,nm1437412,auto_assigned,,Simon Sastre,"{""timestamp"": ""2026-10-03T14:57:31.930564+00:00"", ""model"": ""gemma-4-12b-it-qat-q4_0.gguf"", ""api_version"": null}"
1202,Persepolis,"scene_015_scroll_000_num02908_sim0.jpg,scene_017_scroll_000_num02943_sim0.jpg",Editorial Department,,ANGÉLIQUE MUGUET,SUPERVISION DE POSTPRODUCTION,Editorial Department,,second_half,"2908,2943",pending,1,angelique muguet,,nm4019505,auto_assigned,,Angélique Muguet,"{""timestamp"": ""2026-10-03T14:57:31.930564+00:00"", ""model"": ""gemma-4-12b-it-qat-q4_0.gguf"", ""api_version"": null}"
1203,Persepolis,scene_015_scroll_000_num02908_sim0.jpg,Production Finance and Accounting,,FRANCHE CONNECTION ANIMATIONS,CHEF COMPTABLE,Production Finance and Accounting,,second_half,2908,pending,0,franche connection animations,,cm0000100,internal_assigned,,,"{""timestamp"": ""2026-10-03T14:57:31.930564+00:00"", ""model"": ""gemma-4-12b-it-qat-q4_0.gguf"", ""api_version"": null}"
1204,Persepolis,"scene_016_scroll_000_num02925_sim0.jpg,scene_017_scroll_001_num03093_sim0.jpg",Production Finance and Accounting,,DELPHINE PORTHEAULT,CHEF COMPTABLE,Production Finance and Accounting,,second_half,"2925,3093",pending,1,delphine portheault,,nm17753477,auto_assigned,,Delphine Portheault,"{""timestamp"": ""2026-10-03T14:57:31.930564+00:00"", ""model"": ""gemma-4-12b-it-qat-q4_0.gguf"", ""api_version"": null}"
1205,Persepolis,scene_017_scroll_000_num02943_sim0.jpg,Production Finance and Accounting,,LATIFA BERHILI,COMPTABLES,Production Finance and Accounting,,second_half,2943,pending,1,latifa berhili,,nm17753478,auto_assigned,,Latifa Berhili,"{""timestamp"": ""2026-10-03T14:57:31.930564+00:00"", ""model"": ""gemma-4-12b-it-qat-q4_0.gguf"", ""api_version"": null}"
1206,Persepolis,scene_017_scroll_000_num02943_sim0.jpg,Production Finance and Accounting,,AUDREY MONTIS,COMPTABLES,Production Finance and Accounting,,second_half,2943,pending,1,audrey montis,,nm17753475,auto_assigned,,Audrey Montis,"{""timestamp"": ""2026-10-03T14:57:31.930564+00:00"", ""model"": ""gemma-4-12b-it-qat-q4_0.gguf"", ""api_version"": null}"
1207,Persepolis,scene_017_scroll_001_num03093_sim0.jpg,Production Finance and Accounting,,LAETITIA FERREIRA,COMPTABLES,Production Finance and Accounting,,second_half,3093,pending,1,laetitia ferreira,,nm17753483,auto_assigned,,Laetitia Ferreira,"{""timestamp"": ""2026-10-03T14:57:31.930564+00:00"", ""model"": ""gemma-4-12b-it-qat-q4_0.gguf"", ""api_version"": null}"
1208,Persepolis,scene_017_scroll_001_num03093_sim0.jpg,Production Finance and Accounting,,HATIKA VELASCO,COMPTABLES,Production Finance and Accounting,,second_half,3093,pending,1,hatika velasco,,nm17753457,auto_assigned,,Hatika Velasco,"{""timestamp"": ""2026-10-03T14:57:31.930564+00:00"", ""model"": ""gemma-4-12b-it-qat-q4_0.gguf"", ""api_version"": null}"
1209,Persepolis,scene_017_scroll_001_num03093_sim0.jpg,Production Finance and Accounting,,ANTONIO VELASCO,DIRECTEUR FINANCIER,Production Finance and Accounting,,second_half,3093,pending,1,antonio velasco,,,ambiguous,"[{""nconst"": ""nm0892247"", ""normalized_name"": ""antonio velasco"", ""normalized_name_with_nickname"": null, ""primaryName"": ""Antonio Velasco"", ""primaryProfession"": ""miscellaneous"", ""birthYear"": null, ""deathYear"": null}, {""nconst"": ""nm17676730"", ""normalized_name"": ""antonio velasco"", ""normalized_name_with_nickname"": null, ""primaryName"": ""Antonio Velasco"", ""primaryProfession"": ""miscellaneous"", ""birthYear"": null, ""deathYear"": null}, {""nconst"": ""nm17753461"", ""normalized_name"": ""antonio velasco"", ""normalized_name_with_nickname"": null, ""primaryName"": ""Antonio Velasco"", ""primaryProfession"": ""miscellaneous"", ""birthYear"": null, ""deathYear"": null}]",,"{""timestamp"": ""2026-10-03T14:57:31.930564+00:00"", ""model"": ""gemma-4-12b-it-qat-q4_0.gguf"", ""api_version"": null}"
1210,Persepolis,scene_017_scroll_001_num03093_sim0.jpg,Production Finance and Accounting,,BÉATRICE LEUNG,CONTRÔLE DE GESTION,Production Finance and Accounting,,second_half,3093,pending,1,beatrice leung,,nm17753474,auto_assigned,,Béatrice Leung,"{""timestamp"": ""2026-10-03T14:57:31.930564+00:00"", ""model"": ""gemma-4-12b-it-qat-q4_0.gguf"", ""api_version"": null}"
1211,Persepolis,scene_017_scroll_001_num03093_sim0.jpg,Production Department,,SYLVAIN LODOME,ACHATS,Production Department,,second_half,3093,pending,1,sylvain lodome,,nm17753468,auto_assigned,,Sylvain Lodome,"{""timestamp"": ""2026-10-03T14:57:31.930564+00:00"", ""model"": ""gemma-4-12b-it-qat-q4_0.gguf"", ""api_version"": null}"
1212,Persepolis,scene_017_scroll_001_num03093_sim0.jpg,Producers,,MARC JOUSSET,PRODUCTEUR EXÉCUTIF DE L'ANIMATION,Producers,,second_half,3093,pending,1,marc jousset,,nm1268946,auto_assigned,,Marc Jousset,"{""timestamp"": ""2026-10-03T14:57:31.930564+00:00"", ""model"": ""gemma-4-12b-it-qat-q4_0.gguf"", ""api_version"": null}"
1213,Persepolis,scene_017_scroll_001_num03093_sim0.jpg,Producers,,FRANCK EKINCI,PRODUCTEUR ASSOCIÉ,Producers,,second_half,3093,pending,1,franck ekinci,,nm1458457,auto_assigned,,Franck Ekinci,"{""timestamp"": ""2026-10-03T14:57:31.930564+00:00"", ""model"": ""gemma-4-12b-it-qat-q4_0.gguf"", ""api_version"": null}"
1214,Persepolis,scene_017_scroll_002_num03243_sim0.jpg,Miscellaneous Companies,,PUMPKIN-3D,PUMPKIN-3D,Miscellaneous Companies,,second_half,3243,pending,0,pumpkin 3d,,cm0000103,internal_assigned,,,"{""timestamp"": ""2026-10-03T14:57:31.930564+00:00"", ""model"": ""gemma-4-12b-it-qat-q4_0.gguf"", ""api_version"": null}"
1215,Persepolis,scene_017_scroll_002_num03243_sim0.jpg,Producers,,PASCAL CHEVÉ,PRODUCTEUR EXÉCUTIF DE L'ANIMATION,Producers,,second_half,3243,pending,1,pascal cheve,,,ambiguous,"[{""nconst"": ""nm2377515"", ""normalized_name"": ""pascal cheve"", ""normalized_name_with_nickname"": null, ""primaryName"": ""Pascal Chev\u00e9"", ""primaryProfession"": ""producer,production_manager"", ""birthYear"": null, ""deathYear"": null}, {""nconst"": ""nm3789523"", ""normalized_name"": ""pascal cheve"", ""normalized_name_with_nickname"": null, ""primaryName"": ""Pascal Chev\u00e9"", ""primaryProfession"": ""art_department,producer,miscellaneous"", ""birthYear"": null, ""deathYear"": null}, {""nconst"": ""nm4726036"", ""normalized_name"": ""pascal cheve"", ""normalized_name_with_nickname"": null, ""primaryName"": ""Pascal Chev\u00e9"", ""primaryProfession"": ""editor,producer"", ""birthYear"": null, ""deathYear"": null}]",,"{""timestamp"": ""2026-10-03T14:57:31.930564+00:00"", ""model"": ""gemma-4-12b-it-qat-q4_0.gguf"", ""api_version"": null}"
1216,Persepolis,scene_017_scroll_002_num03243_sim0.jpg,Producers,,LOUIS VIAU,PRODUCTEUR ASSOCIÉ,Producers,,second_half,3243,pending,1,louis viau,,,ambiguous,"[{""nconst"": ""nm5066436"", ""normalized_name"": ""louis viau"", ""normalized_name_with_nickname"": null, ""primaryName"": ""Louis Viau"", ""primaryProfession"": ""producer"", ""birthYear"": null, ""deathYear"": null}, {""nconst"": ""nm5119763"", ""normalized_name"": ""louis viau"", ""normalized_name_with_nickname"": null, ""primaryName"": ""Louis Viau"", ""primaryProfession"": ""producer,animation_department"", ""birthYear"": null, ""deathYear"": null}]",,"{""timestamp"": ""2026-10-03T14:57:31.930564+00:00"", ""model"": ""gemma-4-12b-it-qat-q4_0.gguf"", ""api_version"": null}"
1217,Persepolis,scene_017_scroll_002_num03243_sim0.jpg,Production Department,,LOÏC LE PAGE,RESPONSABLE R&D,Production Department,,second_half,3243,pending,1,loic le page,,,manual_required,"[{""nconst"": ""nm1165867"", ""normalized_name"": ""loic le page"", ""normalized_name_with_nickname"": null, ""primaryName"": ""Lo\u00efc Le Page"", ""primaryProfession"": ""actor"", ""birthYear"": null, ""deathYear"": null}, {""nconst"": ""nm12973744"", ""normalized_name"": ""loic le page"", ""normalized_name_with_nickname"": null, ""primaryName"": ""Lo\u00efc Le Page"", ""primaryProfession"": ""visual_effects,special_effects"", ""birthYear"": null, ""deathYear"": null}]",,"{""timestamp"": ""2026-10-03T14:57:31.930564+00:00"", ""model"": ""gemma-4-12b-it-qat-q4_0.gguf"", ""api_version"": null}"
1218,Persepolis,scene_017_scroll_002_num03243_sim0.jpg,Production Department,,ALEX FOULON,ADMINISTRATEUR SYSTÈME,Production Department,,second_half,3243,pending,1,alex foulon,,,manual_required,"[{""nconst"": ""nm12973745"", ""normalized_name"": ""alex foulon"", ""normalized_name_with_nickname"": null, ""primaryName"": ""Alex Foulon"", ""primaryProfession"": ""visual_effects,special_effects"", ""birthYear"": null, ""deathYear"": null}]",,"{""timestamp"": ""2026-10-03T14:57:31.930564+00:00"", ""model"": ""gemma-4-12b-it-qat-q4_0.gguf"", ""api_version"": null}"
1219,Persepolis,scene_017_scroll_002_num03243_sim0.jpg,Production Department,,JEAN-FRÉDÉRIC GONZALEZ,SUPPORT UTILISATEURS,Production Department,,second_half,3243,pending,1,jean frederic gonzalez,,,manual_required,"[{""nconst"": ""nm12973746"", ""normalized_name"": ""jean frederic gonzalez"", ""normalized_name_with_nickname"": null, ""primaryName"": ""Jean-Fr\u00e9d\u00e9ric Gonzalez"", ""primaryProfession"": ""visual_effects,special_effects"", ""birthYear"": null, ""deathYear"": null}]",,"{""timestamp"": ""2026-10-03T14:57:31.930564+00:00"", ""model"": ""gemma-4-12b-it-qat-q4_0.gguf"", ""api_version"": null}"
1220,Persepolis,scene_017_scroll_002_num03243_sim0.jpg,Production Department,,FABRICE BALZARINI,SUPPORT HARDWARE,Production Department,,second_half,3243,pending,1,fabrice balzarini,,,manual_required,"[{""nconst"": ""nm12973747"", ""normalized_name"": ""fabrice balzarini"", ""normalized_name_with_nickname"": null, ""primaryName"": ""Fabrice Balzarini"", ""primaryProfession"": ""visual_effects"", ""birthYear"": null, ""deathYear"": null}]",,"{""timestamp"": ""2026-10-03T14:57:31.930564+00:00"", ""model"": ""gemma-4-12b-it-qat-q4_0.gguf"", ""api_version"": null}"
1221,Persepolis,scene_017_scroll_002_num03243_sim0.jpg,Production Department,,MICKAËL FERREIRA,TECHNICIENS SYSTÈME,Production Department,,second_half,3243,pending,1,mickael ferreira,,nm17722942,auto_assigned,,Micaela Ferreira,"{""timestamp"": ""2026-10-03T14:57:31.930564+00:00"", ""model"": ""gemma-4-12b-it-qat-q4_0.gguf"", ""api_version"": null}"
1222,Persepolis,scene_017_scroll_002_num03243_sim0.jpg,Production Department,,LIONEL CHAUPARD,TECHNICIENS SYSTÈME,Production Department,,second_half,3243,pending,1,lionel chaupard,,,manual_required,"[{""nconst"": ""nm12973953"", ""normalized_name"": ""lionel chaupard"", ""normalized_name_with_nickname"": null, ""primaryName"": ""Lionel Chaupard"", ""primaryProfession"": ""special_effects,visual_effects"", ""birthYear"": null, ""deathYear"": null}]",,"{""timestamp"": ""2026-10-03T14:57:31.930564+00:00"", ""model"": ""gemma-4-12b-it-qat-q4_0.gguf"", ""api_version"": null}"
1223,Persepolis,scene_017_scroll_002_num03243_sim0.jpg,Production Department,,MICKAËL MASSOT-PELLET,TECHNICIENS SYSTÈME,Production Department,,second_half,3243,pending,1,mickael massot pellet,,,manual_required,"[{""nconst"": ""nm17753484"", ""normalized_name"": ""mickael massot pellet"", ""normalized_name_with_nickname"": null, ""primaryName"": ""Mick\u00e4el Massot-Pellet"", ""primaryProfession"": ""visual_effects"", ""birthYear"": null, ""deathYear"": null}]",,"{""timestamp"": ""2026-10-03T14:57:31.930564+00:00"", ""model"": ""gemma-4-12b-it-qat-q4_0.gguf"", ""api_version"": null}"
1224,Persepolis,scene_017_scroll_003_num03393_sim0.jpg,Additional Crew,,SÉBASTIEN LONJON,STAGIAIRE,Additional Crew,,second_half,3393,pending,1,sebastien lonjon,,,manual_required,"[{""nconst"": ""nm17753476"", ""normalized_name"": ""sebastien lonjon"", ""normalized_name_with_nickname"": null, ""primaryName"": ""S\u00e9bastien Lonjon"", ""primaryProfession"": ""visual_effects"", ""birthYear"": null, ""deathYear"": null}]",,"{""timestamp"": ""2026-10-03T14:57:31.930564+00:00"", ""model"": ""gemma-4-12b-it-qat-q4_0.gguf"", ""api_version"": null}"
1225,Persepolis,scene_017_scroll_003_num03393_sim0.jpg,Production Department,,CYRIL COSENZA,CHEF DE PROJET DÉVELOPPEMENT,Production Department,,second_half,3393,pending,1,cyril cosenza,,,manual_required,"[{""nconst"": ""nm3147576"", ""normalized_name"": ""cyril cosenza"", ""normalized_name_with_nickname"": null, ""primaryName"": ""Cyril Cosenza"", ""primaryProfession"": ""visual_effects"", ""birthYear"": null, ""deathYear"": null}]",,"{""timestamp"": ""2026-10-03T14:57:31.930564+00:00"", ""model"": ""gemma-4-12b-it-qat-q4_0.gguf"", ""api_version"": null}"
1226,Persepolis,scene_017_scroll_003_num03393_sim0.jpg,Production Department,,SYLVAIN AUDI,INGÉNIEURS DÉVELOPPEMENT,Production Department,,second_half,3393,pending,1,sylvain audi,,,manual_required,"[{""nconst"": ""nm3197263"", ""normalized_name"": ""sylvain audi"", ""normalized_name_with_nickname"": null, ""primaryName"": ""Sylvain Audi"", ""primaryProfession"": ""actor,visual_effects"", ""birthYear"": null, ""deathYear"": null}, {""nconst"": ""nm4064562"", ""normalized_name"": ""sylvain audi"", ""normalized_name_with_nickname"": null, ""primaryName"": ""Sylvain Audi"", ""primaryProfession"": ""visual_effects"", ""birthYear"": null, ""deathYear"": null}]",,"{""timestamp"": ""2026-10-03T14:57:31.930564+00:00"", ""model"": ""gemma-4-12b-it-qat-q4_0.gguf"", ""api_version"": null}"
1227,Persepolis,scene_017_scroll_003_num03393_sim0.jpg,Production Department,,YAACOV COHEN,INGÉNIEURS DÉVELOPPEMENT,Production Department,,second_half,3393,pending,1,yaacov cohen,,,manual_required,"[{""nconst"": ""nm0169828"", ""normalized_name"": ""yaacov cohen"", ""normalized_name_with_nickname"": null, ""primaryName"": ""Yaacov Cohen"", ""primaryProfession"": ""actor"", ""birthYear"": 1958, ""deathYear"": 2024}, {""nconst"": ""nm17753460"", ""normalized_name"": ""yaacov cohen"", ""normalized_name_with_nickname"": null, ""primaryName"": ""Yaacov Cohen"", ""primaryProfession"": ""visual_effects"", ""birthYear"": null, ""deathYear"": null}]",,"{""timestamp"": ""2026-10-03T14:57:31.930564+00:00"", ""model"": ""gemma-4-12b-it-qat-q4_0.gguf"", ""api_version"": null}"
1228,Persepolis,scene_017_scroll_003_num03393_sim0.jpg,Additional Crew,,VALENTIN CAPIAU,STAGIAIRE,Additional Crew,,second_half,3393,pending,1,valentin capiau,,nm17753462,auto_assigned,,Valentin Capiau,"{""timestamp"": ""2026-10-03T14:57:31.930564+00:00"", ""model"": ""gemma-4-12b-it-qat-q4_0.gguf"", ""api_version"": null}"
1229,Persepolis,"scene_017_scroll_003_num03393_sim0.jpg,scene_017_scroll_004_num03543_sim0.jpg",Legal Department,,CHARLES-EDOUARD RENAUT,AVOCAT,Legal Department,,second_half,"3393,3543",pending,1,charles edouard renaut,,nm2791660,auto_assigned,,Charles-Edouard Renault,"{""timestamp"": ""2026-10-03T14:57:31.930564+00:00"", ""model"": ""gemma-4-12b-it-qat-q4_0.gguf"", ""api_version"": null}"
1230,Persepolis,"scene_017_scroll_003_num03393_sim0.jpg,scene_017_scroll_004_num03543_sim0.jpg",Publicity,,JÉRÔME JOUNEAUX,ATTACHÉS DE PRESSE,Publicity,,second_half,"3393,3543",pending,1,jerome jouneaux,,nm0431109,auto_assigned,,Jérôme Jouneaux,"{""timestamp"": ""2026-10-03T14:57:31.930564+00:00"", ""model"": ""gemma-4-12b-it-qat-q4_0.gguf"", ""api_version"": null}"
1231,Persepolis,scene_017_scroll_003_num03393_sim0.jpg,Publicity,,ISABELLE DIVIGION,ATTACHÉS DE PRESSE,Publicity,,second_half,3393,pending,1,isabelle divigion,,gp0000362,internal_assigned,,,"{""timestamp"": ""2026-10-03T14:57:31.930564+00:00"", ""model"": ""gemma-4-12b-it-qat-q4_0.gguf"", ""api_version"": null}"
1232,Persepolis,"scene_017_scroll_003_num03393_sim0.jpg,scene_017_scroll_004_num03543_sim0.jpg",Sales Representatives / ISA,,the directors label,VENTES INTERNATIONALES,Sales Representatives / ISA,,second_half,"3393,3543",pending,0,the directors label,,cm0000112,internal_assigned,,,"{""timestamp"": ""2026-10-03T14:57:31.930564+00:00"", ""model"": ""gemma-4-12b-it-qat-q4_0.gguf"", ""api_version"": null}"
1233,Persepolis,scene_017_scroll_004_num03543_sim0.jpg,Publicity,,ISABELLE DUVOISIN,ATTACHÉS DE PRESSE,Publicity,,second_half,3543,pending,1,isabelle duvoisin,,nm2186985,auto_assigned,,Isabelle Duvoisin,"{""timestamp"": ""2026-10-03T14:57:31.930564+00:00"", ""model"": ""gemma-4-12b-it-qat-q4_0.gguf"", ""api_version"": null}"
1234,Persepolis,scene_017_scroll_004_num03543_sim0.jpg,Publicity,,MATTHIEU REY,ATTACHÉS DE PRESSE,Publicity,,second_half,3543,pending,1,matthieu rey,,nm2543072,auto_assigned,,Matthieu Rey,"{""timestamp"": ""2026-10-03T14:57:31.930564+00:00"", ""model"": ""gemma-4-12b-it-qat-q4_0.gguf"", ""api_version"": null}"
1235,Persepolis,scene_017_scroll_004_num03543_sim0.jpg,Miscellaneous Companies,,Région Ile-de-France,AVEC LE SOUTIEN DE LA RÉGION ILE-DE-FRANCE,Miscellaneous Companies,,second_half,3543,pending,0,région ile de france,,cm0000104,internal_assigned,,,"{""timestamp"": ""2026-10-03T14:57:31.930564+00:00"", ""model"": ""gemma-4-12b-it-qat-q4_0.gguf"", ""api_version"": null}"
1236,Persepolis,scene_017_scroll_004_num03543_sim0.jpg,Production Companies,,2.4.7.FILMS,COPYRIGHT 2007,Production Companies,,second_half,3543,pending,0,2 4 7 films,,cm0000097,internal_assigned,,,"{""timestamp"": ""2026-10-03T14:57:31.930564+00:00"", ""model"": ""gemma-4-12b-it-qat-q4_0.gguf"", ""api_version"": null}"
1237,Persepolis,scene_017_scroll_004_num03543_sim0.jpg,Distributors,,FRANCE 3 CINÉMA,COPYRIGHT 2007,Distributors,,second_half,3543,pending,0,france 3 cinéma,,cm0000099,internal_assigned,,,"{""timestamp"": ""2026-10-03T14:57:31.930564+00:00"", ""model"": ""gemma-4-12b-it-qat-q4_0.gguf"", ""api_version"": null}"
1238,Persepolis,scene_017_scroll_004_num03543_sim0.jpg,Miscellaneous Companies,,VISA D'EXPLOITATION,VISA D'EXPLOITATION N° 112 904,Miscellaneous Companies,,second_half,3543,pending,0,visa d exploitation,,cm0000110,internal_assigned,,,"{""timestamp"": ""2026-10-03T14:57:31.930564+00:00"", ""model"": ""gemma-4-12b-it-qat-q4_0.gguf"", ""api_version"": null}"
1239,Persepolis,scene_017_scroll_005_num03693_sim0.jpg,Miscellaneous Companies,,"Toho Co., Ltd.",copyrighted character belonging to and a trademark of,Miscellaneous Companies,,second_half,3693,pending,0,toho co ltd,,cm0000109,internal_assigned,,,"{""timestamp"": ""2026-10-03T14:57:31.930564+00:00"", ""model"": ""gemma-4-12b-it-qat-q4_0.gguf"", ""api_version"": null}"
1240,Persepolis,scene_017_scroll_006_num03843_sim0.jpg,Distributors,,SONY PICTURES CLASSICS,,Distributors,,second_half,3843,pending,0,sony pictures classics,,cm0000106,internal_assigned,,,"{""timestamp"": ""2026-10-03T14:57:31.930564+00:00"", ""model"": ""gemma-4-12b-it-qat-q4_0.gguf"", ""api_version"": null}"
1241,Persepolis,scene_000_static_000_num00060_sim0.jpg,Miscellaneous Companies,,SONY PICTURES CLASSICS,,Miscellaneous Companies,,first_half,60,pending,0,sony pictures classics,,cm0000125,internal_assigned,,,"{""timestamp"": ""2026-10-03T15:14:28.059443+00:00"", ""model"": ""gemma-4-12b-it-qat-q4_0.gguf"", ""api_version"": null}"
1242,Persepolis,scene_000_static_001_num00288_sim43.jpg,Production Companies,,2.4.7. FILMS,PRÉSENTE,Production Companies,,first_half,288,pending,0,2 4 7 films,,cm0000097,internal_assigned,,,"{""timestamp"": ""2026-10-03T15:14:28.059443+00:00"", ""model"": ""gemma-4-12b-it-qat-q4_0.gguf"", ""api_version"": null}"
1243,Persepolis,scene_001_static_002_num00558_sim83.jpg,Writers,,MARJANE SATRAPI,D'APRÈS L'OEUVRE ORIGINALE DE,Writers,,first_half,558,pending,1,marjane satrapi,,nm2277869,auto_assigned,,Marjane Satrapi,"{""timestamp"": ""2026-10-03T15:14:28.059443+00:00"", ""model"": ""gemma-4-12b-it-qat-q4_0.gguf"", ""api_version"": null}"
1244,Persepolis,scene_001_static_002_num00558_sim83.jpg,Miscellaneous Companies,,L'ASSOCIATION,PUBLIÉE AUX ÉDITIONS,Miscellaneous Companies,,first_half,558,pending,0,l association,,cm0000121,internal_assigned,,,"{""timestamp"": ""2026-10-03T15:14:28.059443+00:00"", ""model"": ""gemma-4-12b-it-qat-q4_0.gguf"", ""api_version"": null}"
1245,Persepolis,scene_002_static_001_num00638_sim98.jpg,Production Companies,,FRANCE 3 CINÉMA,EN COPRODUCTION AVEC,Production Companies,,first_half,638,pending,0,france 3 cinéma,,cm0000118,internal_assigned,,,"{""timestamp"": ""2026-10-03T15:14:28.059443+00:00"", ""model"": ""gemma-4-12b-it-qat-q4_0.gguf"", ""api_version"": null}"
1246,Persepolis,scene_002_static_001_num00638_sim98.jpg,Production Companies,,THE KENNEDY/MARSHALL COMPANY,EN COPRODUCTION AVEC,Production Companies,,first_half,638,pending,0,the kennedy marshall company,,cm0000126,internal_assigned,,,"{""timestamp"": ""2026-10-03T15:14:28.059443+00:00"", ""model"": ""gemma-4-12b-it-qat-q4_0.gguf"", ""api_version"": null}"
1247,Persepolis,scene_002_static_002_num00710_sim39.jpg,Production Companies,,CONNECTION ANIMATIONS,PRODUCTION AVEC,Production Companies,,first_half,710,pending,0,connection animations,,cm0000115,internal_assigned,,,"{""timestamp"": ""2026-10-03T15:14:28.059443+00:00"", ""model"": ""gemma-4-12b-it-qat-q4_0.gguf"", ""api_version"": null}"
1248,Persepolis,scene_002_static_002_num00710_sim39.jpg,Distributors,,ANA,DISTRIBUTION,Distributors,,first_half,710,pending,0,ana,,cm0000113,internal_assigned,,,"{""timestamp"": ""2026-10-03T15:14:28.059443+00:00"", ""model"": ""gemma-4-12b-it-qat-q4_0.gguf"", ""api_version"": null}"
1249,Persepolis,scene_002_static_003_num00722_sim48.jpg,Production Companies,,FRANCHE CONNECTION ANIMATIONS,EN COPRODUCTION AVEC,Production Companies,,first_half,722,pending,0,franche connection animations,,cm0000119,internal_assigned,,,"{""timestamp"": ""2026-10-03T15:14:28.059443+00:00"", ""model"": ""gemma-4-12b-it-qat-q4_0.gguf"", ""api_version"": null}"
1250,Persepolis,scene_002_static_003_num00722_sim48.jpg,Distributors,,DIAPHANA DISTRIBUTION,EN COPRODUCTION AVEC,Distributors,,first_half,722,pending,0,diaphana distribution,,cm0000117,internal_assigned,,,"{""timestamp"": ""2026-10-03T15:14:28.059443+00:00"", ""model"": ""gemma-4-12b-it-qat-q4_0.gguf"", ""api_version"": null}"
1251,Persepolis,scene_002_static_003_num00722_sim48.jpg,Production Companies,,CELLULOID DREAMS,EN ASSOCIATION AVEC,Production Companies,,first_half,722,pending,0,celluloid dreams,,cm0000114,internal_assigned,,,"{""timestamp"": ""2026-10-03T15:14:28.059443+00:00"", ""model"": ""gemma-4-12b-it-qat-q4_0.gguf"", ""api_version"": null}"
1252,Persepolis,scene_002_static_003_num00722_sim48.jpg,Distributors,,SONY PICTURES CLASSICS,EN ASSOCIATION AVEC,Distributors,,first_half,722,pending,0,sony pictures classics,,cm0000106,internal_assigned,,,"{""timestamp"": ""2026-10-03T15:14:28.059443+00:00"", ""model"": ""gemma-4-12b-it-qat-q4_0.gguf"", ""api_version"": null}"
1253,Persepolis,scene_002_static_003_num00722_sim48.jpg,Production Companies,,SOFICA SOFICINEMA,EN ASSOCIATION AVEC,Production Companies,,first_half,722,pending,0,sofica soficinema,,cm0000124,internal_assigned,,,"{""timestamp"": ""2026-10-03T15:14:28.059443+00:00"", ""model"": ""gemma-4-12b-it-qat-q4_0.gguf"", ""api_version"": null}"
1254,Persepolis,scene_002_static_003_num00722_sim48.jpg,Production Companies,,SOFICA EUROPACORP,EN ASSOCIATION AVEC,Production Companies,,first_half,722,pending,0,sofica europacorp,,cm0000123,internal_assigned,,,"{""timestamp"": ""2026-10-03T15:14:28.059443+00:00"", ""model"": ""gemma-4-12b-it-qat-q4_0.gguf"", ""api_version"": null}"
1255,Persepolis,scene_002_static_006_num00986_sim95.jpg,Miscellaneous Companies,,Centre National de la Cinématographie de la Région Île-de-France,AVEC LA PARTICIPATION DU CENTRE NATIONAL DE LA CINÉMATOGRAPHIE DE LA RÉGION ÎLE-DE-FRANCE,Miscellaneous Companies,,first_half,986,pending,0,centre national de la cinématographie de la région île de france,,cm0000116,internal_assigned,,,"{""timestamp"": ""2026-10-03T15:14:28.059443+00:00"", ""model"": ""gemma-4-12b-it-qat-q4_0.gguf"", ""api_version"": null}"
1256,Persepolis,scene_002_static_006_num00986_sim95.jpg,Miscellaneous Companies,,Fondation Groupama Gan pour le Cinéma de la Procirep et de l'Angra,AVEC LA PARTICIPATION DE LA FONDATION GROUPAMA GAN POUR LE CINÉMA DE LA PROCIREP ET DE L'ANGRA,Miscellaneous Companies,,first_half,986,pending,0,fondation groupama gan pour le cinéma de la procirep et de l angra,,cm0000120,internal_assigned,,,"{""timestamp"": ""2026-10-03T15:14:28.059443+00:00"", ""model"": ""gemma-4-12b-it-qat-q4_0.gguf"", ""api_version"": null}"
1257,Persepolis,scene_004_static_000_num01149_sim39.jpg,Cast,,DANIELLE DARRIEUX,e con,Cast,,first_half,1149,pending,1,danielle darrieux,,nm0201638,auto_assigned,,Danielle Darrieux,"{""timestamp"": ""2026-10-03T15:14:28.059443+00:00"", ""model"": ""gemma-4-12b-it-qat-q4_0.gguf"", ""api_version"": null}"
1258,Persepolis,scene_004_static_000_num01149_sim39.jpg,Cast,,CATHERINE DENEUVE,e con,Cast,,first_half,1149,pending,1,catherine deneuve,,nm0000366,auto_assigned,,Catherine Deneuve,"{""timestamp"": ""2026-10-03T15:14:28.059443+00:00"", ""model"": ""gemma-4-12b-it-qat-q4_0.gguf"", ""api_version"": null}"
1259,Persepolis,scene_005_scroll_000_num01202_sim0.jpg,Cast,,SIMON ABKARIAN,,Cast,,second_half,1202,pending,1,simon abkarian,,nm0008787,auto_assigned,,Simon Abkarian,"{""timestamp"": ""2026-10-03T15:14:28.059443+00:00"", ""model"": ""gemma-4-12b-it-qat-q4_0.gguf"", ""api_version"": null}"
1260,Persepolis,scene_005_scroll_001_num01352_sim0.jpg,Miscellaneous Companies,,"PERSEPROD, UNE ASSOCIATION",STUDIO D'ANIMATION,Miscellaneous Companies,,second_half,1352,pending,0,perseprod une association,,cm0000122,internal_assigned,,,"{""timestamp"": ""2026-10-03T15:14:28.059443+00:00"", ""model"": ""gemma-4-12b-it-qat-q4_0.gguf"", ""api_version"": null}"
1261,Persepolis,scene_005_scroll_001_num01352_sim0.jpg,Animation Department,,MARC JOUSSET,JE SUIS BIEN CONTENT / PUMPKIN-3D,Animation Department,,second_half,1352,pending,1,marc jousset,,nm1268946,auto_assigned,,Marc Jousset,"{""timestamp"": ""2026-10-03T15:14:28.059443+00:00"", ""model"": ""gemma-4-12b-it-qat-q4_0.gguf"", ""api_version"": null}"
1262,Persepolis,scene_005_scroll_001_num01352_sim0.jpg,Animation Department,,PASCAL CHEVÉ,JE SUIS BIEN CONTENT / PUMPKIN-3D,Animation Department,,second_half,1352,pending,1,pascal cheve,,,manual_required,"[{""nconst"": ""nm2377515"", ""normalized_name"": ""pascal cheve"", ""normalized_name_with_nickname"": null, ""primaryName"": ""Pascal Chev\u00e9"", ""primaryProfession"": ""producer,production_manager"", ""birthYear"": null, ""deathYear"": null}, {""nconst"": ""nm3789523"", ""normalized_name"": ""pascal cheve"", ""normalized_name_with_nickname"": null, ""primaryName"": ""Pascal Chev\u00e9"", ""primaryProfession"": ""art_department,producer,miscellaneous"", ""birthYear"": null, ""deathYear"": null}, {""nconst"": ""nm4726036"", ""normalized_name"": ""pascal cheve"", ""normalized_name_with_nickname"": null, ""primaryName"": ""Pascal Chev\u00e9"", ""primaryProfession"": ""editor,producer"", ""birthYear"": null, ""deathYear"": null}]",,"{""timestamp"": ""2026-10-03T15:14:28.059443+00:00"", ""model"": ""gemma-4-12b-it-qat-q4_0.gguf"", ""api_version"": null}"
1263,Persepolis,scene_005_scroll_001_num01352_sim0.jpg,Animation Department,,LOUIS VIAU,JE SUIS BIEN CONTENT / PUMPKIN-3D,Animation Department,,second_half,1352,pending,1,louis viau,,nm5119763,auto_assigned,,Louis Viau,"{""timestamp"": ""2026-10-03T15:14:28.059443+00:00"", ""model"": ""gemma-4-12b-it-qat-q4_0.gguf"", ""api_version"": null}"
1264,Persepolis,scene_005_scroll_002_num01502_sim0.jpg,Directors,,MARC S,DIRECTEU,Directors,,second_half,1502,pending,1,marc s,,gp0000380,internal_assigned,,,"{""timestamp"": ""2026-10-03T15:14:28.059443+00:00"", ""model"": ""gemma-4-12b-it-qat-q4_0.gguf"", ""api_version"": null}"
1265,Persepolis,scene_006_scroll_000_num01548_sim0.jpg,Art Directors,,MARC SOUSSET,DIRECTEUR ARTISTIQUE,Art Directors,,second_half,1548,pending,1,marc sousset,,nm1270088,auto_assigned,,Marc Sausset,"{""timestamp"": ""2026-10-03T15:14:28.059443+00:00"", ""model"": ""gemma-4-12b-it-qat-q4_0.gguf"", ""api_version"": null}"
1266,Persepolis,scene_006_scroll_001_num01698_sim0.jpg,Directors,,CHRISTIAN DESNARES,DIRECTEUR DE L'ANIMATION,Directors,,second_half,1698,pending,1,christian desnares,,,ambiguous,"[{""nconst"": ""nm2903634"", ""normalized_name"": ""christian desmares"", ""normalized_name_with_nickname"": null, ""primaryName"": ""Christian Desmares"", ""primaryProfession"": ""animation_department,miscellaneous,director"", ""birthYear"": null, ""deathYear"": null, ""fuzzy_similarity"": ""94"", ""matched_string"": ""christian desmares""}, {""nconst"": ""nm13306373"", ""normalized_name"": ""christian dear"", ""normalized_name_with_nickname"": null, ""primaryName"": ""Christian Dear"", ""primaryProfession"": ""producer,director,writer"", ""birthYear"": null, ""deathYear"": null, ""fuzzy_similarity"": ""88"", ""matched_string"": ""christian dear""}]",,"{""timestamp"": ""2026-10-03T15:14:28.059443+00:00"", ""model"": ""gemma-4-12b-it-qat-q4_0.gguf"", ""api_version"": null}"
1267,Persepolis,scene_006_scroll_001_num01698_sim0.jpg,Art Directors,,MARISA MUSY (CAZA),CHEF DÉCORATRICE,Art Directors,,second_half,1698,pending,1,marisa musy,,,manual_required,"[{""nconst"": ""nm1650570"", ""normalized_name"": ""marisa musy"", ""normalized_name_with_nickname"": null, ""primaryName"": ""Marisa Musy"", ""primaryProfession"": ""animation_department,production_designer,art_department"", ""birthYear"": null, ""deathYear"": null}]",,"{""timestamp"": ""2026-10-03T15:14:28.059443+00:00"", ""model"": ""gemma-4-12b-it-qat-q4_0.gguf"", ""api_version"": null}"
1268,Persepolis,scene_006_scroll_001_num01698_sim0.jpg,Visual Effects,Editorial Department,STÉPHANE ROCHE,COMPOSITING MONTAGE,Visual Effects,,second_half,1698,pending,1,stephane roche,,,manual_required,"[{""nconst"": ""nm0733983"", ""normalized_name"": ""stephane roche"", ""normalized_name_with_nickname"": null, ""primaryName"": ""St\u00e9phane Roche"", ""primaryProfession"": ""actor"", ""birthYear"": null, ""deathYear"": null}, {""nconst"": ""nm11319681"", ""normalized_name"": ""stephane roche"", ""normalized_name_with_nickname"": null, ""primaryName"": ""St\u00e9phane Roche"", ""primaryProfession"": null, ""birthYear"": null, ""deathYear"": null}, {""nconst"": ""nm11335918"", ""normalized_name"": ""stephane roche"", ""normalized_name_with_nickname"": null, ""primaryName"": ""St\u00e9phane Roche"", ""primaryProfession"": ""producer"", ""birthYear"": null, ""deathYear"": null}, {""nconst"": ""nm12121507"", ""normalized_name"": ""stephane roche"", ""normalized_name_with_nickname"": null, ""primaryName"": ""St\u00e9phane Roche"", ""primaryProfession"": ""assistant_director"", ""birthYear"": null, ""deathYear"": null}, {""nconst"": ""nm1920230"", ""normalized_name"": ""stephane roche"", ""normalized_name_with_nickname"": null, ""primaryName"": ""St\u00e9phane Roch\u00e9"", ""primaryProfession"": ""sound_department,composer"", ""birthYear"": 1981, ""deathYear"": null}, {""nconst"": ""nm2717663"", ""normalized_name"": ""stephane roche"", ""normalized_name_with_nickname"": null, ""primaryName"": ""St\u00e9phane Roche"", ""primaryProfession"": ""editor,director,actor"", ""birthYear"": null, ""deathYear"": null}]",,"{""timestamp"": ""2026-10-03T15:14:28.059443+00:00"", ""model"": ""gemma-4-12b-it-qat-q4_0.gguf"", ""api_version"": null}"
1269,Persepolis,scene_006_scroll_001_num01698_sim0.jpg,Second Unit Directors or Assistant Directors,,DENIS WALGENNITZ,ASSISTANT RÉALISATEUR,Second Unit Directors or Assistant Directors,,second_half,1698,pending,1,denis walgennitz,,nm3264191,auto_assigned,,Denis Walgenwitz,"{""timestamp"": ""2026-10-03T15:14:28.059443+00:00"", ""model"": ""gemma-4-12b-it-qat-q4_0.gguf"", ""api_version"": null}"
1270,Persepolis,scene_006_scroll_002_num01848_sim0.jpg,Sound Department,,THIERRY LEBON,SON,Sound Department,,second_half,1848,pending,1,thierry lebon,,,ambiguous,"[{""nconst"": ""nm0495814"", ""normalized_name"": ""thierry lebon"", ""normalized_name_with_nickname"": null, ""primaryName"": ""Thierry Lebon"", ""primaryProfession"": ""sound_department,music_department"", ""birthYear"": null, ""deathYear"": null}, {""nconst"": ""nm7678051"", ""normalized_name"": ""thierry lebon"", ""normalized_name_with_nickname"": null, ""primaryName"": ""Thierry Lebon"", ""primaryProfession"": ""sound_department"", ""birthYear"": null, ""deathYear"": null}]",,"{""timestamp"": ""2026-10-03T15:14:28.059443+00:00"", ""model"": ""gemma-4-12b-it-qat-q4_0.gguf"", ""api_version"": null}"
1271,Persepolis,scene_006_scroll_002_num01848_sim0.jpg,Visual Effects,,JING WANG,CHEF LAY OUT,Visual Effects,,second_half,1848,pending,1,jing wang,,,ambiguous,"[{""nconst"": ""nm5237745"", ""normalized_name"": ""jing wang"", ""normalized_name_with_nickname"": null, ""primaryName"": ""Jing Wang"", ""primaryProfession"": ""visual_effects,production_manager"", ""birthYear"": null, ""deathYear"": null}, {""nconst"": ""nm8764179"", ""normalized_name"": ""wang jing"", ""normalized_name_with_nickname"": null, ""primaryName"": ""Wang Jing"", ""primaryProfession"": ""art_department,cinematographer,visual_effects"", ""birthYear"": null, ""deathYear"": null}]",,"{""timestamp"": ""2026-10-03T15:14:28.059443+00:00"", ""model"": ""gemma-4-12b-it-qat-q4_0.gguf"", ""api_version"": null}"
1272,Persepolis,scene_006_scroll_002_num01848_sim0.jpg,Visual Effects,,FRANK MIYET,CHEF TRACEUR,Visual Effects,,second_half,1848,pending,1,frank miyet,,,manual_required,"[{""nconst"": ""nm2717017"", ""normalized_name"": ""frank miyet"", ""normalized_name_with_nickname"": null, ""primaryName"": ""Frank Miyet"", ""primaryProfession"": ""animation_department"", ""birthYear"": null, ""deathYear"": null}]",,"{""timestamp"": ""2026-10-03T15:14:28.059443+00:00"", ""model"": ""gemma-4-12b-it-qat-q4_0.gguf"", ""api_version"": null}"
1273,Persepolis,scene_006_scroll_002_num01848_sim0.jpg,Visual Effects,,THIERRY PERÈS,CHEF ASSISTANAT,Visual Effects,,second_half,1848,pending,1,thierry peres,,,manual_required,"[{""nconst"": ""nm2831108"", ""normalized_name"": ""thierry peres"", ""normalized_name_with_nickname"": null, ""primaryName"": ""Thierry Peres"", ""primaryProfession"": ""animation_department,art_department,miscellaneous"", ""birthYear"": null, ""deathYear"": null}]",,"{""timestamp"": ""2026-10-03T15:14:28.059443+00:00"", ""model"": ""gemma-4-12b-it-qat-q4_0.gguf"", ""api_version"": null}"
1274,Persepolis,scene_006_scroll_002_num01848_sim0.jpg,Visual Effects,,ALEXIS VENET,CHEF ASSISTANAT,Visual Effects,,second_half,1848,pending,1,alexis venet,,nm2906378,auto_assigned,,Alexis Venet,"{""timestamp"": ""2026-10-03T15:14:28.059443+00:00"", ""model"": ""gemma-4-12b-it-qat-q4_0.gguf"", ""api_version"": null}"
1275,Persepolis,scene_006_scroll_002_num01848_sim0.jpg,Production Department,,OLIVIER BIZET,DIRECTION DE PRODUCTION DE L'ANIMATION,Production Department,,second_half,1848,pending,1,olivier bizet,,nm0084686,auto_assigned,,Olivier Bizet,"{""timestamp"": ""2026-10-03T15:14:28.059443+00:00"", ""model"": ""gemma-4-12b-it-qat-q4_0.gguf"", ""api_version"": null}"
1276,Persepolis,scene_007_static_001_num01966_sim99.jpg,Composers,,Olivier Bernet,Musique composée et dirigée par,Composers,,second_half,1966,pending,1,olivier bernet,,nm1937991,auto_assigned,,Olivier Bernet,"{""timestamp"": ""2026-10-03T15:14:28.059443+00:00"", ""model"": ""gemma-4-12b-it-qat-q4_0.gguf"", ""api_version"": null}"
1277,Persepolis,scene_007_static_004_num02038_sim100.jpg,Producers,,KATHLEEN KENNEDY,PRODUCTRICE ASSOCIÉE,Producers,,second_half,2038,pending,1,kathleen kennedy,,,ambiguous,"[{""nconst"": ""nm0005086"", ""normalized_name"": ""kathleen kennedy"", ""normalized_name_with_nickname"": null, ""primaryName"": ""Kathleen Kennedy"", ""primaryProfession"": ""producer,miscellaneous,executive"", ""birthYear"": 1953, ""deathYear"": null}, {""nconst"": ""nm14372842"", ""normalized_name"": ""kathleen kennedy"", ""normalized_name_with_nickname"": null, ""primaryName"": ""Kathleen Kennedy"", ""primaryProfession"": ""producer"", ""birthYear"": null, ""deathYear"": null}, {""nconst"": ""nm14378994"", ""normalized_name"": ""kathleen kennedy"", ""normalized_name_with_nickname"": null, ""primaryName"": ""Kathleen Kennedy"", ""primaryProfession"": ""producer"", ""birthYear"": null, ""deathYear"": null}, {""nconst"": ""nm4100801"", ""normalized_name"": ""kathleen kennedy"", ""normalized_name_with_nickname"": null, ""primaryName"": ""Kathleen Kennedy"", ""primaryProfession"": ""actress,writer,producer"", ""birthYear"": null, ""deathYear"": null}]",,"{""timestamp"": ""2026-10-03T15:14:28.059443+00:00"", ""model"": ""gemma-4-12b-it-qat-q4_0.gguf"", ""api_version"": null}"
1278,Persepolis,scene_007_static_005_num02098_sim38.jpg,Producers,,MARC-ANTOINE ROBERT,PRODUIT PAR,Producers,,second_half,2098,pending,1,marc antoine robert,,nm2274042,auto_assigned,,Marc-Antoine Robert,"{""timestamp"": ""2026-10-03T15:14:28.059443+00:00"", ""model"": ""gemma-4-12b-it-qat-q4_0.gguf"", ""api_version"": null}"
1279,Persepolis,scene_007_static_005_num02098_sim38.jpg,Producers,,XAVIER RIGAUT,PRODUIT PAR,Producers,,second_half,2098,pending,1,xavier rigaut,,nm2275877,auto_assigned,,Xavier Rigault,"{""timestamp"": ""2026-10-03T15:14:28.059443+00:00"", ""model"": ""gemma-4-12b-it-qat-q4_0.gguf"", ""api_version"": null}"
1280,Wild_Strawberries,scene_000_scroll_000_num00150_sim0.jpg,Cast,,VICTOR SJÖSTRÖM,Professor Isak Borg,Cast,,first_half,150,pending,1,victor sjostrom,,,ambiguous,"[{""nconst"": ""nm0803705"", ""normalized_name"": ""victor sjostrom"", ""normalized_name_with_nickname"": null, ""primaryName"": ""Victor Sj\u00f6str\u00f6m"", ""primaryProfession"": ""director,actor,writer"", ""birthYear"": 1879, ""deathYear"": 1960}, {""nconst"": ""nm12712074"", ""normalized_name"": ""victor sjostrom"", ""normalized_name_with_nickname"": null, ""primaryName"": ""Victor Sj\u00f6str\u00f6m"", ""primaryProfession"": ""composer,actor,soundtrack"", ""birthYear"": null, ""deathYear"": null}]",,"{""timestamp"": ""2026-10-03T15:17:53.279689+00:00"", ""model"": ""gemma-4-12b-it-qat-q4_0.gguf"", ""api_version"": null}"
1281,Wild_Strawberries,scene_000_scroll_000_num00150_sim0.jpg,Cast,,BIBI ANDERSSON,Sara,Cast,,first_half,150,pending,1,bibi andersson,,nm0000761,auto_assigned,,Bibi Andersson,"{""timestamp"": ""2026-10-03T15:17:53.279689+00:00"", ""model"": ""gemma-4-12b-it-qat-q4_0.gguf"", ""api_version"": null}"
1282,Wild_Strawberries,scene_000_scroll_000_num00150_sim0.jpg,Cast,,INGRID THULIN,Marianne,Cast,,first_half,150,pending,1,ingrid thulin,,nm0862026,auto_assigned,,Ingrid Thulin,"{""timestamp"": ""2026-10-03T15:17:53.279689+00:00"", ""model"": ""gemma-4-12b-it-qat-q4_0.gguf"", ""api_version"": null}"
1283,Wild_Strawberries,"scene_000_scroll_000_num00150_sim0.jpg,scene_001_scroll_001_num00301_sim0.jpg",Cast,,GUNNAR BJÖRNSTRAND,Evald,Cast,,first_half,"150,301",pending,1,gunnar bjornstrand,,nm0085038,auto_assigned,,Gunnar Björnstrand,"{""timestamp"": ""2026-10-03T15:17:53.279689+00:00"", ""model"": ""gemma-4-12b-it-qat-q4_0.gguf"", ""api_version"": null}"
1284,Wild_Strawberries,"scene_000_scroll_000_num00150_sim0.jpg,scene_001_scroll_001_num00301_sim0.jpg",Cast,,FOLKE SUNDQUIST,Anders,Cast,,first_half,"150,301",pending,1,folke sundquist,,nm0839212,auto_assigned,,Folke Sundquist,"{""timestamp"": ""2026-10-03T15:17:53.279689+00:00"", ""model"": ""gemma-4-12b-it-qat-q4_0.gguf"", ""api_version"": null}"
1285,Wild_Strawberries,"scene_000_scroll_000_num00150_sim0.jpg,scene_001_scroll_001_num00301_sim0.jpg",Cast,,BJÖRN BJELVENSTAM,Viktor,Cast,,first_half,"150,301",pending,1,bjorn bjelvenstam,,nm0084761,auto_assigned,,Björn Bjelfvenstam,"{""timestamp"": ""2026-10-03T15:17:53.279689+00:00"", ""model"": ""gemma-4-12b-it-qat-q4_0.gguf"", ""api_version"": null}"
1286,Wild_Strawberries,"scene_000_scroll_000_num00150_sim0.jpg,scene_001_scroll_001_num00301_sim0.jpg",Cast,,NAIMA WIFSTRAND,Isaks mor,Cast,,first_half,"150,301",pending,1,naima wifstrand,,nm0927711,auto_assigned,,Naima Wifstrand,"{""timestamp"": ""2026-10-03T15:17:53.279689+00:00"", ""model"": ""gemma-4-12b-it-qat-q4_0.gguf"", ""api_version"": null}"
1287,Wild_Strawberries,scene_000_scroll_000_num00150_sim0.jpg,Cast,,JULJAN KINDAHL,Agda,Cast,,first_half,150,pending,1,juljan kindahl,,nm0454247,auto_assigned,,Jullan Kindahl,"{""timestamp"": ""2026-10-03T15:17:53.279689+00:00"", ""model"": ""gemma-4-12b-it-qat-q4_0.gguf"", ""api_version"": null}"
1288,Wild_Strawberries,"scene_000_scroll_000_num00150_sim0.jpg,scene_001_scroll_001_num00301_sim0.jpg",Cast,,GUNNAR SJÖBERG,Alman,Cast,,first_half,"150,301",pending,1,gunnar sjoberg,,nm0803561,auto_assigned,,Gunnar Sjöberg,"{""timestamp"": ""2026-10-03T15:17:53.279689+00:00"", ""model"": ""gemma-4-12b-it-qat-q4_0.gguf"", ""api_version"": null}"
1289,Wild_Strawberries,"scene_000_scroll_000_num00150_sim0.jpg,scene_001_scroll_001_num00301_sim0.jpg",Cast,,GUNNEL BROSTRÖM,Fru Alman,Cast,,first_half,"150,301",pending,1,gunnel brostrom,,nm0112560,auto_assigned,,Gunnel Broström,"{""timestamp"": ""2026-10-03T15:17:53.279689+00:00"", ""model"": ""gemma-4-12b-it-qat-q4_0.gguf"", ""api_version"": null}"
1290,Wild_Strawberries,"scene_000_scroll_000_num00150_sim0.jpg,scene_001_scroll_001_num00301_sim0.jpg",Cast,,GERTRUD FRIDH,"Karin, Isaks hustru",Cast,,first_half,"150,301",pending,1,gertrud fridh,,nm0294892,auto_assigned,,Gertrud Fridh,"{""timestamp"": ""2026-10-03T15:17:53.279689+00:00"", ""model"": ""gemma-4-12b-it-qat-q4_0.gguf"", ""api_version"": null}"
1291,Wild_Strawberries,scene_000_scroll_000_num00150_sim0.jpg,Cast,,LOLA FRIDH,Hustruns älskare,Cast,,first_half,150,pending,1,lola fridh,,gp0000383,internal_assigned,,,"{""timestamp"": ""2026-10-03T15:17:53.279689+00:00"", ""model"": ""gemma-4-12b-it-qat-q4_0.gguf"", ""api_version"": null}"
1292,Wild_Strawberries,scene_001_scroll_001_num00301_sim0.jpg,Cast,,JULJAN KINDDAHL,Agda,Cast,,first_half,301,pending,1,juljan kinddahl,,gp0000381,internal_assigned,,,"{""timestamp"": ""2026-10-03T15:17:53.279689+00:00"", ""model"": ""gemma-4-12b-it-qat-q4_0.gguf"", ""api_version"": null}"
1293,Wild_Strawberries,scene_001_scroll_001_num00301_sim0.jpg,Cast,,ÅKE FRIDELL,Hustruns älskare,Cast,,first_half,301,pending,1,ake fridell,,nm0294882,auto_assigned,,Åke Fridell,"{""timestamp"": ""2026-10-03T15:17:53.279689+00:00"", ""model"": ""gemma-4-12b-it-qat-q4_0.gguf"", ""api_version"": null}"
1294,Wild_Strawberries,scene_001_scroll_001_num00301_sim0.jpg,Cast,,MAX VON SYDOW,Åkerman,Cast,,first_half,301,pending,1,max von sydow,,nm0001884,auto_assigned,,Max von Sydow,"{""timestamp"": ""2026-10-03T15:17:53.279689+00:00"", ""model"": ""gemma-4-12b-it-qat-q4_0.gguf"", ""api_version"": null}"
1295,Wild_Strawberries,scene_001_scroll_001_num00301_sim0.jpg,Cast,,SIF RUUD,Moster Olga,Cast,,first_half,301,pending,1,sif ruud,,nm0752211,auto_assigned,,Sif Ruud,"{""timestamp"": ""2026-10-03T15:17:53.279689+00:00"", ""model"": ""gemma-4-12b-it-qat-q4_0.gguf"", ""api_version"": null}"
1296,Wild_Strawberries,scene_001_scroll_001_num00301_sim0.jpg,Cast,,YNGVE NORDWALL,Farbror Aron,Cast,,first_half,301,pending,1,yngve nordwall,,nm0635241,auto_assigned,,Yngve Nordwall,"{""timestamp"": ""2026-10-03T15:17:53.279689+00:00"", ""model"": ""gemma-4-12b-it-qat-q4_0.gguf"", ""api_version"": null}"
1297,Wild_Strawberries,scene_001_scroll_001_num00301_sim0.jpg,Cast,,PER SJÖSTRAND,Sigfrid,Cast,,first_half,301,pending,1,per sjostrand,,nm0803689,auto_assigned,,Per Sjöstrand,"{""timestamp"": ""2026-10-03T15:17:53.279689+00:00"", ""model"": ""gemma-4-12b-it-qat-q4_0.gguf"", ""api_version"": null}"
1298,Wild_Strawberries,scene_001_scroll_001_num00301_sim0.jpg,Cast,,GIO PETRÉ,Sigbrit,Cast,,first_half,301,pending,1,gio petre,,nm0678469,auto_assigned,,Gio Petré,"{""timestamp"": ""2026-10-03T15:17:53.279689+00:00"", ""model"": ""gemma-4-12b-it-qat-q4_0.gguf"", ""api_version"": null}"
1299,Wild_Strawberries,scene_001_scroll_001_num00301_sim0.jpg,Cast,,GUNNEL LINDBLOM,Charlotta,Cast,,first_half,301,pending,1,gunnel lindblom,,nm0511458,auto_assigned,,Gunnel Lindblom,"{""timestamp"": ""2026-10-03T15:17:53.279689+00:00"", ""model"": ""gemma-4-12b-it-qat-q4_0.gguf"", ""api_version"": null}"
1300,Wild_Strawberries,scene_001_scroll_001_num00301_sim0.jpg,Cast,,MAUD HANSSON,Angelica,Cast,,first_half,301,pending,1,maud hansson,,nm0361458,auto_assigned,,Maud Hansson,"{""timestamp"": ""2026-10-03T15:17:53.279689+00:00"", ""model"": ""gemma-4-12b-it-qat-q4_0.gguf"", ""api_version"": null}"
1301,Wild_Strawberries,scene_001_scroll_001_num00301_sim0.jpg,Cast,,LENA BERGMAN,Tvilling Kristina,Cast,,first_half,301,pending,1,lena bergman,,nm0074822,auto_assigned,,Lena Bergman,"{""timestamp"": ""2026-10-03T15:17:53.279689+00:00"", ""model"": ""gemma-4-12b-it-qat-q4_0.gguf"", ""api_version"": null}"
1302,Wild_Strawberries,scene_001_scroll_001_num00301_sim0.jpg,Cast,,MONICA EHRLING,Tvilling Birgitta,Cast,,first_half,301,pending,1,monica ehrling,,nm0251392,auto_assigned,,Monica Ehrling,"{""timestamp"": ""2026-10-03T15:17:53.279689+00:00"", ""model"": ""gemma-4-12b-it-qat-q4_0.gguf"", ""api_version"": null}"
1303,Wild_Strawberries,scene_001_scroll_001_num00301_sim0.jpg,Cast,,GÖRAN LUNDQUIST,Benjamin,Cast,,first_half,301,pending,1,goran lundquist,,nm0526550,auto_assigned,,Göran Lundquist,"{""timestamp"": ""2026-10-03T15:17:53.279689+00:00"", ""model"": ""gemma-4-12b-it-qat-q4_0.gguf"", ""api_version"": null}"
1304,Wild_Strawberries,scene_001_scroll_001_num00301_sim0.jpg,Cast,,EVA NORÉE,Anna,Cast,,first_half,301,pending,1,eva noree,,,manual_required,"[{""nconst"": ""nm0636418"", ""normalized_name"": ""eva noree"", ""normalized_name_with_nickname"": null, ""primaryName"": ""Eva Nor\u00e9e"", ""primaryProfession"": null, ""birthYear"": null, ""deathYear"": null}]",,"{""timestamp"": ""2026-10-03T15:17:53.279689+00:00"", ""model"": ""gemma-4-12b-it-qat-q4_0.gguf"", ""api_version"": null}"
1305,Wild_Strawberries,"scene_001_scroll_001_num00301_sim0.jpg,scene_002_scroll_000_num00498_sim0.jpg",Cast,,ULF JOHANSSON,Isaks far,Cast,,first_half,"301,498",pending,1,ulf johansson,,,ambiguous,"[{""nconst"": ""nm0423885"", ""normalized_name"": ""ulf johansson"", ""normalized_name_with_nickname"": null, ""primaryName"": ""Ulf Johansson"", ""primaryProfession"": ""actor"", ""birthYear"": 1922, ""deathYear"": 1990}, {""nconst"": ""nm11928583"", ""normalized_name"": ""ulf johansson"", ""normalized_name_with_nickname"": null, ""primaryName"": ""Ulf Johansson"", ""primaryProfession"": ""actor"", ""birthYear"": null, ""deathYear"": null}, {""nconst"": ""nm12130474"", ""normalized_name"": ""ulf johansson"", ""normalized_name_with_nickname"": null, ""primaryName"": ""Ulf Johansson"", ""primaryProfession"": ""actor"", ""birthYear"": null, ""deathYear"": null}, {""nconst"": ""nm3376749"", ""normalized_name"": ""ulf johansson"", ""normalized_name_with_nickname"": null, ""primaryName"": ""Ulf Johansson"", ""primaryProfession"": ""actor"", ""birthYear"": null, ""deathYear"": null}, {""nconst"": ""nm8970555"", ""normalized_name"": ""ulf johansson"", ""normalized_name_with_nickname"": null, ""primaryName"": ""Ulf Johansson"", ""primaryProfession"": ""actor"", ""birthYear"": null, ""deathYear"": null}]",,"{""timestamp"": ""2026-10-03T15:17:53.279689+00:00"", ""model"": ""gemma-4-12b-it-qat-q4_0.gguf"", ""api_version"": null}"
1306,Wild_Strawberries,"scene_001_scroll_001_num00301_sim0.jpg,scene_002_scroll_000_num00498_sim0.jpg",Cast,,VENDELA RUDBÄCK,Elisabet,Cast,,first_half,"301,498",pending,1,vendela rudback,,nm0748597,auto_assigned,,Vendela Rudbäck,"{""timestamp"": ""2026-10-03T15:17:53.279689+00:00"", ""model"": ""gemma-4-12b-it-qat-q4_0.gguf"", ""api_version"": null}"
1307,Wild_Strawberries,"scene_001_scroll_001_num00301_sim0.jpg,scene_002_scroll_000_num00498_sim0.jpg",Cast,,PER SKOGSBERG,Hagbart,Cast,,first_half,"301,498",pending,1,per skogsberg,,nm0804583,auto_assigned,,Per Skogsberg,"{""timestamp"": ""2026-10-03T15:17:53.279689+00:00"", ""model"": ""gemma-4-12b-it-qat-q4_0.gguf"", ""api_version"": null}"
1308,Wild_Strawberries,"scene_001_scroll_001_num00301_sim0.jpg,scene_002_scroll_000_num00498_sim0.jpg",Cast,,GUNNAR OLSSON,Biskopen,Cast,,first_half,"301,498",pending,1,gunnar olsson,,,ambiguous,"[{""nconst"": ""nm0648056"", ""normalized_name"": ""gunnar olsson"", ""normalized_name_with_nickname"": null, ""primaryName"": ""Gunnar Olsson"", ""primaryProfession"": ""actor,director,writer"", ""birthYear"": 1904, ""deathYear"": 1983}, {""nconst"": ""nm13309722"", ""normalized_name"": ""gunnar olsson"", ""normalized_name_with_nickname"": null, ""primaryName"": ""Gunnar Olsson"", ""primaryProfession"": ""actor"", ""birthYear"": null, ""deathYear"": null}, {""nconst"": ""nm13648819"", ""normalized_name"": ""gunnar olsson"", ""normalized_name_with_nickname"": null, ""primaryName"": ""Gunnar Olsson"", ""primaryProfession"": ""actor"", ""birthYear"": null, ""deathYear"": null}, {""nconst"": ""nm2526996"", ""normalized_name"": ""gunnar olsson"", ""normalized_name_with_nickname"": null, ""primaryName"": ""Gunnar Olsson"", ""primaryProfession"": ""actor"", ""birthYear"": null, ""deathYear"": null}, {""nconst"": ""nm7465543"", ""normalized_name"": ""gunnar olsson"", ""normalized_name_with_nickname"": null, ""primaryName"": ""Gunnar Olsson"", ""primaryProfession"": ""actor"", ""birthYear"": null, ""deathYear"": null}]",,"{""timestamp"": ""2026-10-03T15:17:53.279689+00:00"", ""model"": ""gemma-4-12b-it-qat-q4_0.gguf"", ""api_version"": null}"
1309,Wild_Strawberries,scene_001_scroll_002_num00451_sim0.jpg,Cast,,JOSEF NORMAN,Professor Tiger,Cast,,first_half,451,pending,1,josef norman,,nm0635539,auto_assigned,,Josef Norman,"{""timestamp"": ""2026-10-03T15:17:53.279689+00:00"", ""model"": ""gemma-4-12b-it-qat-q4_0.gguf"", ""api_version"": null}"
1310,Wild_Strawberries,scene_001_scroll_002_num00451_sim0.jpg,Cast,,ANNE-MARIE WIMAN,Akermans fru,Cast,,first_half,451,pending,1,anne marie wiman,,,ambiguous,"[{""nconst"": ""nm0934422"", ""normalized_name"": ""ann marie wiman"", ""normalized_name_with_nickname"": null, ""primaryName"": ""Ann-Marie Wiman"", ""primaryProfession"": ""actress,composer"", ""birthYear"": 1921, ""deathYear"": 2016, ""fuzzy_similarity"": ""97"", ""matched_string"": ""ann marie wiman""}, {""nconst"": ""nm2987612"", ""normalized_name"": ""anne marie swan"", ""normalized_name_with_nickname"": null, ""primaryName"": ""Anne Marie Swan"", ""primaryProfession"": ""actress"", ""birthYear"": null, ""deathYear"": null, ""fuzzy_similarity"": ""90"", ""matched_string"": ""anne marie swan""}, {""nconst"": ""nm0638768"", ""normalized_name"": ""anne marie nyman"", ""normalized_name_with_nickname"": null, ""primaryName"": ""Anne-Marie Nyman"", ""primaryProfession"": ""actress"", ""birthYear"": 1923, ""deathYear"": 1999, ""fuzzy_similarity"": ""88"", ""matched_string"": ""anne marie nyman""}]",,"{""timestamp"": ""2026-10-03T15:17:53.279689+00:00"", ""model"": ""gemma-4-12b-it-qat-q4_0.gguf"", ""api_version"": null}"
1311,Wild_Strawberries,scene_001_scroll_002_num00451_sim0.jpg,Cast,,PROFESSOR WULFF,Promotor,Cast,,first_half,451,pending,1,professor wulff,,gp0000384,internal_assigned,,,"{""timestamp"": ""2026-10-03T15:17:53.279689+00:00"", ""model"": ""gemma-4-12b-it-qat-q4_0.gguf"", ""api_version"": null}"
1312,Wild_Strawberries,scene_001_scroll_002_num00451_sim0.jpg,Production Managers,,ALLAN EKELUND,Produktionsledare,Production Managers,,first_half,451,pending,1,allan ekelund,,nm0252321,auto_assigned,,Allan Ekelund,"{""timestamp"": ""2026-10-03T15:17:53.279689+00:00"", ""model"": ""gemma-4-12b-it-qat-q4_0.gguf"", ""api_version"": null}"
1313,Wild_Strawberries,scene_001_scroll_002_num00451_sim0.jpg,Cinematographers,,GUNNAR FISCHER,Fotograf,Cinematographers,,first_half,451,pending,1,gunnar fischer,,nm0005705,auto_assigned,,Gunnar Fischer,"{""timestamp"": ""2026-10-03T15:17:53.279689+00:00"", ""model"": ""gemma-4-12b-it-qat-q4_0.gguf"", ""api_version"": null}"
1314,Wild_Strawberries,"scene_001_scroll_002_num00451_sim0.jpg,scene_002_scroll_001_num00648_sim0.jpg",Composers,,ERIK NORDGREN,Musik,Composers,,first_half,"451,648",pending,1,erik nordgren,,,ambiguous,"[{""nconst"": ""nm0635059"", ""normalized_name"": ""erik nordgren"", ""normalized_name_with_nickname"": null, ""primaryName"": ""Erik Nordgren"", ""primaryProfession"": ""composer,music_department,sound_department"", ""birthYear"": 1913, ""deathYear"": 1992}, {""nconst"": ""nm9001817"", ""normalized_name"": ""erik nordgren"", ""normalized_name_with_nickname"": null, ""primaryName"": ""Erik Nordgren"", ""primaryProfession"": ""composer"", ""birthYear"": 1996, ""deathYear"": null}]",,"{""timestamp"": ""2026-10-03T15:17:53.279689+00:00"", ""model"": ""gemma-4-12b-it-qat-q4_0.gguf"", ""api_version"": null}"
1315,Wild_Strawberries,scene_002_scroll_000_num00498_sim0.jpg,Music Department,,ESKIL ECKERT-LUNDIN,Orkesterledare,Music Department,,first_half,498,pending,1,eskil eckert lundin,,nm0248639,auto_assigned,,Eskil Eckert-Lundin,"{""timestamp"": ""2026-10-03T15:17:53.279689+00:00"", ""model"": ""gemma-4-12b-it-qat-q4_0.gguf"", ""api_version"": null}"
1316,Wild_Strawberries,scene_002_scroll_001_num00648_sim0.jpg,Cast,,GUNNAR FISCHER,Stigar,Cast,,first_half,648,pending,1,gunnar fischer,,,manual_required,"[{""nconst"": ""nm0005705"", ""normalized_name"": ""gunnar fischer"", ""normalized_name_with_nickname"": null, ""primaryName"": ""Gunnar Fischer"", ""primaryProfession"": ""cinematographer,camera_department,director"", ""birthYear"": 1910, ""deathYear"": 2011}, {""nconst"": ""nm10676374"", ""normalized_name"": ""gunnar fischer"", ""normalized_name_with_nickname"": null, ""primaryName"": ""Gunnar Fischer"", ""primaryProfession"": ""writer,editorial_department"", ""birthYear"": null, ""deathYear"": null}]",,"{""timestamp"": ""2026-10-03T15:17:53.279689+00:00"", ""model"": ""gemma-4-12b-it-qat-q4_0.gguf"", ""api_version"": null}"
1317,Wild_Strawberries,scene_002_scroll_001_num00648_sim0.jpg,Additional Crew,,LOUIS HUCH,Stillbildsfoto,Additional Crew,,first_half,648,pending,1,louis huch,,,manual_required,"[{""nconst"": ""nm0399573"", ""normalized_name"": ""louis huch"", ""normalized_name_with_nickname"": null, ""primaryName"": ""Louis Huch"", ""primaryProfession"": ""camera_department"", ""birthYear"": 1896, ""deathYear"": 1961}]",,"{""timestamp"": ""2026-10-03T15:17:53.279689+00:00"", ""model"": ""gemma-4-12b-it-qat-q4_0.gguf"", ""api_version"": null}"
1318,Wild_Strawberries,scene_002_scroll_001_num00648_sim0.jpg,Art Department,,GITTAN GUSTAFSSON,Arkitekt,Art Department,,first_half,648,pending,1,gittan gustafsson,,nm0349023,auto_assigned,,Gittan Gustafsson,"{""timestamp"": ""2026-10-03T15:17:53.279689+00:00"", ""model"": ""gemma-4-12b-it-qat-q4_0.gguf"", ""api_version"": null}"
1319,Wild_Strawberries,scene_002_scroll_001_num00648_sim0.jpg,Editors,,OSCAR ROSANDER,Klippning,Editors,,first_half,648,pending,1,oscar rosander,,nm0741013,auto_assigned,,Oscar Rosander,"{""timestamp"": ""2026-10-03T15:17:53.279689+00:00"", ""model"": ""gemma-4-12b-it-qat-q4_0.gguf"", ""api_version"": null}"
1320,Wild_Strawberries,scene_002_scroll_001_num00648_sim0.jpg,Sound Department,,AABY WEDIN,Ljud,Sound Department,,first_half,648,pending,1,aaby wedin,,nm0917194,auto_assigned,,Aaby Wedin,"{""timestamp"": ""2026-10-03T15:17:53.279689+00:00"", ""model"": ""gemma-4-12b-it-qat-q4_0.gguf"", ""api_version"": null}"
1321,Wild_Strawberries,scene_002_scroll_001_num00648_sim0.jpg,Second Unit Directors or Assistant Directors,,GÖSTA EKMAN,Regiassistent,Second Unit Directors or Assistant Directors,,first_half,648,pending,1,gosta ekman,,,manual_required,"[{""nconst"": ""nm0252472"", ""normalized_name"": ""gosta ekman"", ""normalized_name_with_nickname"": null, ""primaryName"": ""G\u00f6sta Ekman"", ""primaryProfession"": ""actor,writer,director"", ""birthYear"": 1890, ""deathYear"": 1938}, {""nconst"": ""nm0252473"", ""normalized_name"": ""gosta ekman"", ""normalized_name_with_nickname"": null, ""primaryName"": ""G\u00f6sta Ekman"", ""primaryProfession"": ""actor,writer,director"", ""birthYear"": 1939, ""deathYear"": 2017}]",,"{""timestamp"": ""2026-10-03T15:17:53.279689+00:00"", ""model"": ""gemma-4-12b-it-qat-q4_0.gguf"", ""api_version"": null}"
1322,Wild_Strawberries,scene_002_scroll_002_num00798_sim0.jpg,Writers,,KATHERINA FARAGÓ,Scripta,Writers,,first_half,798,pending,1,katherina farago,,gp0000382,internal_assigned,,,"{""timestamp"": ""2026-10-03T15:17:53.279689+00:00"", ""model"": ""gemma-4-12b-it-qat-q4_0.gguf"", ""api_version"": null}"
1323,Wild_Strawberries,scene_002_scroll_002_num00798_sim0.jpg,Production Managers,,SVEN SJÖNELL,Inspelningsledare,Production Managers,,first_half,798,pending,1,sven sjonell,,nm0803674,auto_assigned,,Sven Sjönell,"{""timestamp"": ""2026-10-03T15:17:53.279689+00:00"", ""model"": ""gemma-4-12b-it-qat-q4_0.gguf"", ""api_version"": null}"
1324,Wild_Strawberries,scene_002_scroll_002_num00798_sim0.jpg,Makeup Department,,NILS NITTEL,Perukmakare,Makeup Department,,first_half,798,pending,1,nils nittel,,nm0633032,auto_assigned,,Nils Nittel,"{""timestamp"": ""2026-10-03T15:17:53.279689+00:00"", ""model"": ""gemma-4-12b-it-qat-q4_0.gguf"", ""api_version"": null}"
1325,Wild_Strawberries,scene_002_scroll_002_num00798_sim0.jpg,Miscellaneous Companies,,Firma Carl M Lundh,Perukmakare,Miscellaneous Companies,,first_half,798,pending,0,firma carl m lundh,,cm0000128,internal_assigned,,,"{""timestamp"": ""2026-10-03T15:17:53.279689+00:00"", ""model"": ""gemma-4-12b-it-qat-q4_0.gguf"", ""api_version"": null}"
1326,Wild_Strawberries,scene_002_scroll_002_num00798_sim0.jpg,Costume Designers,,MILLE STRÖM,Kostymör,Costume Designers,,first_half,798,pending,1,mille strom,,nm0835513,auto_assigned,,Millie Ström,"{""timestamp"": ""2026-10-03T15:17:53.279689+00:00"", ""model"": ""gemma-4-12b-it-qat-q4_0.gguf"", ""api_version"": null}"
1327,Wild_Strawberries,scene_002_scroll_002_num00798_sim0.jpg,Property Department,,KARL-ARNE BERGMAN,Rekvisitör,Property Department,,first_half,798,pending,1,karl arne bergman,,nm0074814,auto_assigned,,Karl-Arne Bergman,"{""timestamp"": ""2026-10-03T15:17:53.279689+00:00"", ""model"": ""gemma-4-12b-it-qat-q4_0.gguf"", ""api_version"": null}"
1328,Wild_Strawberries,scene_002_scroll_003_num00948_sim0.jpg,Camera and Electrical Department,,BJÖRN THERMAENIUS,B-foto,Camera and Electrical Department,,first_half,948,pending,1,bjorn thermaenius,,nm0857606,auto_assigned,,Björn Thermænius,"{""timestamp"": ""2026-10-03T15:17:53.279689+00:00"", ""model"": ""gemma-4-12b-it-qat-q4_0.gguf"", ""api_version"": null}"
1329,Wild_Strawberries,scene_002_scroll_003_num00948_sim0.jpg,Sound Department,,LENNART WALLIN,B-ljud,Sound Department,,first_half,948,pending,1,lennart wallin,,nm0909187,auto_assigned,,Lennart Wallin,"{""timestamp"": ""2026-10-03T15:17:53.279689+00:00"", ""model"": ""gemma-4-12b-it-qat-q4_0.gguf"", ""api_version"": null}"
1330,Wild_Strawberries,scene_002_scroll_003_num00948_sim0.jpg,Sound Department,,SVEN RUDESTEDT,Mixning,Sound Department,,first_half,948,pending,1,sven rudestedt,,nm0748731,auto_assigned,,Sven Rudestedt,"{""timestamp"": ""2026-10-03T15:17:53.279689+00:00"", ""model"": ""gemma-4-12b-it-qat-q4_0.gguf"", ""api_version"": null}"
1331,Wild_Strawberries,scene_002_scroll_003_num00948_sim0.jpg,Writers,,INGMAR BERGMAN,Manuskript,Writers,,first_half,948,pending,1,ingmar bergman,,nm0000005,auto_assigned,,Ingmar Bergman,"{""timestamp"": ""2026-10-03T15:17:53.279689+00:00"", ""model"": ""gemma-4-12b-it-qat-q4_0.gguf"", ""api_version"": null}"
1332,Wild_Strawberries,scene_002_scroll_004_num01098_sim0.jpg,Directors,,INGMAR BERGMAN,Regissör,Directors,,first_half,1098,pending,1,ingmar bergman,,nm0000005,auto_assigned,,Ingmar Bergman,"{""timestamp"": ""2026-10-03T15:17:53.279689+00:00"", ""model"": ""gemma-4-12b-it-qat-q4_0.gguf"", ""api_version"": null}"
1333,Wild_Strawberries,scene_002_scroll_005_num01398_sim0.jpg,Miscellaneous Companies,,THE CHIMNEY POT,I SAMARBETE MED,Miscellaneous Companies,,first_half,1398,pending,0,the chimney pot,,cm0000130,internal_assigned,,,"{""timestamp"": ""2026-10-03T15:17:53.279689+00:00"", ""model"": ""gemma-4-12b-it-qat-q4_0.gguf"", ""api_version"": null}"
1334,Wild_Strawberries,scene_002_scroll_005_num01398_sim0.jpg,Miscellaneous Companies,,MARSMOTEL AB,I SAMARBETE MED,Miscellaneous Companies,,first_half,1398,pending,0,marsmotel ab,,cm0000129,internal_assigned,,,"{""timestamp"": ""2026-10-03T15:17:53.279689+00:00"", ""model"": ""gemma-4-12b-it-qat-q4_0.gguf"", ""api_version"": null}"
1335,Wild_Strawberries,scene_002_scroll_005_num01398_sim0.jpg,Miscellaneous Companies,,CINEPOST STUDIOS AB,I SAMARBETE MED,Miscellaneous Companies,,first_half,1398,pending,0,cinepost studios ab,,cm0000127,internal_assigned,,,"{""timestamp"": ""2026-10-03T15:17:53.279689+00:00"", ""model"": ""gemma-4-12b-it-qat-q4_0.gguf"", ""api_version"": null}"
1336,Wild_Strawberries,scene_002_scroll_005_num01398_sim0.jpg,Production Managers,,PETER BENGTSSON,PROJEKTLEDARE:,Production Managers,,first_half,1398,pending,1,peter bengtsson,,nm0071101,auto_assigned,,Peter Bengtsson,"{""timestamp"": ""2026-10-03T15:17:53.279689+00:00"", ""model"": ""gemma-4-12b-it-qat-q4_0.gguf"", ""api_version"": null}"
1337,Wild_Strawberries,scene_000_static_000_num00036_sim0.jpg,Miscellaneous Companies,,SVENSK FILMINDUSTRI,VISAR,Miscellaneous Companies,,first_half,36,pending,0,svensk filmindustri,,cm0000132,internal_assigned,,,"{""timestamp"": ""2026-10-03T15:21:09.440161+00:00"", ""model"": ""gemma-4-12b-it-qat-q4_0.gguf"", ""api_version"": null}"
1338,Wild_Strawberries,scene_000_static_001_num00180_sim35.jpg,Directors,,VICTOR SJOSTROM,,Directors,,first_half,180,pending,1,victor sjostrom,,nm0803705,auto_assigned,,Victor Sjöström,"{""timestamp"": ""2026-10-03T15:21:09.440161+00:00"", ""model"": ""gemma-4-12b-it-qat-q4_0.gguf"", ""api_version"": null}"
1339,Wild_Strawberries,scene_000_static_005_num00408_sim67.jpg,Directors,,Ingmar Bergman,Director,Directors,,first_half,408,pending,1,ingmar bergman,,nm0000005,auto_assigned,,Ingmar Bergman,"{""timestamp"": ""2026-10-03T15:21:09.440161+00:00"", ""model"": ""gemma-4-12b-it-qat-q4_0.gguf"", ""api_version"": null}"
1340,Wild_Strawberries,"scene_000_static_007_num00504_sim79.jpg,scene_000_static_008_num00516_sim53.jpg",Cast,,Bibi Andersson,MED,Cast,,first_half,"504,516",pending,1,bibi andersson,,nm0000761,auto_assigned,,Bibi Andersson,"{""timestamp"": ""2026-10-03T15:21:09.440161+00:00"", ""model"": ""gemma-4-12b-it-qat-q4_0.gguf"", ""api_version"": null}"
1341,Wild_Strawberries,"scene_000_static_007_num00504_sim79.jpg,scene_000_static_008_num00516_sim53.jpg",Cast,,Ingrid Thulin,EN FILMSAV,Cast,,first_half,"504,516",pending,1,ingrid thulin,,nm0862026,auto_assigned,,Ingrid Thulin,"{""timestamp"": ""2026-10-03T15:21:09.440161+00:00"", ""model"": ""gemma-4-12b-it-qat-q4_0.gguf"", ""api_version"": null}"
1342,Wild_Strawberries,scene_000_static_007_num00504_sim79.jpg,Cast,,Görnar Bergstrand,GÖRNAR BERGSTRAND,Cast,,first_half,504,pending,1,gornar bergstrand,,gp0000389,internal_assigned,,,"{""timestamp"": ""2026-10-03T15:21:09.440161+00:00"", ""model"": ""gemma-4-12b-it-qat-q4_0.gguf"", ""api_version"": null}"
1343,Wild_Strawberries,scene_000_static_008_num00516_sim53.jpg,Cast,,Gunnar Björnstrand,MED,Cast,,first_half,516,pending,1,gunnar bjornstrand,,nm0085038,auto_assigned,,Gunnar Björnstrand,"{""timestamp"": ""2026-10-03T15:21:09.440161+00:00"", ""model"": ""gemma-4-12b-it-qat-q4_0.gguf"", ""api_version"": null}"
1344,Wild_Strawberries,scene_000_static_011_num00612_sim45.jpg,Cast,,BJÖRN LAND KINDBANL,MED,Cast,,first_half,612,pending,1,bjorn land kindbanl,,gp0000387,internal_assigned,,,"{""timestamp"": ""2026-10-03T15:21:09.440161+00:00"", ""model"": ""gemma-4-12b-it-qat-q4_0.gguf"", ""api_version"": null}"
1345,Wild_Strawberries,"scene_000_static_011_num00612_sim45.jpg,scene_000_static_013_num00720_sim22.jpg",Cast,,FOLKE SUNDQUIST,MED,Cast,,first_half,"612,720",pending,1,folke sundquist,,nm0839212,auto_assigned,,Folke Sundquist,"{""timestamp"": ""2026-10-03T15:21:09.440161+00:00"", ""model"": ""gemma-4-12b-it-qat-q4_0.gguf"", ""api_version"": null}"
1346,Wild_Strawberries,scene_000_static_011_num00612_sim45.jpg,Cast,,BJÖRN BJÖLVENSTAMNI,MED,Cast,,first_half,612,pending,1,bjorn bjolvenstamni,,gp0000386,internal_assigned,,,"{""timestamp"": ""2026-10-03T15:21:09.440161+00:00"", ""model"": ""gemma-4-12b-it-qat-q4_0.gguf"", ""api_version"": null}"
1347,Wild_Strawberries,scene_000_static_012_num00624_sim56.jpg,Cast,,JULLAN KINDAHL,,Cast,,first_half,624,pending,1,jullan kindahl,,nm0454247,auto_assigned,,Jullan Kindahl,"{""timestamp"": ""2026-10-03T15:21:09.440161+00:00"", ""model"": ""gemma-4-12b-it-qat-q4_0.gguf"", ""api_version"": null}"
1348,Wild_Strawberries,scene_000_static_013_num00720_sim22.jpg,Cast,,NAIMA WIESTRAND,,Cast,,first_half,720,pending,1,naima wiestrand,,nm0927711,auto_assigned,,Naima Wifstrand,"{""timestamp"": ""2026-10-03T15:21:09.440161+00:00"", ""model"": ""gemma-4-12b-it-qat-q4_0.gguf"", ""api_version"": null}"
1349,Wild_Strawberries,scene_000_static_013_num00720_sim22.jpg,Cast,,JULIAN KINDAHL,,Cast,,first_half,720,pending,1,julian kindahl,,,ambiguous,"[{""nconst"": ""nm0454247"", ""normalized_name"": ""jullan kindahl"", ""normalized_name_with_nickname"": null, ""primaryName"": ""Jullan Kindahl"", ""primaryProfession"": ""actress"", ""birthYear"": 1885, ""deathYear"": 1979, ""fuzzy_similarity"": ""93"", ""matched_string"": ""jullan kindahl""}, {""nconst"": ""nm9220052"", ""normalized_name"": ""kindra julian"", ""normalized_name_with_nickname"": null, ""primaryName"": ""Kindra Julian"", ""primaryProfession"": ""actress"", ""birthYear"": null, ""deathYear"": null, ""fuzzy_similarity"": ""89"", ""matched_string"": ""kindra julian""}]",,"{""timestamp"": ""2026-10-03T15:21:09.440161+00:00"", ""model"": ""gemma-4-12b-it-qat-q4_0.gguf"", ""api_version"": null}"
1350,Wild_Strawberries,scene_000_static_013_num00720_sim22.jpg,Cast,,BJORN BJELVENSTAM,,Cast,,first_half,720,pending,1,bjorn bjelvenstam,,nm0084761,auto_assigned,,Björn Bjelfvenstam,"{""timestamp"": ""2026-10-03T15:21:09.440161+00:00"", ""model"": ""gemma-4-12b-it-qat-q4_0.gguf"", ""api_version"": null}"
1351,Wild_Strawberries,scene_000_static_015_num00744_sim100.jpg,Cast,,NAIMA WIFSTRAND,,Cast,,first_half,744,pending,1,naima wifstrand,,nm0927711,auto_assigned,,Naima Wifstrand,"{""timestamp"": ""2026-10-03T15:21:09.440161+00:00"", ""model"": ""gemma-4-12b-it-qat-q4_0.gguf"", ""api_version"": null}"
1352,Wild_Strawberries,scene_000_static_015_num00744_sim100.jpg,Cast,,GUNNEL BROSTROM,,Cast,,first_half,744,pending,1,gunnel brostrom,,nm0112560,auto_assigned,,Gunnel Broström,"{""timestamp"": ""2026-10-03T15:21:09.440161+00:00"", ""model"": ""gemma-4-12b-it-qat-q4_0.gguf"", ""api_version"": null}"
1353,Wild_Strawberries,scene_000_static_015_num00744_sim100.jpg,Cast,,GERTRUD FRIDH,,Cast,,first_half,744,pending,1,gertrud fridh,,nm0294892,auto_assigned,,Gertrud Fridh,"{""timestamp"": ""2026-10-03T15:21:09.440161+00:00"", ""model"": ""gemma-4-12b-it-qat-q4_0.gguf"", ""api_version"": null}"
1354,Wild_Strawberries,scene_000_static_015_num00744_sim100.jpg,Cast,,SIF RUUD,,Cast,,first_half,744,pending,1,sif ruud,,nm0752211,auto_assigned,,Sif Ruud,"{""timestamp"": ""2026-10-03T15:21:09.440161+00:00"", ""model"": ""gemma-4-12b-it-qat-q4_0.gguf"", ""api_version"": null}"
1355,Wild_Strawberries,scene_000_static_019_num00972_sim62.jpg,Cast,,GIO PETRÉ,,Cast,,first_half,972,pending,1,gio petre,,nm0678469,auto_assigned,,Gio Petré,"{""timestamp"": ""2026-10-03T15:21:09.440161+00:00"", ""model"": ""gemma-4-12b-it-qat-q4_0.gguf"", ""api_version"": null}"
1356,Wild_Strawberries,scene_000_static_019_num00972_sim62.jpg,Cast,,GUNNAR SJÖBERG,,Cast,,first_half,972,pending,1,gunnar sjoberg,,nm0803561,auto_assigned,,Gunnar Sjöberg,"{""timestamp"": ""2026-10-03T15:21:09.440161+00:00"", ""model"": ""gemma-4-12b-it-qat-q4_0.gguf"", ""api_version"": null}"
1357,Wild_Strawberries,scene_000_static_019_num00972_sim62.jpg,Cast,,MAX VON SYDOW,,Cast,,first_half,972,pending,1,max von sydow,,nm0001884,auto_assigned,,Max von Sydow,"{""timestamp"": ""2026-10-03T15:21:09.440161+00:00"", ""model"": ""gemma-4-12b-it-qat-q4_0.gguf"", ""api_version"": null}"
1358,Wild_Strawberries,scene_000_static_019_num00972_sim62.jpg,Cast,,ÅKE FRIDELL WIMAN,,Cast,,first_half,972,pending,1,ake fridell wiman,,gp0000399,internal_assigned,,,"{""timestamp"": ""2026-10-03T15:21:09.440161+00:00"", ""model"": ""gemma-4-12b-it-qat-q4_0.gguf"", ""api_version"": null}"
1359,Wild_Strawberries,scene_000_static_019_num00972_sim62.jpg,Cast,,YNGVE NORDWALL,,Cast,,first_half,972,pending,1,yngve nordwall,,nm0635241,auto_assigned,,Yngve Nordwall,"{""timestamp"": ""2026-10-03T15:21:09.440161+00:00"", ""model"": ""gemma-4-12b-it-qat-q4_0.gguf"", ""api_version"": null}"
1360,Wild_Strawberries,scene_000_static_019_num00972_sim62.jpg,Cast,,PER SJÖSTRAND,,Cast,,first_half,972,pending,1,per sjostrand,,nm0803689,auto_assigned,,Per Sjöstrand,"{""timestamp"": ""2026-10-03T15:21:09.440161+00:00"", ""model"": ""gemma-4-12b-it-qat-q4_0.gguf"", ""api_version"": null}"
1361,Wild_Strawberries,scene_000_static_019_num00972_sim62.jpg,Cast,,MONICA EHRLING,,Cast,,first_half,972,pending,1,monica ehrling,,nm0251392,auto_assigned,,Monica Ehrling,"{""timestamp"": ""2026-10-03T15:21:09.440161+00:00"", ""model"": ""gemma-4-12b-it-qat-q4_0.gguf"", ""api_version"": null}"
1362,Wild_Strawberries,scene_000_static_023_num01140_sim72.jpg,Camera and Electrical Department,,GUNNEL LINDBLOM,FOTO:,Camera and Electrical Department,,first_half,1140,pending,1,gunnel lindblom,,,manual_required,"[{""nconst"": ""nm0511458"", ""normalized_name"": ""gunnel lindblom"", ""normalized_name_with_nickname"": null, ""primaryName"": ""Gunnel Lindblom"", ""primaryProfession"": ""actress,director,writer"", ""birthYear"": 1931, ""deathYear"": 2021}]",,"{""timestamp"": ""2026-10-03T15:21:09.440161+00:00"", ""model"": ""gemma-4-12b-it-qat-q4_0.gguf"", ""api_version"": null}"
1363,Wild_Strawberries,scene_000_static_023_num01140_sim72.jpg,Camera and Electrical Department,,MAGNUS ARGESCHER,FOTO:,Camera and Electrical Department,,first_half,1140,pending,1,magnus argescher,,gp0000394,internal_assigned,,,"{""timestamp"": ""2026-10-03T15:21:09.440161+00:00"", ""model"": ""gemma-4-12b-it-qat-q4_0.gguf"", ""api_version"": null}"
1364,Wild_Strawberries,"scene_000_static_023_num01140_sim72.jpg,scene_000_static_025_num01320_sim54.jpg",Art Department,,GITTAN GUSTAFSSON,ARKITEKT:,Art Department,,first_half,"1140,1320",pending,1,gittan gustafsson,,nm0349023,auto_assigned,,Gittan Gustafsson,"{""timestamp"": ""2026-10-03T15:21:09.440161+00:00"", ""model"": ""gemma-4-12b-it-qat-q4_0.gguf"", ""api_version"": null}"
1365,Wild_Strawberries,"scene_000_static_023_num01140_sim72.jpg,scene_000_static_025_num01320_sim54.jpg",Composers,,ERIK NORDGREN,MUSIK:,Composers,,first_half,"1140,1320",pending,1,erik nordgren,,,ambiguous,"[{""nconst"": ""nm0635059"", ""normalized_name"": ""erik nordgren"", ""normalized_name_with_nickname"": null, ""primaryName"": ""Erik Nordgren"", ""primaryProfession"": ""composer,music_department,sound_department"", ""birthYear"": 1913, ""deathYear"": 1992}, {""nconst"": ""nm9001817"", ""normalized_name"": ""erik nordgren"", ""normalized_name_with_nickname"": null, ""primaryName"": ""Erik Nordgren"", ""primaryProfession"": ""composer"", ""birthYear"": 1996, ""deathYear"": null}]",,"{""timestamp"": ""2026-10-03T15:21:09.440161+00:00"", ""model"": ""gemma-4-12b-it-qat-q4_0.gguf"", ""api_version"": null}"
1366,Wild_Strawberries,scene_000_static_023_num01140_sim72.jpg,Composers,,LENA BERGMAN,MUSIK:,Composers,,first_half,1140,pending,1,lena bergman,,,manual_required,"[{""nconst"": ""nm0074822"", ""normalized_name"": ""lena bergman"", ""normalized_name_with_nickname"": null, ""primaryName"": ""Lena Bergman"", ""primaryProfession"": ""actress"", ""birthYear"": 1943, ""deathYear"": null}, {""nconst"": ""nm10199087"", ""normalized_name"": ""lena bergman"", ""normalized_name_with_nickname"": null, ""primaryName"": ""Lena Bergman"", ""primaryProfession"": null, ""birthYear"": null, ""deathYear"": null}]",,"{""timestamp"": ""2026-10-03T15:21:09.440161+00:00"", ""model"": ""gemma-4-12b-it-qat-q4_0.gguf"", ""api_version"": null}"
1367,Wild_Strawberries,scene_000_static_024_num01152_sim46.jpg,Camera and Electrical Department,,GUNNAR FISCHER,FOTO:,Camera and Electrical Department,,first_half,1152,pending,1,gunnar fischer,,nm0005705,auto_assigned,,Gunnar Fischer,"{""timestamp"": ""2026-10-03T15:21:09.440161+00:00"", ""model"": ""gemma-4-12b-it-qat-q4_0.gguf"", ""api_version"": null}"
1368,Wild_Strawberries,scene_000_static_025_num01320_sim54.jpg,Editors,,OSCAR ROSANDER,KLIPPNING:,Editors,,first_half,1320,pending,1,oscar rosander,,nm0741013,auto_assigned,,Oscar Rosander,"{""timestamp"": ""2026-10-03T15:21:09.440161+00:00"", ""model"": ""gemma-4-12b-it-qat-q4_0.gguf"", ""api_version"": null}"
1369,Wild_Strawberries,scene_000_static_025_num01320_sim54.jpg,Miscellaneous Companies,,Carl M. Lunetti,FIRMA CARL M. LUNETTI,Miscellaneous Companies,,first_half,1320,pending,0,carl m lunetti,,cm0000131,internal_assigned,,,"{""timestamp"": ""2026-10-03T15:21:09.440161+00:00"", ""model"": ""gemma-4-12b-it-qat-q4_0.gguf"", ""api_version"": null}"
1370,Wild_Strawberries,scene_000_static_026_num01344_sim52.jpg,Sound Department,,AABY WEDIN,LIUD:,Sound Department,,first_half,1344,pending,1,aaby wedin,,nm0917194,auto_assigned,,Aaby Wedin,"{""timestamp"": ""2026-10-03T15:21:09.440161+00:00"", ""model"": ""gemma-4-12b-it-qat-q4_0.gguf"", ""api_version"": null}"
1371,Wild_Strawberries,"scene_000_static_026_num01344_sim52.jpg,scene_000_static_027_num01488_sim49.jpg",Costume and Wardrobe Department,,MILLIE STROM,KLADER:,Costume and Wardrobe Department,,first_half,"1344,1488",pending,1,millie strom,,,manual_required,"[{""nconst"": ""nm0835513"", ""normalized_name"": ""millie strom"", ""normalized_name_with_nickname"": null, ""primaryName"": ""Millie Str\u00f6m"", ""primaryProfession"": ""costume_designer"", ""birthYear"": null, ""deathYear"": null}]",,"{""timestamp"": ""2026-10-03T15:21:09.440161+00:00"", ""model"": ""gemma-4-12b-it-qat-q4_0.gguf"", ""api_version"": null}"
1372,Wild_Strawberries,scene_000_static_026_num01344_sim52.jpg,Makeup Department,,NILS NITTEL,PERUKMAKARE:,Makeup Department,,first_half,1344,pending,1,nils nittel,,nm0633032,auto_assigned,,Nils Nittel,"{""timestamp"": ""2026-10-03T15:21:09.440161+00:00"", ""model"": ""gemma-4-12b-it-qat-q4_0.gguf"", ""api_version"": null}"
1373,Wild_Strawberries,scene_000_static_026_num01344_sim52.jpg,Miscellaneous Companies,,FIRMA CARL M. LUNDH,PERUKMAKARE:,Miscellaneous Companies,,first_half,1344,pending,0,firma carl m lundh,,cm0000128,internal_assigned,,,"{""timestamp"": ""2026-10-03T15:21:09.440161+00:00"", ""model"": ""gemma-4-12b-it-qat-q4_0.gguf"", ""api_version"": null}"
1374,Wild_Strawberries,scene_000_static_027_num01488_sim49.jpg,Art Department,,KARD SARE,REKVISITOR:,Art Department,,first_half,1488,pending,1,kard sare,,gp0000390,internal_assigned,,,"{""timestamp"": ""2026-10-03T15:21:09.440161+00:00"", ""model"": ""gemma-4-12b-it-qat-q4_0.gguf"", ""api_version"": null}"
1375,Wild_Strawberries,scene_000_static_027_num01488_sim49.jpg,Art Department,,RENE BERG,REKVISITOR:,Art Department,,first_half,1488,pending,1,rene berg,,gp0000395,internal_assigned,,,"{""timestamp"": ""2026-10-03T15:21:09.440161+00:00"", ""model"": ""gemma-4-12b-it-qat-q4_0.gguf"", ""api_version"": null}"
1376,Wild_Strawberries,scene_000_static_027_num01488_sim49.jpg,Art Department,,SANTAR,REKVISITOR:,Art Department,,first_half,1488,pending,1,santar,,gp0000396,internal_assigned,,,"{""timestamp"": ""2026-10-03T15:21:09.440161+00:00"", ""model"": ""gemma-4-12b-it-qat-q4_0.gguf"", ""api_version"": null}"
1377,Wild_Strawberries,scene_000_static_027_num01488_sim49.jpg,Editors,,KARD SARE,KLIPPNING:,Editors,,first_half,1488,pending,1,kard sare,,gp0000391,internal_assigned,,,"{""timestamp"": ""2026-10-03T15:21:09.440161+00:00"", ""model"": ""gemma-4-12b-it-qat-q4_0.gguf"", ""api_version"": null}"
1378,Wild_Strawberries,scene_000_static_027_num01488_sim49.jpg,Editors,,RENE BERG,KLIPPNING:,Editors,,first_half,1488,pending,1,rene berg,,,manual_required,"[{""nconst"": ""nm0073828"", ""normalized_name"": ""lene berg"", ""normalized_name_with_nickname"": null, ""primaryName"": ""Lene Berg"", ""primaryProfession"": ""writer,director,editorial_department"", ""birthYear"": 1965, ""deathYear"": null, ""fuzzy_similarity"": ""89"", ""matched_string"": ""lene berg""}]",,"{""timestamp"": ""2026-10-03T15:21:09.440161+00:00"", ""model"": ""gemma-4-12b-it-qat-q4_0.gguf"", ""api_version"": null}"
1379,Wild_Strawberries,scene_000_static_027_num01488_sim49.jpg,Editors,,SANTAR,KLIPPNING:,Editors,,first_half,1488,pending,1,santar,,gp0000397,internal_assigned,,,"{""timestamp"": ""2026-10-03T15:21:09.440161+00:00"", ""model"": ""gemma-4-12b-it-qat-q4_0.gguf"", ""api_version"": null}"
1380,Wild_Strawberries,scene_000_static_027_num01488_sim49.jpg,Second Unit Directors or Assistant Directors,,ABY WEDIN,REGIAASSISTENT:,Second Unit Directors or Assistant Directors,,first_half,1488,pending,1,aby wedin,,gp0000385,internal_assigned,,,"{""timestamp"": ""2026-10-03T15:21:09.440161+00:00"", ""model"": ""gemma-4-12b-it-qat-q4_0.gguf"", ""api_version"": null}"
1381,Wild_Strawberries,scene_000_static_027_num01488_sim49.jpg,Costume and Wardrobe Department,,GÖSTA,KLADER:,Costume and Wardrobe Department,,first_half,1488,pending,1,gosta,,gp0000388,internal_assigned,,,"{""timestamp"": ""2026-10-03T15:21:09.440161+00:00"", ""model"": ""gemma-4-12b-it-qat-q4_0.gguf"", ""api_version"": null}"
1382,Wild_Strawberries,scene_000_static_027_num01488_sim49.jpg,Script and Continuity Department,,NILS NITTEL,SCRIPT GIRL:,Script and Continuity Department,,first_half,1488,pending,1,nils nittel,,,manual_required,"[{""nconst"": ""nm0633032"", ""normalized_name"": ""nils nittel"", ""normalized_name_with_nickname"": null, ""primaryName"": ""Nils Nittel"", ""primaryProfession"": ""make_up_department,actor"", ""birthYear"": 1912, ""deathYear"": 1974}, {""nconst"": ""nm1467193"", ""normalized_name"": ""nils nittel"", ""normalized_name_with_nickname"": null, ""primaryName"": ""Nils Nittel"", ""primaryProfession"": ""actor"", ""birthYear"": null, ""deathYear"": null}]",,"{""timestamp"": ""2026-10-03T15:21:09.440161+00:00"", ""model"": ""gemma-4-12b-it-qat-q4_0.gguf"", ""api_version"": null}"
1383,Wild_Strawberries,scene_000_static_027_num01488_sim49.jpg,Makeup Department,,KATHERINE KARABAG,PERUKMAKARE:,Makeup Department,,first_half,1488,pending,1,katherine karabag,,gp0000393,internal_assigned,,,"{""timestamp"": ""2026-10-03T15:21:09.440161+00:00"", ""model"": ""gemma-4-12b-it-qat-q4_0.gguf"", ""api_version"": null}"
1384,Wild_Strawberries,scene_000_static_027_num01488_sim49.jpg,Production Department,,SVEN STÖNELL,INSPELNINGSLEDARE:,Production Department,,first_half,1488,pending,1,sven stonell,,gp0000398,internal_assigned,,,"{""timestamp"": ""2026-10-03T15:21:09.440161+00:00"", ""model"": ""gemma-4-12b-it-qat-q4_0.gguf"", ""api_version"": null}"
1385,Wild_Strawberries,scene_000_static_029_num01512_sim100.jpg,Art Department,,KARL-ARNE BERGMAN,REKVISITOR:,Art Department,,first_half,1512,pending,1,karl arne bergman,,,manual_required,"[{""nconst"": ""nm0074814"", ""normalized_name"": ""karl arne bergman"", ""normalized_name_with_nickname"": null, ""primaryName"": ""Karl-Arne Bergman"", ""primaryProfession"": ""miscellaneous,actor,production_manager"", ""birthYear"": 1918, ""deathYear"": 1974}]",,"{""timestamp"": ""2026-10-03T15:21:09.440161+00:00"", ""model"": ""gemma-4-12b-it-qat-q4_0.gguf"", ""api_version"": null}"
1386,Wild_Strawberries,scene_000_static_029_num01512_sim100.jpg,Second Unit Directors or Assistant Directors,,GÖSTA EKMAN,REGIASSISTENT:,Second Unit Directors or Assistant Directors,,first_half,1512,pending,1,gosta ekman,,,manual_required,"[{""nconst"": ""nm0252472"", ""normalized_name"": ""gosta ekman"", ""normalized_name_with_nickname"": null, ""primaryName"": ""G\u00f6sta Ekman"", ""primaryProfession"": ""actor,writer,director"", ""birthYear"": 1890, ""deathYear"": 1938}, {""nconst"": ""nm0252473"", ""normalized_name"": ""gosta ekman"", ""normalized_name_with_nickname"": null, ""primaryName"": ""G\u00f6sta Ekman"", ""primaryProfession"": ""actor,writer,director"", ""birthYear"": 1939, ""deathYear"": 2017}]",,"{""timestamp"": ""2026-10-03T15:21:09.440161+00:00"", ""model"": ""gemma-4-12b-it-qat-q4_0.gguf"", ""api_version"": null}"
1387,Wild_Strawberries,scene_000_static_029_num01512_sim100.jpg,Script and Continuity Department,,KATHERINA FARAGÖ,SCRIPT-GIRL:,Script and Continuity Department,,first_half,1512,pending,1,katherina farago,,gp0000392,internal_assigned,,,"{""timestamp"": ""2026-10-03T15:21:09.440161+00:00"", ""model"": ""gemma-4-12b-it-qat-q4_0.gguf"", ""api_version"": null}"
1388,Wild_Strawberries,scene_000_static_029_num01512_sim100.jpg,Production Department,,SVEN SJONELL,INSPELNINGSLEDARE:,Production Department,,first_half,1512,pending,1,sven sjonell,,,manual_required,"[{""nconst"": ""nm0803674"", ""normalized_name"": ""sven sjonell"", ""normalized_name_with_nickname"": null, ""primaryName"": ""Sven Sj\u00f6nell"", ""primaryProfession"": ""production_manager,location_management,assistant_director"", ""birthYear"": 1927, ""deathYear"": 2015}]",,"{""timestamp"": ""2026-10-03T15:21:09.440161+00:00"", ""model"": ""gemma-4-12b-it-qat-q4_0.gguf"", ""api_version"": null}"
